"","subject","catalog_number","name_of_class","term","start_date","timestamp","total_of_enrollments"
"1","MATH","1401","Calculus I","Spring 2019",2019-01-22,2018-11-02,11
"2","MATH","2411","Calculus II","Spring 2019",2019-01-22,2018-11-02,2
"3","MATH","2830","Introductory Statistics","Spring 2019",2019-01-22,2018-11-02,2
"4","MATH","1010","Math for Liberal Arts","Spring 2019",2019-01-22,2018-11-03,1
"5","MATH","1401","Calculus I","Spring 2019",2019-01-22,2018-11-03,11
"6","MATH","2411","Calculus II","Spring 2019",2019-01-22,2018-11-03,2
"7","MATH","2830","Introductory Statistics","Spring 2019",2019-01-22,2018-11-03,2
"8","MATH","1010","Math for Liberal Arts","Spring 2019",2019-01-22,2018-11-04,1
"9","MATH","1401","Calculus I","Spring 2019",2019-01-22,2018-11-04,13
"10","MATH","2411","Calculus II","Spring 2019",2019-01-22,2018-11-04,3
"11","MATH","2830","Introductory Statistics","Spring 2019",2019-01-22,2018-11-04,2
"12","MATH","1010","Math for Liberal Arts","Spring 2019",2019-01-22,2018-11-05,1
"13","MATH","1401","Calculus I","Spring 2019",2019-01-22,2018-11-05,13
"14","MATH","2411","Calculus II","Spring 2019",2019-01-22,2018-11-05,3
"15","MATH","2830","Introductory Statistics","Spring 2019",2019-01-22,2018-11-05,2
"16","MATH","1010","Math for Liberal Arts","Spring 2019",2019-01-22,2018-11-06,1
"17","MATH","1401","Calculus I","Spring 2019",2019-01-22,2018-11-06,14
"18","MATH","2411","Calculus II","Spring 2019",2019-01-22,2018-11-06,3
"19","MATH","2830","Introductory Statistics","Spring 2019",2019-01-22,2018-11-06,2
"20","MATH","1010","Math for Liberal Arts","Spring 2019",2019-01-22,2018-11-07,1
"21","MATH","1401","Calculus I","Spring 2019",2019-01-22,2018-11-07,14
"22","MATH","2411","Calculus II","Spring 2019",2019-01-22,2018-11-07,3
"23","MATH","2830","Introductory Statistics","Spring 2019",2019-01-22,2018-11-07,2
"24","MATH","1010","Math for Liberal Arts","Spring 2019",2019-01-22,2018-11-08,1
"25","MATH","1110","College Algebra","Spring 2019",2019-01-22,2018-11-08,1
"26","MATH","1401","Calculus I","Spring 2019",2019-01-22,2018-11-08,20
"27","MATH","2411","Calculus II","Spring 2019",2019-01-22,2018-11-08,4
"28","MATH","2830","Introductory Statistics","Spring 2019",2019-01-22,2018-11-08,3
"29","MATH","1010","Math for Liberal Arts","Spring 2019",2019-01-22,2018-11-09,1
"30","MATH","1110","College Algebra","Spring 2019",2019-01-22,2018-11-09,1
"31","MATH","1401","Calculus I","Spring 2019",2019-01-22,2018-11-09,22
"32","MATH","2411","Calculus II","Spring 2019",2019-01-22,2018-11-09,5
"33","MATH","2830","Introductory Statistics","Spring 2019",2019-01-22,2018-11-09,5
"34","MATH","1010","Math for Liberal Arts","Spring 2019",2019-01-22,2018-11-10,3
"35","MATH","1110","College Algebra","Spring 2019",2019-01-22,2018-11-10,2
"36","MATH","1401","Calculus I","Spring 2019",2019-01-22,2018-11-10,33
"37","MATH","2411","Calculus II","Spring 2019",2019-01-22,2018-11-10,7
"38","MATH","2830","Introductory Statistics","Spring 2019",2019-01-22,2018-11-10,8
"39","MATH","1010","Math for Liberal Arts","Spring 2019",2019-01-22,2018-11-11,3
"40","MATH","1110","College Algebra","Spring 2019",2019-01-22,2018-11-11,2
"41","MATH","1401","Calculus I","Spring 2019",2019-01-22,2018-11-11,35
"42","MATH","2411","Calculus II","Spring 2019",2019-01-22,2018-11-11,7
"43","MATH","2830","Introductory Statistics","Spring 2019",2019-01-22,2018-11-11,8
"44","MATH","1010","Math for Liberal Arts","Spring 2019",2019-01-22,2018-11-12,3
"45","MATH","1110","College Algebra","Spring 2019",2019-01-22,2018-11-12,2
"46","MATH","1401","Calculus I","Spring 2019",2019-01-22,2018-11-12,37
"47","MATH","2411","Calculus II","Spring 2019",2019-01-22,2018-11-12,8
"48","MATH","2830","Introductory Statistics","Spring 2019",2019-01-22,2018-11-12,9
"49","MATH","1010","Math for Liberal Arts","Spring 2019",2019-01-22,2018-11-13,8
"50","MATH","1110","College Algebra","Spring 2019",2019-01-22,2018-11-13,5
"51","MATH","1401","Calculus I","Spring 2019",2019-01-22,2018-11-13,44
"52","MATH","2411","Calculus II","Spring 2019",2019-01-22,2018-11-13,14
"53","MATH","2830","Introductory Statistics","Spring 2019",2019-01-22,2018-11-13,11
"54","MATH","1010","Math for Liberal Arts","Spring 2019",2019-01-22,2018-11-14,11
"55","MATH","1110","College Algebra","Spring 2019",2019-01-22,2018-11-14,7
"56","MATH","1401","Calculus I","Spring 2019",2019-01-22,2018-11-14,54
"57","MATH","2411","Calculus II","Spring 2019",2019-01-22,2018-11-14,22
"58","MATH","2830","Introductory Statistics","Spring 2019",2019-01-22,2018-11-14,14
"59","MATH","1010","Math for Liberal Arts","Spring 2019",2019-01-22,2018-11-15,22
"60","MATH","1110","College Algebra","Spring 2019",2019-01-22,2018-11-15,14
"61","MATH","1401","Calculus I","Spring 2019",2019-01-22,2018-11-15,92
"62","MATH","2411","Calculus II","Spring 2019",2019-01-22,2018-11-15,58
"63","MATH","2830","Introductory Statistics","Spring 2019",2019-01-22,2018-11-15,37
"64","MATH","1010","Math for Liberal Arts","Spring 2019",2019-01-22,2018-11-16,57
"65","MATH","1110","College Algebra","Spring 2019",2019-01-22,2018-11-16,60
"66","MATH","1401","Calculus I","Spring 2019",2019-01-22,2018-11-16,174
"67","MATH","2411","Calculus II","Spring 2019",2019-01-22,2018-11-16,101
"68","MATH","2830","Introductory Statistics","Spring 2019",2019-01-22,2018-11-16,94
"69","MATH","1010","Math for Liberal Arts","Spring 2019",2019-01-22,2018-11-17,60
"70","MATH","1110","College Algebra","Spring 2019",2019-01-22,2018-11-17,67
"71","MATH","1401","Calculus I","Spring 2019",2019-01-22,2018-11-17,180
"72","MATH","2411","Calculus II","Spring 2019",2019-01-22,2018-11-17,107
"73","MATH","2830","Introductory Statistics","Spring 2019",2019-01-22,2018-11-17,99
"74","MATH","1010","Math for Liberal Arts","Spring 2019",2019-01-22,2018-11-18,62
"75","MATH","1110","College Algebra","Spring 2019",2019-01-22,2018-11-18,67
"76","MATH","1401","Calculus I","Spring 2019",2019-01-22,2018-11-18,183
"77","MATH","2411","Calculus II","Spring 2019",2019-01-22,2018-11-18,107
"78","MATH","2830","Introductory Statistics","Spring 2019",2019-01-22,2018-11-18,101
"79","MATH","1010","Math for Liberal Arts","Spring 2019",2019-01-22,2018-11-19,63
"80","MATH","1110","College Algebra","Spring 2019",2019-01-22,2018-11-19,68
"81","MATH","1401","Calculus I","Spring 2019",2019-01-22,2018-11-19,186
"82","MATH","2411","Calculus II","Spring 2019",2019-01-22,2018-11-19,109
"83","MATH","2830","Introductory Statistics","Spring 2019",2019-01-22,2018-11-19,102
"84","MATH","1010","Math for Liberal Arts","Spring 2019",2019-01-22,2018-11-20,64
"85","MATH","1110","College Algebra","Spring 2019",2019-01-22,2018-11-20,73
"86","MATH","1401","Calculus I","Spring 2019",2019-01-22,2018-11-20,192
"87","MATH","2411","Calculus II","Spring 2019",2019-01-22,2018-11-20,114
"88","MATH","2830","Introductory Statistics","Spring 2019",2019-01-22,2018-11-20,103
"89","MATH","1010","Math for Liberal Arts","Spring 2019",2019-01-22,2018-11-21,69
"90","MATH","1110","College Algebra","Spring 2019",2019-01-22,2018-11-21,76
"91","MATH","1401","Calculus I","Spring 2019",2019-01-22,2018-11-21,195
"92","MATH","2411","Calculus II","Spring 2019",2019-01-22,2018-11-21,116
"93","MATH","2830","Introductory Statistics","Spring 2019",2019-01-22,2018-11-21,108
"94","MATH","1010","Math for Liberal Arts","Spring 2019",2019-01-22,2018-11-22,72
"95","MATH","1110","College Algebra","Spring 2019",2019-01-22,2018-11-22,78
"96","MATH","1401","Calculus I","Spring 2019",2019-01-22,2018-11-22,196
"97","MATH","2411","Calculus II","Spring 2019",2019-01-22,2018-11-22,118
"98","MATH","2830","Introductory Statistics","Spring 2019",2019-01-22,2018-11-22,109
"99","MATH","1010","Math for Liberal Arts","Spring 2019",2019-01-22,2018-11-23,72
"100","MATH","1110","College Algebra","Spring 2019",2019-01-22,2018-11-23,79
"101","MATH","1401","Calculus I","Spring 2019",2019-01-22,2018-11-23,198
"102","MATH","2411","Calculus II","Spring 2019",2019-01-22,2018-11-23,118
"103","MATH","2830","Introductory Statistics","Spring 2019",2019-01-22,2018-11-23,108
"104","MATH","1010","Math for Liberal Arts","Spring 2019",2019-01-22,2018-11-24,73
"105","MATH","1110","College Algebra","Spring 2019",2019-01-22,2018-11-24,79
"106","MATH","1401","Calculus I","Spring 2019",2019-01-22,2018-11-24,200
"107","MATH","2411","Calculus II","Spring 2019",2019-01-22,2018-11-24,120
"108","MATH","2830","Introductory Statistics","Spring 2019",2019-01-22,2018-11-24,110
"109","MATH","1010","Math for Liberal Arts","Spring 2019",2019-01-22,2018-11-25,76
"110","MATH","1110","College Algebra","Spring 2019",2019-01-22,2018-11-25,79
"111","MATH","1401","Calculus I","Spring 2019",2019-01-22,2018-11-25,200
"112","MATH","2411","Calculus II","Spring 2019",2019-01-22,2018-11-25,120
"113","MATH","2830","Introductory Statistics","Spring 2019",2019-01-22,2018-11-25,111
"114","MATH","1010","Math for Liberal Arts","Spring 2019",2019-01-22,2018-11-26,76
"115","MATH","1110","College Algebra","Spring 2019",2019-01-22,2018-11-26,79
"116","MATH","1401","Calculus I","Spring 2019",2019-01-22,2018-11-26,200
"117","MATH","2411","Calculus II","Spring 2019",2019-01-22,2018-11-26,121
"118","MATH","2830","Introductory Statistics","Spring 2019",2019-01-22,2018-11-26,112
"119","MATH","1010","Math for Liberal Arts","Spring 2019",2019-01-22,2018-11-27,81
"120","MATH","1110","College Algebra","Spring 2019",2019-01-22,2018-11-27,83
"121","MATH","1401","Calculus I","Spring 2019",2019-01-22,2018-11-27,207
"122","MATH","2411","Calculus II","Spring 2019",2019-01-22,2018-11-27,125
"123","MATH","2830","Introductory Statistics","Spring 2019",2019-01-22,2018-11-27,115
"124","MATH","1010","Math for Liberal Arts","Spring 2019",2019-01-22,2018-11-28,87
"125","MATH","1110","College Algebra","Spring 2019",2019-01-22,2018-11-28,87
"126","MATH","1401","Calculus I","Spring 2019",2019-01-22,2018-11-28,213
"127","MATH","2411","Calculus II","Spring 2019",2019-01-22,2018-11-28,128
"128","MATH","2830","Introductory Statistics","Spring 2019",2019-01-22,2018-11-28,119
"129","MATH","1010","Math for Liberal Arts","Spring 2019",2019-01-22,2018-11-29,93
"130","MATH","1110","College Algebra","Spring 2019",2019-01-22,2018-11-29,89
"131","MATH","1401","Calculus I","Spring 2019",2019-01-22,2018-11-29,214
"132","MATH","2411","Calculus II","Spring 2019",2019-01-22,2018-11-29,131
"133","MATH","2830","Introductory Statistics","Spring 2019",2019-01-22,2018-11-29,123
"134","MATH","1010","Math for Liberal Arts","Spring 2019",2019-01-22,2018-11-30,100
"135","MATH","1110","College Algebra","Spring 2019",2019-01-22,2018-11-30,92
"136","MATH","1401","Calculus I","Spring 2019",2019-01-22,2018-11-30,218
"137","MATH","2411","Calculus II","Spring 2019",2019-01-22,2018-11-30,134
"138","MATH","2830","Introductory Statistics","Spring 2019",2019-01-22,2018-11-30,127
"139","MATH","1010","Math for Liberal Arts","Spring 2019",2019-01-22,2018-12-01,103
"140","MATH","1110","College Algebra","Spring 2019",2019-01-22,2018-12-01,95
"141","MATH","1401","Calculus I","Spring 2019",2019-01-22,2018-12-01,218
"142","MATH","2411","Calculus II","Spring 2019",2019-01-22,2018-12-01,136
"143","MATH","2830","Introductory Statistics","Spring 2019",2019-01-22,2018-12-01,129
"144","MATH","1010","Math for Liberal Arts","Spring 2019",2019-01-22,2018-12-02,108
"145","MATH","1110","College Algebra","Spring 2019",2019-01-22,2018-12-02,97
"146","MATH","1401","Calculus I","Spring 2019",2019-01-22,2018-12-02,221
"147","MATH","2411","Calculus II","Spring 2019",2019-01-22,2018-12-02,137
"148","MATH","2830","Introductory Statistics","Spring 2019",2019-01-22,2018-12-02,130
"149","MATH","1010","Math for Liberal Arts","Spring 2019",2019-01-22,2018-12-03,109
"150","MATH","1110","College Algebra","Spring 2019",2019-01-22,2018-12-03,98
"151","MATH","1401","Calculus I","Spring 2019",2019-01-22,2018-12-03,222
"152","MATH","2411","Calculus II","Spring 2019",2019-01-22,2018-12-03,139
"153","MATH","2830","Introductory Statistics","Spring 2019",2019-01-22,2018-12-03,131
"154","MATH","1010","Math for Liberal Arts","Spring 2019",2019-01-22,2018-12-04,114
"155","MATH","1110","College Algebra","Spring 2019",2019-01-22,2018-12-04,102
"156","MATH","1401","Calculus I","Spring 2019",2019-01-22,2018-12-04,225
"157","MATH","2411","Calculus II","Spring 2019",2019-01-22,2018-12-04,142
"158","MATH","2830","Introductory Statistics","Spring 2019",2019-01-22,2018-12-04,134
"159","MATH","1010","Math for Liberal Arts","Spring 2019",2019-01-22,2018-12-05,116
"160","MATH","1110","College Algebra","Spring 2019",2019-01-22,2018-12-05,103
"161","MATH","1401","Calculus I","Spring 2019",2019-01-22,2018-12-05,227
"162","MATH","2411","Calculus II","Spring 2019",2019-01-22,2018-12-05,148
"163","MATH","2830","Introductory Statistics","Spring 2019",2019-01-22,2018-12-05,135
"164","MATH","1010","Math for Liberal Arts","Spring 2019",2019-01-22,2018-12-06,120
"165","MATH","1110","College Algebra","Spring 2019",2019-01-22,2018-12-06,102
"166","MATH","1401","Calculus I","Spring 2019",2019-01-22,2018-12-06,229
"167","MATH","2411","Calculus II","Spring 2019",2019-01-22,2018-12-06,150
"168","MATH","2830","Introductory Statistics","Spring 2019",2019-01-22,2018-12-06,137
"169","MATH","1010","Math for Liberal Arts","Spring 2019",2019-01-22,2018-12-07,121
"170","MATH","1110","College Algebra","Spring 2019",2019-01-22,2018-12-07,104
"171","MATH","1401","Calculus I","Spring 2019",2019-01-22,2018-12-07,231
"172","MATH","2411","Calculus II","Spring 2019",2019-01-22,2018-12-07,149
"173","MATH","2830","Introductory Statistics","Spring 2019",2019-01-22,2018-12-07,139
"174","MATH","1010","Math for Liberal Arts","Spring 2019",2019-01-22,2018-12-08,123
"175","MATH","1110","College Algebra","Spring 2019",2019-01-22,2018-12-08,104
"176","MATH","1401","Calculus I","Spring 2019",2019-01-22,2018-12-08,231
"177","MATH","2411","Calculus II","Spring 2019",2019-01-22,2018-12-08,150
"178","MATH","2830","Introductory Statistics","Spring 2019",2019-01-22,2018-12-08,142
"179","MATH","1010","Math for Liberal Arts","Spring 2019",2019-01-22,2018-12-10,127
"180","MATH","1110","College Algebra","Spring 2019",2019-01-22,2018-12-10,105
"181","MATH","1401","Calculus I","Spring 2019",2019-01-22,2018-12-10,232
"182","MATH","2411","Calculus II","Spring 2019",2019-01-22,2018-12-10,151
"183","MATH","2830","Introductory Statistics","Spring 2019",2019-01-22,2018-12-10,145
"184","MATH","1010","Math for Liberal Arts","Spring 2019",2019-01-22,2018-12-11,131
"185","MATH","1110","College Algebra","Spring 2019",2019-01-22,2018-12-11,107
"186","MATH","1401","Calculus I","Spring 2019",2019-01-22,2018-12-11,233
"187","MATH","2411","Calculus II","Spring 2019",2019-01-22,2018-12-11,150
"188","MATH","2830","Introductory Statistics","Spring 2019",2019-01-22,2018-12-11,146
"189","MATH","1010","Math for Liberal Arts","Spring 2019",2019-01-22,2018-12-12,133
"190","MATH","1110","College Algebra","Spring 2019",2019-01-22,2018-12-12,111
"191","MATH","1401","Calculus I","Spring 2019",2019-01-22,2018-12-12,236
"192","MATH","2411","Calculus II","Spring 2019",2019-01-22,2018-12-12,150
"193","MATH","2830","Introductory Statistics","Spring 2019",2019-01-22,2018-12-12,147
"194","MATH","1010","Math for Liberal Arts","Spring 2019",2019-01-22,2018-12-13,138
"195","MATH","1110","College Algebra","Spring 2019",2019-01-22,2018-12-13,114
"196","MATH","1401","Calculus I","Spring 2019",2019-01-22,2018-12-13,241
"197","MATH","2411","Calculus II","Spring 2019",2019-01-22,2018-12-13,154
"198","MATH","2830","Introductory Statistics","Spring 2019",2019-01-22,2018-12-13,148
"199","MATH","1010","Math for Liberal Arts","Spring 2019",2019-01-22,2018-12-14,140
"200","MATH","1110","College Algebra","Spring 2019",2019-01-22,2018-12-14,116
"201","MATH","1401","Calculus I","Spring 2019",2019-01-22,2018-12-14,239
"202","MATH","2411","Calculus II","Spring 2019",2019-01-22,2018-12-14,153
"203","MATH","2830","Introductory Statistics","Spring 2019",2019-01-22,2018-12-14,147
"204","MATH","1010","Math for Liberal Arts","Spring 2019",2019-01-22,2018-12-15,141
"205","MATH","1110","College Algebra","Spring 2019",2019-01-22,2018-12-15,118
"206","MATH","1401","Calculus I","Spring 2019",2019-01-22,2018-12-15,246
"207","MATH","2411","Calculus II","Spring 2019",2019-01-22,2018-12-15,157
"208","MATH","2830","Introductory Statistics","Spring 2019",2019-01-22,2018-12-15,149
"209","MATH","1010","Math for Liberal Arts","Spring 2019",2019-01-22,2018-12-16,144
"210","MATH","1110","College Algebra","Spring 2019",2019-01-22,2018-12-16,119
"211","MATH","1401","Calculus I","Spring 2019",2019-01-22,2018-12-16,247
"212","MATH","2411","Calculus II","Spring 2019",2019-01-22,2018-12-16,157
"213","MATH","2830","Introductory Statistics","Spring 2019",2019-01-22,2018-12-16,150
"214","MATH","1010","Math for Liberal Arts","Spring 2019",2019-01-22,2018-12-17,146
"215","MATH","1110","College Algebra","Spring 2019",2019-01-22,2018-12-17,119
"216","MATH","1401","Calculus I","Spring 2019",2019-01-22,2018-12-17,248
"217","MATH","2411","Calculus II","Spring 2019",2019-01-22,2018-12-17,159
"218","MATH","2830","Introductory Statistics","Spring 2019",2019-01-22,2018-12-17,149
"219","MATH","1010","Math for Liberal Arts","Spring 2019",2019-01-22,2018-12-18,149
"220","MATH","1110","College Algebra","Spring 2019",2019-01-22,2018-12-18,122
"221","MATH","1401","Calculus I","Spring 2019",2019-01-22,2018-12-18,250
"222","MATH","2411","Calculus II","Spring 2019",2019-01-22,2018-12-18,161
"223","MATH","2830","Introductory Statistics","Spring 2019",2019-01-22,2018-12-18,154
"224","MATH","1010","Math for Liberal Arts","Spring 2019",2019-01-22,2018-12-19,150
"225","MATH","1110","College Algebra","Spring 2019",2019-01-22,2018-12-19,124
"226","MATH","1401","Calculus I","Spring 2019",2019-01-22,2018-12-19,251
"227","MATH","2411","Calculus II","Spring 2019",2019-01-22,2018-12-19,160
"228","MATH","2830","Introductory Statistics","Spring 2019",2019-01-22,2018-12-19,155
"229","MATH","1010","Math for Liberal Arts","Spring 2019",2019-01-22,2018-12-20,150
"230","MATH","1110","College Algebra","Spring 2019",2019-01-22,2018-12-20,126
"231","MATH","1401","Calculus I","Spring 2019",2019-01-22,2018-12-20,251
"232","MATH","2411","Calculus II","Spring 2019",2019-01-22,2018-12-20,161
"233","MATH","2830","Introductory Statistics","Spring 2019",2019-01-22,2018-12-20,157
"234","MATH","1010","Math for Liberal Arts","Spring 2019",2019-01-22,2018-12-21,152
"235","MATH","1110","College Algebra","Spring 2019",2019-01-22,2018-12-21,130
"236","MATH","1401","Calculus I","Spring 2019",2019-01-22,2018-12-21,251
"237","MATH","2411","Calculus II","Spring 2019",2019-01-22,2018-12-21,163
"238","MATH","2830","Introductory Statistics","Spring 2019",2019-01-22,2018-12-21,159
"239","MATH","1010","Math for Liberal Arts","Spring 2019",2019-01-22,2018-12-22,153
"240","MATH","1110","College Algebra","Spring 2019",2019-01-22,2018-12-22,134
"241","MATH","1401","Calculus I","Spring 2019",2019-01-22,2018-12-22,251
"242","MATH","2411","Calculus II","Spring 2019",2019-01-22,2018-12-22,161
"243","MATH","2830","Introductory Statistics","Spring 2019",2019-01-22,2018-12-22,159
"244","MATH","1010","Math for Liberal Arts","Spring 2019",2019-01-22,2018-12-23,153
"245","MATH","1110","College Algebra","Spring 2019",2019-01-22,2018-12-23,134
"246","MATH","1401","Calculus I","Spring 2019",2019-01-22,2018-12-23,251
"247","MATH","2411","Calculus II","Spring 2019",2019-01-22,2018-12-23,164
"248","MATH","2830","Introductory Statistics","Spring 2019",2019-01-22,2018-12-23,159
"249","MATH","1010","Math for Liberal Arts","Spring 2019",2019-01-22,2018-12-24,155
"250","MATH","1110","College Algebra","Spring 2019",2019-01-22,2018-12-24,138
"251","MATH","1401","Calculus I","Spring 2019",2019-01-22,2018-12-24,251
"252","MATH","2411","Calculus II","Spring 2019",2019-01-22,2018-12-24,165
"253","MATH","2830","Introductory Statistics","Spring 2019",2019-01-22,2018-12-24,157
"254","MATH","1010","Math for Liberal Arts","Spring 2019",2019-01-22,2018-12-25,155
"255","MATH","1110","College Algebra","Spring 2019",2019-01-22,2018-12-25,138
"256","MATH","1401","Calculus I","Spring 2019",2019-01-22,2018-12-25,251
"257","MATH","2411","Calculus II","Spring 2019",2019-01-22,2018-12-25,166
"258","MATH","2830","Introductory Statistics","Spring 2019",2019-01-22,2018-12-25,157
"259","MATH","1010","Math for Liberal Arts","Spring 2019",2019-01-22,2018-12-26,156
"260","MATH","1110","College Algebra","Spring 2019",2019-01-22,2018-12-26,139
"261","MATH","1401","Calculus I","Spring 2019",2019-01-22,2018-12-26,251
"262","MATH","2411","Calculus II","Spring 2019",2019-01-22,2018-12-26,167
"263","MATH","2830","Introductory Statistics","Spring 2019",2019-01-22,2018-12-26,157
"264","MATH","1010","Math for Liberal Arts","Spring 2019",2019-01-22,2018-12-27,156
"265","MATH","1110","College Algebra","Spring 2019",2019-01-22,2018-12-27,141
"266","MATH","1401","Calculus I","Spring 2019",2019-01-22,2018-12-27,251
"267","MATH","2411","Calculus II","Spring 2019",2019-01-22,2018-12-27,166
"268","MATH","2830","Introductory Statistics","Spring 2019",2019-01-22,2018-12-27,158
"269","MATH","1010","Math for Liberal Arts","Spring 2019",2019-01-22,2018-12-28,156
"270","MATH","1110","College Algebra","Spring 2019",2019-01-22,2018-12-28,143
"271","MATH","1401","Calculus I","Spring 2019",2019-01-22,2018-12-28,251
"272","MATH","2411","Calculus II","Spring 2019",2019-01-22,2018-12-28,168
"273","MATH","2830","Introductory Statistics","Spring 2019",2019-01-22,2018-12-28,159
"274","MATH","1010","Math for Liberal Arts","Spring 2019",2019-01-22,2018-12-29,156
"275","MATH","1110","College Algebra","Spring 2019",2019-01-22,2018-12-29,145
"276","MATH","1401","Calculus I","Spring 2019",2019-01-22,2018-12-29,251
"277","MATH","2411","Calculus II","Spring 2019",2019-01-22,2018-12-29,168
"278","MATH","2830","Introductory Statistics","Spring 2019",2019-01-22,2018-12-29,159
"279","MATH","1010","Math for Liberal Arts","Spring 2019",2019-01-22,2018-12-30,157
"280","MATH","1110","College Algebra","Spring 2019",2019-01-22,2018-12-30,145
"281","MATH","1401","Calculus I","Spring 2019",2019-01-22,2018-12-30,251
"282","MATH","2411","Calculus II","Spring 2019",2019-01-22,2018-12-30,168
"283","MATH","2830","Introductory Statistics","Spring 2019",2019-01-22,2018-12-30,158
"284","MATH","1010","Math for Liberal Arts","Spring 2019",2019-01-22,2018-12-31,157
"285","MATH","1110","College Algebra","Spring 2019",2019-01-22,2018-12-31,146
"286","MATH","1401","Calculus I","Spring 2019",2019-01-22,2018-12-31,251
"287","MATH","2411","Calculus II","Spring 2019",2019-01-22,2018-12-31,168
"288","MATH","2830","Introductory Statistics","Spring 2019",2019-01-22,2018-12-31,159
"289","MATH","1010","Math for Liberal Arts","Spring 2019",2019-01-22,2019-01-01,160
"290","MATH","1110","College Algebra","Spring 2019",2019-01-22,2019-01-01,147
"291","MATH","1401","Calculus I","Spring 2019",2019-01-22,2019-01-01,251
"292","MATH","2411","Calculus II","Spring 2019",2019-01-22,2019-01-01,168
"293","MATH","2830","Introductory Statistics","Spring 2019",2019-01-22,2019-01-01,160
"294","MATH","1010","Math for Liberal Arts","Spring 2019",2019-01-22,2019-01-02,160
"295","MATH","1110","College Algebra","Spring 2019",2019-01-22,2019-01-02,147
"296","MATH","1401","Calculus I","Spring 2019",2019-01-22,2019-01-02,251
"297","MATH","2411","Calculus II","Spring 2019",2019-01-22,2019-01-02,168
"298","MATH","2830","Introductory Statistics","Spring 2019",2019-01-22,2019-01-02,159
"299","MATH","1010","Math for Liberal Arts","Spring 2019",2019-01-22,2019-01-03,160
"300","MATH","1110","College Algebra","Spring 2019",2019-01-22,2019-01-03,142
"301","MATH","1401","Calculus I","Spring 2019",2019-01-22,2019-01-03,256
"302","MATH","2411","Calculus II","Spring 2019",2019-01-22,2019-01-03,169
"303","MATH","2830","Introductory Statistics","Spring 2019",2019-01-22,2019-01-03,160
"304","MATH","1010","Math for Liberal Arts","Spring 2019",2019-01-22,2019-01-04,160
"305","MATH","1110","College Algebra","Spring 2019",2019-01-22,2019-01-04,141
"306","MATH","1401","Calculus I","Spring 2019",2019-01-22,2019-01-04,258
"307","MATH","2411","Calculus II","Spring 2019",2019-01-22,2019-01-04,170
"308","MATH","2830","Introductory Statistics","Spring 2019",2019-01-22,2019-01-04,160
"309","MATH","1010","Math for Liberal Arts","Spring 2019",2019-01-22,2019-01-05,164
"310","MATH","1110","College Algebra","Spring 2019",2019-01-22,2019-01-05,146
"311","MATH","1401","Calculus I","Spring 2019",2019-01-22,2019-01-05,260
"312","MATH","2411","Calculus II","Spring 2019",2019-01-22,2019-01-05,171
"313","MATH","2830","Introductory Statistics","Spring 2019",2019-01-22,2019-01-05,161
"314","MATH","1010","Math for Liberal Arts","Spring 2019",2019-01-22,2019-01-06,165
"315","MATH","1110","College Algebra","Spring 2019",2019-01-22,2019-01-06,147
"316","MATH","1401","Calculus I","Spring 2019",2019-01-22,2019-01-06,260
"317","MATH","2411","Calculus II","Spring 2019",2019-01-22,2019-01-06,171
"318","MATH","2830","Introductory Statistics","Spring 2019",2019-01-22,2019-01-06,162
"319","MATH","1010","Math for Liberal Arts","Spring 2019",2019-01-22,2019-01-07,168
"320","MATH","1110","College Algebra","Spring 2019",2019-01-22,2019-01-07,148
"321","MATH","1401","Calculus I","Spring 2019",2019-01-22,2019-01-07,260
"322","MATH","2411","Calculus II","Spring 2019",2019-01-22,2019-01-07,171
"323","MATH","2830","Introductory Statistics","Spring 2019",2019-01-22,2019-01-07,164
"324","MATH","1010","Math for Liberal Arts","Spring 2019",2019-01-22,2019-01-08,175
"325","MATH","1110","College Algebra","Spring 2019",2019-01-22,2019-01-08,154
"326","MATH","1401","Calculus I","Spring 2019",2019-01-22,2019-01-08,262
"327","MATH","2411","Calculus II","Spring 2019",2019-01-22,2019-01-08,175
"328","MATH","2830","Introductory Statistics","Spring 2019",2019-01-22,2019-01-08,168
"329","MATH","1010","Math for Liberal Arts","Spring 2019",2019-01-22,2019-01-09,166
"330","MATH","1110","College Algebra","Spring 2019",2019-01-22,2019-01-09,150
"331","MATH","1401","Calculus I","Spring 2019",2019-01-22,2019-01-09,262
"332","MATH","2411","Calculus II","Spring 2019",2019-01-22,2019-01-09,177
"333","MATH","2830","Introductory Statistics","Spring 2019",2019-01-22,2019-01-09,168
"334","MATH","1010","Math for Liberal Arts","Spring 2019",2019-01-22,2019-01-10,167
"335","MATH","1110","College Algebra","Spring 2019",2019-01-22,2019-01-10,153
"336","MATH","1401","Calculus I","Spring 2019",2019-01-22,2019-01-10,260
"337","MATH","2411","Calculus II","Spring 2019",2019-01-22,2019-01-10,179
"338","MATH","2830","Introductory Statistics","Spring 2019",2019-01-22,2019-01-10,169
"339","MATH","1010","Math for Liberal Arts","Spring 2019",2019-01-22,2019-01-11,170
"340","MATH","1110","College Algebra","Spring 2019",2019-01-22,2019-01-11,157
"341","MATH","1401","Calculus I","Spring 2019",2019-01-22,2019-01-11,261
"342","MATH","2411","Calculus II","Spring 2019",2019-01-22,2019-01-11,180
"343","MATH","2830","Introductory Statistics","Spring 2019",2019-01-22,2019-01-11,170
"344","MATH","1010","Math for Liberal Arts","Spring 2019",2019-01-22,2019-01-12,173
"345","MATH","1110","College Algebra","Spring 2019",2019-01-22,2019-01-12,160
"346","MATH","1401","Calculus I","Spring 2019",2019-01-22,2019-01-12,263
"347","MATH","2411","Calculus II","Spring 2019",2019-01-22,2019-01-12,182
"348","MATH","2830","Introductory Statistics","Spring 2019",2019-01-22,2019-01-12,171
"349","MATH","1010","Math for Liberal Arts","Spring 2019",2019-01-22,2019-01-13,173
"350","MATH","1110","College Algebra","Spring 2019",2019-01-22,2019-01-13,161
"351","MATH","1401","Calculus I","Spring 2019",2019-01-22,2019-01-13,263
"352","MATH","2411","Calculus II","Spring 2019",2019-01-22,2019-01-13,184
"353","MATH","2830","Introductory Statistics","Spring 2019",2019-01-22,2019-01-13,170
"354","MATH","1010","Math for Liberal Arts","Spring 2019",2019-01-22,2019-01-14,176
"355","MATH","1110","College Algebra","Spring 2019",2019-01-22,2019-01-14,164
"356","MATH","1401","Calculus I","Spring 2019",2019-01-22,2019-01-14,263
"357","MATH","2411","Calculus II","Spring 2019",2019-01-22,2019-01-14,184
"358","MATH","2830","Introductory Statistics","Spring 2019",2019-01-22,2019-01-14,173
"359","MATH","1010","Math for Liberal Arts","Spring 2019",2019-01-22,2019-01-15,179
"360","MATH","1110","College Algebra","Spring 2019",2019-01-22,2019-01-15,167
"361","MATH","1401","Calculus I","Spring 2019",2019-01-22,2019-01-15,263
"362","MATH","2411","Calculus II","Spring 2019",2019-01-22,2019-01-15,187
"363","MATH","2830","Introductory Statistics","Spring 2019",2019-01-22,2019-01-15,174
"364","MATH","1010","Math for Liberal Arts","Spring 2019",2019-01-22,2019-01-16,181
"365","MATH","1110","College Algebra","Spring 2019",2019-01-22,2019-01-16,171
"366","MATH","1401","Calculus I","Spring 2019",2019-01-22,2019-01-16,265
"367","MATH","2411","Calculus II","Spring 2019",2019-01-22,2019-01-16,188
"368","MATH","2830","Introductory Statistics","Spring 2019",2019-01-22,2019-01-16,176
"369","MATH","1010","Math for Liberal Arts","Spring 2019",2019-01-22,2019-01-17,183
"370","MATH","1110","College Algebra","Spring 2019",2019-01-22,2019-01-17,173
"371","MATH","1401","Calculus I","Spring 2019",2019-01-22,2019-01-17,265
"372","MATH","2411","Calculus II","Spring 2019",2019-01-22,2019-01-17,189
"373","MATH","2830","Introductory Statistics","Spring 2019",2019-01-22,2019-01-17,179
"374","MATH","1010","Math for Liberal Arts","Spring 2019",2019-01-22,2019-01-18,184
"375","MATH","1110","College Algebra","Spring 2019",2019-01-22,2019-01-18,180
"376","MATH","1401","Calculus I","Spring 2019",2019-01-22,2019-01-18,268
"377","MATH","2411","Calculus II","Spring 2019",2019-01-22,2019-01-18,190
"378","MATH","2830","Introductory Statistics","Spring 2019",2019-01-22,2019-01-18,180
"379","MATH","1010","Math for Liberal Arts","Spring 2019",2019-01-22,2019-01-21,189
"380","MATH","1110","College Algebra","Spring 2019",2019-01-22,2019-01-21,187
"381","MATH","1401","Calculus I","Spring 2019",2019-01-22,2019-01-21,269
"382","MATH","2411","Calculus II","Spring 2019",2019-01-22,2019-01-21,193
"383","MATH","2830","Introductory Statistics","Spring 2019",2019-01-22,2019-01-21,180
"384","MATH","1010","Math for Liberal Arts","Spring 2019",2019-01-22,2019-01-22,190
"385","MATH","1110","College Algebra","Spring 2019",2019-01-22,2019-01-22,194
"386","MATH","1401","Calculus I","Spring 2019",2019-01-22,2019-01-22,271
"387","MATH","2411","Calculus II","Spring 2019",2019-01-22,2019-01-22,199
"388","MATH","2830","Introductory Statistics","Spring 2019",2019-01-22,2019-01-22,180
"389","MATH","1010","Math for Liberal Arts","Spring 2019",2019-01-22,2019-01-23,187
"390","MATH","1110","College Algebra","Spring 2019",2019-01-22,2019-01-23,197
"391","MATH","1401","Calculus I","Spring 2019",2019-01-22,2019-01-23,273
"392","MATH","2411","Calculus II","Spring 2019",2019-01-22,2019-01-23,200
"393","MATH","2830","Introductory Statistics","Spring 2019",2019-01-22,2019-01-23,179
"394","MATH","1010","Math for Liberal Arts","Spring 2019",2019-01-22,2019-01-24,187
"395","MATH","1110","College Algebra","Spring 2019",2019-01-22,2019-01-24,197
"396","MATH","1401","Calculus I","Spring 2019",2019-01-22,2019-01-24,275
"397","MATH","2411","Calculus II","Spring 2019",2019-01-22,2019-01-24,199
"398","MATH","2830","Introductory Statistics","Spring 2019",2019-01-22,2019-01-24,176
"399","MATH","1010","Math for Liberal Arts","Spring 2019",2019-01-22,2019-01-25,191
"400","MATH","1110","College Algebra","Spring 2019",2019-01-22,2019-01-25,197
"401","MATH","1401","Calculus I","Spring 2019",2019-01-22,2019-01-25,276
"402","MATH","2411","Calculus II","Spring 2019",2019-01-22,2019-01-25,200
"403","MATH","2830","Introductory Statistics","Spring 2019",2019-01-22,2019-01-25,175
"404","MATH","1010","Math for Liberal Arts","Spring 2019",2019-01-22,2019-01-26,190
"405","MATH","1110","College Algebra","Spring 2019",2019-01-22,2019-01-26,202
"406","MATH","1401","Calculus I","Spring 2019",2019-01-22,2019-01-26,277
"407","MATH","2411","Calculus II","Spring 2019",2019-01-22,2019-01-26,200
"408","MATH","2830","Introductory Statistics","Spring 2019",2019-01-22,2019-01-26,176
"409","MATH","1010","Math for Liberal Arts","Spring 2019",2019-01-22,2019-01-27,190
"410","MATH","1110","College Algebra","Spring 2019",2019-01-22,2019-01-27,202
"411","MATH","1401","Calculus I","Spring 2019",2019-01-22,2019-01-27,275
"412","MATH","2411","Calculus II","Spring 2019",2019-01-22,2019-01-27,201
"413","MATH","2830","Introductory Statistics","Spring 2019",2019-01-22,2019-01-27,176
"414","MATH","1010","Math for Liberal Arts","Spring 2019",2019-01-22,2019-01-28,190
"415","MATH","1110","College Algebra","Spring 2019",2019-01-22,2019-01-28,202
"416","MATH","1401","Calculus I","Spring 2019",2019-01-22,2019-01-28,276
"417","MATH","2411","Calculus II","Spring 2019",2019-01-22,2019-01-28,202
"418","MATH","2830","Introductory Statistics","Spring 2019",2019-01-22,2019-01-28,176
"419","MATH","1010","Math for Liberal Arts","Spring 2019",2019-01-22,2019-01-29,188
"420","MATH","1110","College Algebra","Spring 2019",2019-01-22,2019-01-29,200
"421","MATH","1401","Calculus I","Spring 2019",2019-01-22,2019-01-29,274
"422","MATH","2411","Calculus II","Spring 2019",2019-01-22,2019-01-29,201
"423","MATH","2830","Introductory Statistics","Spring 2019",2019-01-22,2019-01-29,175
"424","MATH","1010","Math for Liberal Arts","Spring 2019",2019-01-22,2019-01-30,188
"425","MATH","1110","College Algebra","Spring 2019",2019-01-22,2019-01-30,200
"426","MATH","1401","Calculus I","Spring 2019",2019-01-22,2019-01-30,275
"427","MATH","2411","Calculus II","Spring 2019",2019-01-22,2019-01-30,202
"428","MATH","2830","Introductory Statistics","Spring 2019",2019-01-22,2019-01-30,175
"429","MATH","1010","Math for Liberal Arts","Spring 2019",2019-01-22,2019-01-31,189
"430","MATH","1110","College Algebra","Spring 2019",2019-01-22,2019-01-31,199
"431","MATH","1401","Calculus I","Spring 2019",2019-01-22,2019-01-31,278
"432","MATH","2411","Calculus II","Spring 2019",2019-01-22,2019-01-31,201
"433","MATH","2830","Introductory Statistics","Spring 2019",2019-01-22,2019-01-31,174
"434","MATH","1010","Math for Liberal Arts","Spring 2019",2019-01-22,2019-02-01,188
"435","MATH","1110","College Algebra","Spring 2019",2019-01-22,2019-02-01,199
"436","MATH","1401","Calculus I","Spring 2019",2019-01-22,2019-02-01,280
"437","MATH","2411","Calculus II","Spring 2019",2019-01-22,2019-02-01,201
"438","MATH","2830","Introductory Statistics","Spring 2019",2019-01-22,2019-02-01,174
"439","MATH","1010","Math for Liberal Arts","Spring 2019",2019-01-22,2019-02-02,188
"440","MATH","1110","College Algebra","Spring 2019",2019-01-22,2019-02-02,198
"441","MATH","1401","Calculus I","Spring 2019",2019-01-22,2019-02-02,280
"442","MATH","2411","Calculus II","Spring 2019",2019-01-22,2019-02-02,201
"443","MATH","2830","Introductory Statistics","Spring 2019",2019-01-22,2019-02-02,174
"444","MATH","1010","Math for Liberal Arts","Spring 2019",2019-01-22,2019-02-03,188
"445","MATH","1110","College Algebra","Spring 2019",2019-01-22,2019-02-03,198
"446","MATH","1401","Calculus I","Spring 2019",2019-01-22,2019-02-03,280
"447","MATH","2411","Calculus II","Spring 2019",2019-01-22,2019-02-03,201
"448","MATH","2830","Introductory Statistics","Spring 2019",2019-01-22,2019-02-03,174
"449","MATH","1010","Math for Liberal Arts","Spring 2019",2019-01-22,2019-02-04,188
"450","MATH","1110","College Algebra","Spring 2019",2019-01-22,2019-02-04,196
"451","MATH","1401","Calculus I","Spring 2019",2019-01-22,2019-02-04,280
"452","MATH","2411","Calculus II","Spring 2019",2019-01-22,2019-02-04,201
"453","MATH","2830","Introductory Statistics","Spring 2019",2019-01-22,2019-02-04,174
"454","MATH","1010","Math for Liberal Arts","Spring 2019",2019-01-22,2019-02-05,188
"455","MATH","1110","College Algebra","Spring 2019",2019-01-22,2019-02-05,195
"456","MATH","1401","Calculus I","Spring 2019",2019-01-22,2019-02-05,280
"457","MATH","2411","Calculus II","Spring 2019",2019-01-22,2019-02-05,201
"458","MATH","2830","Introductory Statistics","Spring 2019",2019-01-22,2019-02-05,174
"459","MATH","1010","Math for Liberal Arts","Spring 2019",2019-01-22,2019-02-06,188
"460","MATH","1110","College Algebra","Spring 2019",2019-01-22,2019-02-06,195
"461","MATH","1401","Calculus I","Spring 2019",2019-01-22,2019-02-06,281
"462","MATH","2411","Calculus II","Spring 2019",2019-01-22,2019-02-06,202
"463","MATH","2830","Introductory Statistics","Spring 2019",2019-01-22,2019-02-06,173
"464","MATH","1010","Math for Liberal Arts","Spring 2019",2019-01-22,2019-02-07,188
"465","MATH","1110","College Algebra","Spring 2019",2019-01-22,2019-02-07,195
"466","MATH","1401","Calculus I","Spring 2019",2019-01-22,2019-02-07,280
"467","MATH","2411","Calculus II","Spring 2019",2019-01-22,2019-02-07,199
"468","MATH","2830","Introductory Statistics","Spring 2019",2019-01-22,2019-02-07,173
"469","MATH","1010","Math for Liberal Arts","Spring 2019",2019-01-22,2019-02-08,188
"470","MATH","1110","College Algebra","Spring 2019",2019-01-22,2019-02-08,195
"471","MATH","1401","Calculus I","Spring 2019",2019-01-22,2019-02-08,280
"472","MATH","2411","Calculus II","Spring 2019",2019-01-22,2019-02-08,199
"473","MATH","2830","Introductory Statistics","Spring 2019",2019-01-22,2019-02-08,173
"474","MATH","1401","Calculus I","Fall 2019",2019-08-19,2019-04-01,1
"475","MATH","2411","Calculus II","Fall 2019",2019-08-19,2019-04-01,1
"476","MATH","2830","Introductory Statistics","Fall 2019",2019-08-19,2019-04-01,2
"477","MATH","1010","Math for Liberal Arts","Fall 2019",2019-08-19,2019-04-02,2
"478","MATH","1110","College Algebra","Fall 2019",2019-08-19,2019-04-02,1
"479","MATH","1401","Calculus I","Fall 2019",2019-08-19,2019-04-02,2
"480","MATH","2411","Calculus II","Fall 2019",2019-08-19,2019-04-02,11
"481","MATH","2830","Introductory Statistics","Fall 2019",2019-08-19,2019-04-02,3
"482","MATH","1010","Math for Liberal Arts","Fall 2019",2019-08-19,2019-04-03,2
"483","MATH","1110","College Algebra","Fall 2019",2019-08-19,2019-04-03,1
"484","MATH","1401","Calculus I","Fall 2019",2019-08-19,2019-04-03,2
"485","MATH","2411","Calculus II","Fall 2019",2019-08-19,2019-04-03,11
"486","MATH","2830","Introductory Statistics","Fall 2019",2019-08-19,2019-04-03,4
"487","MATH","1010","Math for Liberal Arts","Fall 2019",2019-08-19,2019-04-04,2
"488","MATH","1110","College Algebra","Fall 2019",2019-08-19,2019-04-04,1
"489","MATH","1401","Calculus I","Fall 2019",2019-08-19,2019-04-04,2
"490","MATH","2411","Calculus II","Fall 2019",2019-08-19,2019-04-04,14
"491","MATH","2830","Introductory Statistics","Fall 2019",2019-08-19,2019-04-04,5
"492","MATH","1010","Math for Liberal Arts","Fall 2019",2019-08-19,2019-04-05,2
"493","MATH","1110","College Algebra","Fall 2019",2019-08-19,2019-04-05,1
"494","MATH","1401","Calculus I","Fall 2019",2019-08-19,2019-04-05,4
"495","MATH","2411","Calculus II","Fall 2019",2019-08-19,2019-04-05,15
"496","MATH","2830","Introductory Statistics","Fall 2019",2019-08-19,2019-04-05,5
"497","MATH","1010","Math for Liberal Arts","Fall 2019",2019-08-19,2019-04-06,2
"498","MATH","1110","College Algebra","Fall 2019",2019-08-19,2019-04-06,1
"499","MATH","1401","Calculus I","Fall 2019",2019-08-19,2019-04-06,5
"500","MATH","2411","Calculus II","Fall 2019",2019-08-19,2019-04-06,15
"501","MATH","2830","Introductory Statistics","Fall 2019",2019-08-19,2019-04-06,5
"502","MATH","1010","Math for Liberal Arts","Fall 2019",2019-08-19,2019-04-07,2
"503","MATH","1110","College Algebra","Fall 2019",2019-08-19,2019-04-07,1
"504","MATH","1401","Calculus I","Fall 2019",2019-08-19,2019-04-07,6
"505","MATH","2411","Calculus II","Fall 2019",2019-08-19,2019-04-07,15
"506","MATH","2830","Introductory Statistics","Fall 2019",2019-08-19,2019-04-07,5
"507","MATH","1010","Math for Liberal Arts","Fall 2019",2019-08-19,2019-04-08,2
"508","MATH","1110","College Algebra","Fall 2019",2019-08-19,2019-04-08,1
"509","MATH","1401","Calculus I","Fall 2019",2019-08-19,2019-04-08,7
"510","MATH","2411","Calculus II","Fall 2019",2019-08-19,2019-04-08,15
"511","MATH","2830","Introductory Statistics","Fall 2019",2019-08-19,2019-04-08,6
"512","MATH","1010","Math for Liberal Arts","Fall 2019",2019-08-19,2019-04-09,2
"513","MATH","1110","College Algebra","Fall 2019",2019-08-19,2019-04-09,1
"514","MATH","1401","Calculus I","Fall 2019",2019-08-19,2019-04-09,10
"515","MATH","2411","Calculus II","Fall 2019",2019-08-19,2019-04-09,15
"516","MATH","2830","Introductory Statistics","Fall 2019",2019-08-19,2019-04-09,6
"517","MATH","1010","Math for Liberal Arts","Fall 2019",2019-08-19,2019-04-10,3
"518","MATH","1110","College Algebra","Fall 2019",2019-08-19,2019-04-10,1
"519","MATH","1401","Calculus I","Fall 2019",2019-08-19,2019-04-10,18
"520","MATH","2411","Calculus II","Fall 2019",2019-08-19,2019-04-10,16
"521","MATH","2830","Introductory Statistics","Fall 2019",2019-08-19,2019-04-10,8
"522","MATH","1010","Math for Liberal Arts","Fall 2019",2019-08-19,2019-04-11,4
"523","MATH","1060","Finite Mathematics","Fall 2019",2019-08-19,2019-04-11,1
"524","MATH","1110","College Algebra","Fall 2019",2019-08-19,2019-04-11,1
"525","MATH","1401","Calculus I","Fall 2019",2019-08-19,2019-04-11,25
"526","MATH","2411","Calculus II","Fall 2019",2019-08-19,2019-04-11,18
"527","MATH","2830","Introductory Statistics","Fall 2019",2019-08-19,2019-04-11,12
"528","MATH","1010","Math for Liberal Arts","Fall 2019",2019-08-19,2019-04-12,9
"529","MATH","1060","Finite Mathematics","Fall 2019",2019-08-19,2019-04-12,2
"530","MATH","1110","College Algebra","Fall 2019",2019-08-19,2019-04-12,1
"531","MATH","1401","Calculus I","Fall 2019",2019-08-19,2019-04-12,29
"532","MATH","2411","Calculus II","Fall 2019",2019-08-19,2019-04-12,36
"533","MATH","2830","Introductory Statistics","Fall 2019",2019-08-19,2019-04-12,17
"534","MATH","1010","Math for Liberal Arts","Fall 2019",2019-08-19,2019-04-13,15
"535","MATH","1060","Finite Mathematics","Fall 2019",2019-08-19,2019-04-13,4
"536","MATH","1110","College Algebra","Fall 2019",2019-08-19,2019-04-13,3
"537","MATH","1401","Calculus I","Fall 2019",2019-08-19,2019-04-13,42
"538","MATH","2411","Calculus II","Fall 2019",2019-08-19,2019-04-13,48
"539","MATH","2830","Introductory Statistics","Fall 2019",2019-08-19,2019-04-13,21
"540","MATH","1010","Math for Liberal Arts","Fall 2019",2019-08-19,2019-04-14,15
"541","MATH","1060","Finite Mathematics","Fall 2019",2019-08-19,2019-04-14,4
"542","MATH","1110","College Algebra","Fall 2019",2019-08-19,2019-04-14,3
"543","MATH","1401","Calculus I","Fall 2019",2019-08-19,2019-04-14,45
"544","MATH","2411","Calculus II","Fall 2019",2019-08-19,2019-04-14,49
"545","MATH","2830","Introductory Statistics","Fall 2019",2019-08-19,2019-04-14,24
"546","MATH","1010","Math for Liberal Arts","Fall 2019",2019-08-19,2019-04-15,15
"547","MATH","1060","Finite Mathematics","Fall 2019",2019-08-19,2019-04-15,5
"548","MATH","1110","College Algebra","Fall 2019",2019-08-19,2019-04-15,3
"549","MATH","1401","Calculus I","Fall 2019",2019-08-19,2019-04-15,46
"550","MATH","2411","Calculus II","Fall 2019",2019-08-19,2019-04-15,55
"551","MATH","2830","Introductory Statistics","Fall 2019",2019-08-19,2019-04-15,27
"552","MATH","1010","Math for Liberal Arts","Fall 2019",2019-08-19,2019-04-16,28
"553","MATH","1060","Finite Mathematics","Fall 2019",2019-08-19,2019-04-16,11
"554","MATH","1110","College Algebra","Fall 2019",2019-08-19,2019-04-16,5
"555","MATH","1401","Calculus I","Fall 2019",2019-08-19,2019-04-16,81
"556","MATH","2411","Calculus II","Fall 2019",2019-08-19,2019-04-16,90
"557","MATH","2830","Introductory Statistics","Fall 2019",2019-08-19,2019-04-16,39
"558","MATH","1010","Math for Liberal Arts","Fall 2019",2019-08-19,2019-04-17,30
"559","MATH","1060","Finite Mathematics","Fall 2019",2019-08-19,2019-04-17,12
"560","MATH","1110","College Algebra","Fall 2019",2019-08-19,2019-04-17,5
"561","MATH","1401","Calculus I","Fall 2019",2019-08-19,2019-04-17,93
"562","MATH","2411","Calculus II","Fall 2019",2019-08-19,2019-04-17,96
"563","MATH","2830","Introductory Statistics","Fall 2019",2019-08-19,2019-04-17,44
"564","MATH","1010","Math for Liberal Arts","Fall 2019",2019-08-19,2019-04-18,32
"565","MATH","1060","Finite Mathematics","Fall 2019",2019-08-19,2019-04-18,13
"566","MATH","1110","College Algebra","Fall 2019",2019-08-19,2019-04-18,5
"567","MATH","1401","Calculus I","Fall 2019",2019-08-19,2019-04-18,96
"568","MATH","2411","Calculus II","Fall 2019",2019-08-19,2019-04-18,102
"569","MATH","2830","Introductory Statistics","Fall 2019",2019-08-19,2019-04-18,47
"570","MATH","1010","Math for Liberal Arts","Fall 2019",2019-08-19,2019-04-19,46
"571","MATH","1060","Finite Mathematics","Fall 2019",2019-08-19,2019-04-19,15
"572","MATH","1110","College Algebra","Fall 2019",2019-08-19,2019-04-19,15
"573","MATH","1401","Calculus I","Fall 2019",2019-08-19,2019-04-19,115
"574","MATH","2411","Calculus II","Fall 2019",2019-08-19,2019-04-19,105
"575","MATH","2830","Introductory Statistics","Fall 2019",2019-08-19,2019-04-19,59
"576","MATH","1010","Math for Liberal Arts","Fall 2019",2019-08-19,2019-04-20,46
"577","MATH","1060","Finite Mathematics","Fall 2019",2019-08-19,2019-04-20,15
"578","MATH","1110","College Algebra","Fall 2019",2019-08-19,2019-04-20,13
"579","MATH","1401","Calculus I","Fall 2019",2019-08-19,2019-04-20,118
"580","MATH","2411","Calculus II","Fall 2019",2019-08-19,2019-04-20,107
"581","MATH","2830","Introductory Statistics","Fall 2019",2019-08-19,2019-04-20,61
"582","MATH","1010","Math for Liberal Arts","Fall 2019",2019-08-19,2019-04-21,46
"583","MATH","1060","Finite Mathematics","Fall 2019",2019-08-19,2019-04-21,15
"584","MATH","1110","College Algebra","Fall 2019",2019-08-19,2019-04-21,13
"585","MATH","1401","Calculus I","Fall 2019",2019-08-19,2019-04-21,120
"586","MATH","2411","Calculus II","Fall 2019",2019-08-19,2019-04-21,109
"587","MATH","2830","Introductory Statistics","Fall 2019",2019-08-19,2019-04-21,61
"588","MATH","1010","Math for Liberal Arts","Fall 2019",2019-08-19,2019-04-22,47
"589","MATH","1060","Finite Mathematics","Fall 2019",2019-08-19,2019-04-22,15
"590","MATH","1110","College Algebra","Fall 2019",2019-08-19,2019-04-22,13
"591","MATH","1401","Calculus I","Fall 2019",2019-08-19,2019-04-22,122
"592","MATH","2411","Calculus II","Fall 2019",2019-08-19,2019-04-22,110
"593","MATH","2830","Introductory Statistics","Fall 2019",2019-08-19,2019-04-22,61
"594","MATH","1010","Math for Liberal Arts","Fall 2019",2019-08-19,2019-04-23,48
"595","MATH","1060","Finite Mathematics","Fall 2019",2019-08-19,2019-04-23,15
"596","MATH","1110","College Algebra","Fall 2019",2019-08-19,2019-04-23,13
"597","MATH","1401","Calculus I","Fall 2019",2019-08-19,2019-04-23,124
"598","MATH","2411","Calculus II","Fall 2019",2019-08-19,2019-04-23,114
"599","MATH","2830","Introductory Statistics","Fall 2019",2019-08-19,2019-04-23,63
"600","MATH","1010","Math for Liberal Arts","Fall 2019",2019-08-19,2019-04-24,51
"601","MATH","1060","Finite Mathematics","Fall 2019",2019-08-19,2019-04-24,15
"602","MATH","1110","College Algebra","Fall 2019",2019-08-19,2019-04-24,17
"603","MATH","1401","Calculus I","Fall 2019",2019-08-19,2019-04-24,127
"604","MATH","2411","Calculus II","Fall 2019",2019-08-19,2019-04-24,117
"605","MATH","2830","Introductory Statistics","Fall 2019",2019-08-19,2019-04-24,65
"606","MATH","1010","Math for Liberal Arts","Fall 2019",2019-08-19,2019-04-25,52
"607","MATH","1060","Finite Mathematics","Fall 2019",2019-08-19,2019-04-25,16
"608","MATH","1110","College Algebra","Fall 2019",2019-08-19,2019-04-25,17
"609","MATH","1401","Calculus I","Fall 2019",2019-08-19,2019-04-25,128
"610","MATH","2411","Calculus II","Fall 2019",2019-08-19,2019-04-25,118
"611","MATH","2830","Introductory Statistics","Fall 2019",2019-08-19,2019-04-25,65
"612","MATH","1010","Math for Liberal Arts","Fall 2019",2019-08-19,2019-04-26,54
"613","MATH","1060","Finite Mathematics","Fall 2019",2019-08-19,2019-04-26,16
"614","MATH","1110","College Algebra","Fall 2019",2019-08-19,2019-04-26,17
"615","MATH","1401","Calculus I","Fall 2019",2019-08-19,2019-04-26,130
"616","MATH","2411","Calculus II","Fall 2019",2019-08-19,2019-04-26,120
"617","MATH","2830","Introductory Statistics","Fall 2019",2019-08-19,2019-04-26,66
"618","MATH","1010","Math for Liberal Arts","Fall 2019",2019-08-19,2019-04-27,55
"619","MATH","1060","Finite Mathematics","Fall 2019",2019-08-19,2019-04-27,17
"620","MATH","1110","College Algebra","Fall 2019",2019-08-19,2019-04-27,18
"621","MATH","1401","Calculus I","Fall 2019",2019-08-19,2019-04-27,133
"622","MATH","2411","Calculus II","Fall 2019",2019-08-19,2019-04-27,120
"623","MATH","2830","Introductory Statistics","Fall 2019",2019-08-19,2019-04-27,68
"624","MATH","1010","Math for Liberal Arts","Fall 2019",2019-08-19,2019-04-28,57
"625","MATH","1060","Finite Mathematics","Fall 2019",2019-08-19,2019-04-28,17
"626","MATH","1110","College Algebra","Fall 2019",2019-08-19,2019-04-28,18
"627","MATH","1401","Calculus I","Fall 2019",2019-08-19,2019-04-28,134
"628","MATH","2411","Calculus II","Fall 2019",2019-08-19,2019-04-28,120
"629","MATH","2830","Introductory Statistics","Fall 2019",2019-08-19,2019-04-28,68
"630","MATH","1010","Math for Liberal Arts","Fall 2019",2019-08-19,2019-04-29,57
"631","MATH","1060","Finite Mathematics","Fall 2019",2019-08-19,2019-04-29,17
"632","MATH","1110","College Algebra","Fall 2019",2019-08-19,2019-04-29,18
"633","MATH","1401","Calculus I","Fall 2019",2019-08-19,2019-04-29,136
"634","MATH","2411","Calculus II","Fall 2019",2019-08-19,2019-04-29,120
"635","MATH","2830","Introductory Statistics","Fall 2019",2019-08-19,2019-04-29,68
"636","MATH","1010","Math for Liberal Arts","Fall 2019",2019-08-19,2019-04-30,59
"637","MATH","1060","Finite Mathematics","Fall 2019",2019-08-19,2019-04-30,17
"638","MATH","1110","College Algebra","Fall 2019",2019-08-19,2019-04-30,19
"639","MATH","1401","Calculus I","Fall 2019",2019-08-19,2019-04-30,140
"640","MATH","2411","Calculus II","Fall 2019",2019-08-19,2019-04-30,118
"641","MATH","2830","Introductory Statistics","Fall 2019",2019-08-19,2019-04-30,69
"642","MATH","1010","Math for Liberal Arts","Fall 2019",2019-08-19,2019-05-01,60
"643","MATH","1060","Finite Mathematics","Fall 2019",2019-08-19,2019-05-01,18
"644","MATH","1110","College Algebra","Fall 2019",2019-08-19,2019-05-01,19
"645","MATH","1401","Calculus I","Fall 2019",2019-08-19,2019-05-01,142
"646","MATH","2411","Calculus II","Fall 2019",2019-08-19,2019-05-01,119
"647","MATH","2830","Introductory Statistics","Fall 2019",2019-08-19,2019-05-01,72
"648","MATH","1010","Math for Liberal Arts","Fall 2019",2019-08-19,2019-05-02,60
"649","MATH","1060","Finite Mathematics","Fall 2019",2019-08-19,2019-05-02,18
"650","MATH","1110","College Algebra","Fall 2019",2019-08-19,2019-05-02,19
"651","MATH","1401","Calculus I","Fall 2019",2019-08-19,2019-05-02,143
"652","MATH","2411","Calculus II","Fall 2019",2019-08-19,2019-05-02,123
"653","MATH","2830","Introductory Statistics","Fall 2019",2019-08-19,2019-05-02,75
"654","MATH","1010","Math for Liberal Arts","Fall 2019",2019-08-19,2019-05-03,60
"655","MATH","1060","Finite Mathematics","Fall 2019",2019-08-19,2019-05-03,18
"656","MATH","1110","College Algebra","Fall 2019",2019-08-19,2019-05-03,20
"657","MATH","1401","Calculus I","Fall 2019",2019-08-19,2019-05-03,144
"658","MATH","2411","Calculus II","Fall 2019",2019-08-19,2019-05-03,127
"659","MATH","2830","Introductory Statistics","Fall 2019",2019-08-19,2019-05-03,76
"660","MATH","1010","Math for Liberal Arts","Fall 2019",2019-08-19,2019-05-04,82
"661","MATH","1060","Finite Mathematics","Fall 2019",2019-08-19,2019-05-04,33
"662","MATH","1110","College Algebra","Fall 2019",2019-08-19,2019-05-04,23
"663","MATH","1401","Calculus I","Fall 2019",2019-08-19,2019-05-04,152
"664","MATH","2411","Calculus II","Fall 2019",2019-08-19,2019-05-04,129
"665","MATH","2830","Introductory Statistics","Fall 2019",2019-08-19,2019-05-04,76
"666","MATH","1010","Math for Liberal Arts","Fall 2019",2019-08-19,2019-05-05,83
"667","MATH","1060","Finite Mathematics","Fall 2019",2019-08-19,2019-05-05,33
"668","MATH","1110","College Algebra","Fall 2019",2019-08-19,2019-05-05,23
"669","MATH","1401","Calculus I","Fall 2019",2019-08-19,2019-05-05,153
"670","MATH","2411","Calculus II","Fall 2019",2019-08-19,2019-05-05,129
"671","MATH","2830","Introductory Statistics","Fall 2019",2019-08-19,2019-05-05,76
"672","MATH","1010","Math for Liberal Arts","Fall 2019",2019-08-19,2019-05-06,84
"673","MATH","1060","Finite Mathematics","Fall 2019",2019-08-19,2019-05-06,34
"674","MATH","1110","College Algebra","Fall 2019",2019-08-19,2019-05-06,24
"675","MATH","1401","Calculus I","Fall 2019",2019-08-19,2019-05-06,153
"676","MATH","2411","Calculus II","Fall 2019",2019-08-19,2019-05-06,129
"677","MATH","2830","Introductory Statistics","Fall 2019",2019-08-19,2019-05-06,76
"678","MATH","1010","Math for Liberal Arts","Fall 2019",2019-08-19,2019-05-07,85
"679","MATH","1060","Finite Mathematics","Fall 2019",2019-08-19,2019-05-07,34
"680","MATH","1110","College Algebra","Fall 2019",2019-08-19,2019-05-07,24
"681","MATH","1401","Calculus I","Fall 2019",2019-08-19,2019-05-07,154
"682","MATH","2411","Calculus II","Fall 2019",2019-08-19,2019-05-07,129
"683","MATH","2830","Introductory Statistics","Fall 2019",2019-08-19,2019-05-07,77
"684","MATH","1010","Math for Liberal Arts","Fall 2019",2019-08-19,2019-05-08,85
"685","MATH","1060","Finite Mathematics","Fall 2019",2019-08-19,2019-05-08,34
"686","MATH","1110","College Algebra","Fall 2019",2019-08-19,2019-05-08,24
"687","MATH","1401","Calculus I","Fall 2019",2019-08-19,2019-05-08,156
"688","MATH","2411","Calculus II","Fall 2019",2019-08-19,2019-05-08,131
"689","MATH","2830","Introductory Statistics","Fall 2019",2019-08-19,2019-05-08,78
"690","MATH","1010","Math for Liberal Arts","Fall 2019",2019-08-19,2019-05-09,87
"691","MATH","1060","Finite Mathematics","Fall 2019",2019-08-19,2019-05-09,35
"692","MATH","1110","College Algebra","Fall 2019",2019-08-19,2019-05-09,25
"693","MATH","1401","Calculus I","Fall 2019",2019-08-19,2019-05-09,158
"694","MATH","2411","Calculus II","Fall 2019",2019-08-19,2019-05-09,131
"695","MATH","2830","Introductory Statistics","Fall 2019",2019-08-19,2019-05-09,81
"696","MATH","1010","Math for Liberal Arts","Fall 2019",2019-08-19,2019-05-10,95
"697","MATH","1060","Finite Mathematics","Fall 2019",2019-08-19,2019-05-10,35
"698","MATH","1110","College Algebra","Fall 2019",2019-08-19,2019-05-10,30
"699","MATH","1401","Calculus I","Fall 2019",2019-08-19,2019-05-10,167
"700","MATH","2411","Calculus II","Fall 2019",2019-08-19,2019-05-10,136
"701","MATH","2830","Introductory Statistics","Fall 2019",2019-08-19,2019-05-10,87
"702","MATH","1010","Math for Liberal Arts","Fall 2019",2019-08-19,2019-05-11,94
"703","MATH","1060","Finite Mathematics","Fall 2019",2019-08-19,2019-05-11,35
"704","MATH","1110","College Algebra","Fall 2019",2019-08-19,2019-05-11,30
"705","MATH","1401","Calculus I","Fall 2019",2019-08-19,2019-05-11,168
"706","MATH","2411","Calculus II","Fall 2019",2019-08-19,2019-05-11,136
"707","MATH","2830","Introductory Statistics","Fall 2019",2019-08-19,2019-05-11,88
"708","MATH","1010","Math for Liberal Arts","Fall 2019",2019-08-19,2019-05-12,95
"709","MATH","1060","Finite Mathematics","Fall 2019",2019-08-19,2019-05-12,37
"710","MATH","1110","College Algebra","Fall 2019",2019-08-19,2019-05-12,30
"711","MATH","1401","Calculus I","Fall 2019",2019-08-19,2019-05-12,169
"712","MATH","2411","Calculus II","Fall 2019",2019-08-19,2019-05-12,136
"713","MATH","2830","Introductory Statistics","Fall 2019",2019-08-19,2019-05-12,88
"714","MATH","1010","Math for Liberal Arts","Fall 2019",2019-08-19,2019-05-13,95
"715","MATH","1060","Finite Mathematics","Fall 2019",2019-08-19,2019-05-13,37
"716","MATH","1110","College Algebra","Fall 2019",2019-08-19,2019-05-13,30
"717","MATH","1401","Calculus I","Fall 2019",2019-08-19,2019-05-13,170
"718","MATH","2411","Calculus II","Fall 2019",2019-08-19,2019-05-13,137
"719","MATH","2830","Introductory Statistics","Fall 2019",2019-08-19,2019-05-13,89
"720","MATH","1010","Math for Liberal Arts","Fall 2019",2019-08-19,2019-05-14,95
"721","MATH","1060","Finite Mathematics","Fall 2019",2019-08-19,2019-05-14,38
"722","MATH","1110","College Algebra","Fall 2019",2019-08-19,2019-05-14,31
"723","MATH","1401","Calculus I","Fall 2019",2019-08-19,2019-05-14,171
"724","MATH","2411","Calculus II","Fall 2019",2019-08-19,2019-05-14,137
"725","MATH","2830","Introductory Statistics","Fall 2019",2019-08-19,2019-05-14,89
"726","MATH","1010","Math for Liberal Arts","Fall 2019",2019-08-19,2019-05-15,96
"727","MATH","1060","Finite Mathematics","Fall 2019",2019-08-19,2019-05-15,38
"728","MATH","1110","College Algebra","Fall 2019",2019-08-19,2019-05-15,31
"729","MATH","1401","Calculus I","Fall 2019",2019-08-19,2019-05-15,176
"730","MATH","2411","Calculus II","Fall 2019",2019-08-19,2019-05-15,138
"731","MATH","2830","Introductory Statistics","Fall 2019",2019-08-19,2019-05-15,89
"732","MATH","1010","Math for Liberal Arts","Fall 2019",2019-08-19,2019-05-16,97
"733","MATH","1060","Finite Mathematics","Fall 2019",2019-08-19,2019-05-16,38
"734","MATH","1110","College Algebra","Fall 2019",2019-08-19,2019-05-16,31
"735","MATH","1401","Calculus I","Fall 2019",2019-08-19,2019-05-16,177
"736","MATH","2411","Calculus II","Fall 2019",2019-08-19,2019-05-16,137
"737","MATH","2830","Introductory Statistics","Fall 2019",2019-08-19,2019-05-16,89
"738","MATH","1010","Math for Liberal Arts","Fall 2019",2019-08-19,2019-05-17,99
"739","MATH","1060","Finite Mathematics","Fall 2019",2019-08-19,2019-05-17,39
"740","MATH","1110","College Algebra","Fall 2019",2019-08-19,2019-05-17,31
"741","MATH","1401","Calculus I","Fall 2019",2019-08-19,2019-05-17,179
"742","MATH","2411","Calculus II","Fall 2019",2019-08-19,2019-05-17,137
"743","MATH","2830","Introductory Statistics","Fall 2019",2019-08-19,2019-05-17,91
"744","MATH","1010","Math for Liberal Arts","Fall 2019",2019-08-19,2019-05-18,100
"745","MATH","1060","Finite Mathematics","Fall 2019",2019-08-19,2019-05-18,41
"746","MATH","1110","College Algebra","Fall 2019",2019-08-19,2019-05-18,31
"747","MATH","1401","Calculus I","Fall 2019",2019-08-19,2019-05-18,181
"748","MATH","2411","Calculus II","Fall 2019",2019-08-19,2019-05-18,138
"749","MATH","2830","Introductory Statistics","Fall 2019",2019-08-19,2019-05-18,92
"750","MATH","1010","Math for Liberal Arts","Fall 2019",2019-08-19,2019-05-19,101
"751","MATH","1060","Finite Mathematics","Fall 2019",2019-08-19,2019-05-19,41
"752","MATH","1110","College Algebra","Fall 2019",2019-08-19,2019-05-19,31
"753","MATH","1401","Calculus I","Fall 2019",2019-08-19,2019-05-19,181
"754","MATH","2411","Calculus II","Fall 2019",2019-08-19,2019-05-19,138
"755","MATH","2830","Introductory Statistics","Fall 2019",2019-08-19,2019-05-19,92
"756","MATH","1010","Math for Liberal Arts","Fall 2019",2019-08-19,2019-05-20,101
"757","MATH","1060","Finite Mathematics","Fall 2019",2019-08-19,2019-05-20,42
"758","MATH","1110","College Algebra","Fall 2019",2019-08-19,2019-05-20,31
"759","MATH","1401","Calculus I","Fall 2019",2019-08-19,2019-05-20,181
"760","MATH","2411","Calculus II","Fall 2019",2019-08-19,2019-05-20,138
"761","MATH","2830","Introductory Statistics","Fall 2019",2019-08-19,2019-05-20,92
"762","MATH","1010","Math for Liberal Arts","Fall 2019",2019-08-19,2019-05-21,101
"763","MATH","1060","Finite Mathematics","Fall 2019",2019-08-19,2019-05-21,44
"764","MATH","1110","College Algebra","Fall 2019",2019-08-19,2019-05-21,31
"765","MATH","1401","Calculus I","Fall 2019",2019-08-19,2019-05-21,181
"766","MATH","2411","Calculus II","Fall 2019",2019-08-19,2019-05-21,138
"767","MATH","2830","Introductory Statistics","Fall 2019",2019-08-19,2019-05-21,93
"768","MATH","1010","Math for Liberal Arts","Fall 2019",2019-08-19,2019-05-22,103
"769","MATH","1060","Finite Mathematics","Fall 2019",2019-08-19,2019-05-22,45
"770","MATH","1110","College Algebra","Fall 2019",2019-08-19,2019-05-22,32
"771","MATH","1401","Calculus I","Fall 2019",2019-08-19,2019-05-22,183
"772","MATH","2411","Calculus II","Fall 2019",2019-08-19,2019-05-22,138
"773","MATH","2830","Introductory Statistics","Fall 2019",2019-08-19,2019-05-22,93
"774","MATH","1010","Math for Liberal Arts","Fall 2019",2019-08-19,2019-05-23,104
"775","MATH","1060","Finite Mathematics","Fall 2019",2019-08-19,2019-05-23,47
"776","MATH","1110","College Algebra","Fall 2019",2019-08-19,2019-05-23,33
"777","MATH","1401","Calculus I","Fall 2019",2019-08-19,2019-05-23,184
"778","MATH","2411","Calculus II","Fall 2019",2019-08-19,2019-05-23,138
"779","MATH","2830","Introductory Statistics","Fall 2019",2019-08-19,2019-05-23,93
"780","MATH","1010","Math for Liberal Arts","Fall 2019",2019-08-19,2019-05-24,104
"781","MATH","1060","Finite Mathematics","Fall 2019",2019-08-19,2019-05-24,47
"782","MATH","1110","College Algebra","Fall 2019",2019-08-19,2019-05-24,33
"783","MATH","1401","Calculus I","Fall 2019",2019-08-19,2019-05-24,182
"784","MATH","2411","Calculus II","Fall 2019",2019-08-19,2019-05-24,140
"785","MATH","2830","Introductory Statistics","Fall 2019",2019-08-19,2019-05-24,94
"786","MATH","1010","Math for Liberal Arts","Fall 2019",2019-08-19,2019-05-25,131
"787","MATH","1060","Finite Mathematics","Fall 2019",2019-08-19,2019-05-25,79
"788","MATH","1110","College Algebra","Fall 2019",2019-08-19,2019-05-25,38
"789","MATH","1401","Calculus I","Fall 2019",2019-08-19,2019-05-25,191
"790","MATH","2411","Calculus II","Fall 2019",2019-08-19,2019-05-25,143
"791","MATH","2830","Introductory Statistics","Fall 2019",2019-08-19,2019-05-25,99
"792","MATH","1010","Math for Liberal Arts","Fall 2019",2019-08-19,2019-05-26,131
"793","MATH","1060","Finite Mathematics","Fall 2019",2019-08-19,2019-05-26,79
"794","MATH","1110","College Algebra","Fall 2019",2019-08-19,2019-05-26,38
"795","MATH","1401","Calculus I","Fall 2019",2019-08-19,2019-05-26,193
"796","MATH","2411","Calculus II","Fall 2019",2019-08-19,2019-05-26,143
"797","MATH","2830","Introductory Statistics","Fall 2019",2019-08-19,2019-05-26,98
"798","MATH","1010","Math for Liberal Arts","Fall 2019",2019-08-19,2019-05-27,131
"799","MATH","1060","Finite Mathematics","Fall 2019",2019-08-19,2019-05-27,80
"800","MATH","1110","College Algebra","Fall 2019",2019-08-19,2019-05-27,38
"801","MATH","1401","Calculus I","Fall 2019",2019-08-19,2019-05-27,192
"802","MATH","2411","Calculus II","Fall 2019",2019-08-19,2019-05-27,144
"803","MATH","2830","Introductory Statistics","Fall 2019",2019-08-19,2019-05-27,98
"804","MATH","1010","Math for Liberal Arts","Fall 2019",2019-08-19,2019-05-28,132
"805","MATH","1060","Finite Mathematics","Fall 2019",2019-08-19,2019-05-28,81
"806","MATH","1110","College Algebra","Fall 2019",2019-08-19,2019-05-28,39
"807","MATH","1401","Calculus I","Fall 2019",2019-08-19,2019-05-28,192
"808","MATH","2411","Calculus II","Fall 2019",2019-08-19,2019-05-28,144
"809","MATH","2830","Introductory Statistics","Fall 2019",2019-08-19,2019-05-28,99
"810","MATH","1010","Math for Liberal Arts","Fall 2019",2019-08-19,2019-05-29,133
"811","MATH","1060","Finite Mathematics","Fall 2019",2019-08-19,2019-05-29,85
"812","MATH","1110","College Algebra","Fall 2019",2019-08-19,2019-05-29,40
"813","MATH","1401","Calculus I","Fall 2019",2019-08-19,2019-05-29,194
"814","MATH","2411","Calculus II","Fall 2019",2019-08-19,2019-05-29,143
"815","MATH","2830","Introductory Statistics","Fall 2019",2019-08-19,2019-05-29,99
"816","MATH","1010","Math for Liberal Arts","Fall 2019",2019-08-19,2019-05-30,135
"817","MATH","1060","Finite Mathematics","Fall 2019",2019-08-19,2019-05-30,84
"818","MATH","1110","College Algebra","Fall 2019",2019-08-19,2019-05-30,41
"819","MATH","1401","Calculus I","Fall 2019",2019-08-19,2019-05-30,195
"820","MATH","2411","Calculus II","Fall 2019",2019-08-19,2019-05-30,142
"821","MATH","2830","Introductory Statistics","Fall 2019",2019-08-19,2019-05-30,100
"822","MATH","1010","Math for Liberal Arts","Fall 2019",2019-08-19,2019-05-31,137
"823","MATH","1060","Finite Mathematics","Fall 2019",2019-08-19,2019-05-31,84
"824","MATH","1110","College Algebra","Fall 2019",2019-08-19,2019-05-31,41
"825","MATH","1401","Calculus I","Fall 2019",2019-08-19,2019-05-31,197
"826","MATH","2411","Calculus II","Fall 2019",2019-08-19,2019-05-31,142
"827","MATH","2830","Introductory Statistics","Fall 2019",2019-08-19,2019-05-31,101
"828","MATH","1010","Math for Liberal Arts","Fall 2019",2019-08-19,2019-06-01,147
"829","MATH","1060","Finite Mathematics","Fall 2019",2019-08-19,2019-06-01,89
"830","MATH","1110","College Algebra","Fall 2019",2019-08-19,2019-06-01,55
"831","MATH","1401","Calculus I","Fall 2019",2019-08-19,2019-06-01,207
"832","MATH","2411","Calculus II","Fall 2019",2019-08-19,2019-06-01,142
"833","MATH","2830","Introductory Statistics","Fall 2019",2019-08-19,2019-06-01,112
"834","MATH","1010","Math for Liberal Arts","Fall 2019",2019-08-19,2019-06-02,150
"835","MATH","1060","Finite Mathematics","Fall 2019",2019-08-19,2019-06-02,89
"836","MATH","1110","College Algebra","Fall 2019",2019-08-19,2019-06-02,55
"837","MATH","1401","Calculus I","Fall 2019",2019-08-19,2019-06-02,209
"838","MATH","2411","Calculus II","Fall 2019",2019-08-19,2019-06-02,142
"839","MATH","2830","Introductory Statistics","Fall 2019",2019-08-19,2019-06-02,113
"840","MATH","1010","Math for Liberal Arts","Fall 2019",2019-08-19,2019-06-03,150
"841","MATH","1060","Finite Mathematics","Fall 2019",2019-08-19,2019-06-03,89
"842","MATH","1110","College Algebra","Fall 2019",2019-08-19,2019-06-03,55
"843","MATH","1401","Calculus I","Fall 2019",2019-08-19,2019-06-03,209
"844","MATH","2411","Calculus II","Fall 2019",2019-08-19,2019-06-03,143
"845","MATH","2830","Introductory Statistics","Fall 2019",2019-08-19,2019-06-03,113
"846","MATH","1010","Math for Liberal Arts","Fall 2019",2019-08-19,2019-06-04,152
"847","MATH","1060","Finite Mathematics","Fall 2019",2019-08-19,2019-06-04,90
"848","MATH","1110","College Algebra","Fall 2019",2019-08-19,2019-06-04,55
"849","MATH","1401","Calculus I","Fall 2019",2019-08-19,2019-06-04,212
"850","MATH","2411","Calculus II","Fall 2019",2019-08-19,2019-06-04,143
"851","MATH","2830","Introductory Statistics","Fall 2019",2019-08-19,2019-06-04,112
"852","MATH","1010","Math for Liberal Arts","Fall 2019",2019-08-19,2019-06-05,153
"853","MATH","1060","Finite Mathematics","Fall 2019",2019-08-19,2019-06-05,91
"854","MATH","1110","College Algebra","Fall 2019",2019-08-19,2019-06-05,56
"855","MATH","1401","Calculus I","Fall 2019",2019-08-19,2019-06-05,211
"856","MATH","2411","Calculus II","Fall 2019",2019-08-19,2019-06-05,144
"857","MATH","2830","Introductory Statistics","Fall 2019",2019-08-19,2019-06-05,113
"858","MATH","1010","Math for Liberal Arts","Fall 2019",2019-08-19,2019-06-06,153
"859","MATH","1060","Finite Mathematics","Fall 2019",2019-08-19,2019-06-06,91
"860","MATH","1110","College Algebra","Fall 2019",2019-08-19,2019-06-06,56
"861","MATH","1401","Calculus I","Fall 2019",2019-08-19,2019-06-06,213
"862","MATH","2411","Calculus II","Fall 2019",2019-08-19,2019-06-06,147
"863","MATH","2830","Introductory Statistics","Fall 2019",2019-08-19,2019-06-06,112
"864","MATH","1010","Math for Liberal Arts","Fall 2019",2019-08-19,2019-06-07,154
"865","MATH","1060","Finite Mathematics","Fall 2019",2019-08-19,2019-06-07,94
"866","MATH","1110","College Algebra","Fall 2019",2019-08-19,2019-06-07,56
"867","MATH","1401","Calculus I","Fall 2019",2019-08-19,2019-06-07,217
"868","MATH","2411","Calculus II","Fall 2019",2019-08-19,2019-06-07,147
"869","MATH","2830","Introductory Statistics","Fall 2019",2019-08-19,2019-06-07,113
"870","MATH","1010","Math for Liberal Arts","Fall 2019",2019-08-19,2019-06-08,175
"871","MATH","1060","Finite Mathematics","Fall 2019",2019-08-19,2019-06-08,131
"872","MATH","1110","College Algebra","Fall 2019",2019-08-19,2019-06-08,58
"873","MATH","1401","Calculus I","Fall 2019",2019-08-19,2019-06-08,225
"874","MATH","2411","Calculus II","Fall 2019",2019-08-19,2019-06-08,146
"875","MATH","2830","Introductory Statistics","Fall 2019",2019-08-19,2019-06-08,115
"876","MATH","1010","Math for Liberal Arts","Fall 2019",2019-08-19,2019-06-09,177
"877","MATH","1060","Finite Mathematics","Fall 2019",2019-08-19,2019-06-09,131
"878","MATH","1110","College Algebra","Fall 2019",2019-08-19,2019-06-09,58
"879","MATH","1401","Calculus I","Fall 2019",2019-08-19,2019-06-09,225
"880","MATH","2411","Calculus II","Fall 2019",2019-08-19,2019-06-09,146
"881","MATH","2830","Introductory Statistics","Fall 2019",2019-08-19,2019-06-09,115
"882","MATH","1010","Math for Liberal Arts","Fall 2019",2019-08-19,2019-06-10,179
"883","MATH","1060","Finite Mathematics","Fall 2019",2019-08-19,2019-06-10,131
"884","MATH","1110","College Algebra","Fall 2019",2019-08-19,2019-06-10,59
"885","MATH","1401","Calculus I","Fall 2019",2019-08-19,2019-06-10,225
"886","MATH","2411","Calculus II","Fall 2019",2019-08-19,2019-06-10,147
"887","MATH","2830","Introductory Statistics","Fall 2019",2019-08-19,2019-06-10,116
"888","MATH","1010","Math for Liberal Arts","Fall 2019",2019-08-19,2019-06-11,183
"889","MATH","1060","Finite Mathematics","Fall 2019",2019-08-19,2019-06-11,131
"890","MATH","1110","College Algebra","Fall 2019",2019-08-19,2019-06-11,60
"891","MATH","1401","Calculus I","Fall 2019",2019-08-19,2019-06-11,227
"892","MATH","2411","Calculus II","Fall 2019",2019-08-19,2019-06-11,147
"893","MATH","2830","Introductory Statistics","Fall 2019",2019-08-19,2019-06-11,115
"894","MATH","1010","Math for Liberal Arts","Fall 2019",2019-08-19,2019-06-12,183
"895","MATH","1060","Finite Mathematics","Fall 2019",2019-08-19,2019-06-12,132
"896","MATH","1110","College Algebra","Fall 2019",2019-08-19,2019-06-12,60
"897","MATH","1401","Calculus I","Fall 2019",2019-08-19,2019-06-12,229
"898","MATH","2411","Calculus II","Fall 2019",2019-08-19,2019-06-12,148
"899","MATH","2830","Introductory Statistics","Fall 2019",2019-08-19,2019-06-12,117
"900","MATH","1010","Math for Liberal Arts","Fall 2019",2019-08-19,2019-06-13,187
"901","MATH","1060","Finite Mathematics","Fall 2019",2019-08-19,2019-06-13,134
"902","MATH","1110","College Algebra","Fall 2019",2019-08-19,2019-06-13,57
"903","MATH","1401","Calculus I","Fall 2019",2019-08-19,2019-06-13,229
"904","MATH","2411","Calculus II","Fall 2019",2019-08-19,2019-06-13,149
"905","MATH","2830","Introductory Statistics","Fall 2019",2019-08-19,2019-06-13,118
"906","MATH","1010","Math for Liberal Arts","Fall 2019",2019-08-19,2019-06-14,189
"907","MATH","1060","Finite Mathematics","Fall 2019",2019-08-19,2019-06-14,135
"908","MATH","1110","College Algebra","Fall 2019",2019-08-19,2019-06-14,57
"909","MATH","1401","Calculus I","Fall 2019",2019-08-19,2019-06-14,234
"910","MATH","2411","Calculus II","Fall 2019",2019-08-19,2019-06-14,149
"911","MATH","2830","Introductory Statistics","Fall 2019",2019-08-19,2019-06-14,119
"912","MATH","1010","Math for Liberal Arts","Fall 2019",2019-08-19,2019-06-15,199
"913","MATH","1060","Finite Mathematics","Fall 2019",2019-08-19,2019-06-15,138
"914","MATH","1110","College Algebra","Fall 2019",2019-08-19,2019-06-15,73
"915","MATH","1401","Calculus I","Fall 2019",2019-08-19,2019-06-15,239
"916","MATH","2411","Calculus II","Fall 2019",2019-08-19,2019-06-15,152
"917","MATH","2830","Introductory Statistics","Fall 2019",2019-08-19,2019-06-15,125
"918","MATH","1010","Math for Liberal Arts","Fall 2019",2019-08-19,2019-06-16,199
"919","MATH","1060","Finite Mathematics","Fall 2019",2019-08-19,2019-06-16,140
"920","MATH","1110","College Algebra","Fall 2019",2019-08-19,2019-06-16,74
"921","MATH","1401","Calculus I","Fall 2019",2019-08-19,2019-06-16,241
"922","MATH","2411","Calculus II","Fall 2019",2019-08-19,2019-06-16,153
"923","MATH","2830","Introductory Statistics","Fall 2019",2019-08-19,2019-06-16,126
"924","MATH","1010","Math for Liberal Arts","Fall 2019",2019-08-19,2019-06-17,199
"925","MATH","1060","Finite Mathematics","Fall 2019",2019-08-19,2019-06-17,140
"926","MATH","1110","College Algebra","Fall 2019",2019-08-19,2019-06-17,74
"927","MATH","1401","Calculus I","Fall 2019",2019-08-19,2019-06-17,241
"928","MATH","2411","Calculus II","Fall 2019",2019-08-19,2019-06-17,153
"929","MATH","2830","Introductory Statistics","Fall 2019",2019-08-19,2019-06-17,127
"930","MATH","1010","Math for Liberal Arts","Fall 2019",2019-08-19,2019-06-18,203
"931","MATH","1060","Finite Mathematics","Fall 2019",2019-08-19,2019-06-18,142
"932","MATH","1110","College Algebra","Fall 2019",2019-08-19,2019-06-18,74
"933","MATH","1401","Calculus I","Fall 2019",2019-08-19,2019-06-18,244
"934","MATH","2411","Calculus II","Fall 2019",2019-08-19,2019-06-18,153
"935","MATH","2830","Introductory Statistics","Fall 2019",2019-08-19,2019-06-18,127
"936","MATH","1010","Math for Liberal Arts","Fall 2019",2019-08-19,2019-06-19,203
"937","MATH","1060","Finite Mathematics","Fall 2019",2019-08-19,2019-06-19,144
"938","MATH","1110","College Algebra","Fall 2019",2019-08-19,2019-06-19,75
"939","MATH","1401","Calculus I","Fall 2019",2019-08-19,2019-06-19,248
"940","MATH","2411","Calculus II","Fall 2019",2019-08-19,2019-06-19,154
"941","MATH","2830","Introductory Statistics","Fall 2019",2019-08-19,2019-06-19,130
"942","MATH","1010","Math for Liberal Arts","Fall 2019",2019-08-19,2019-06-20,203
"943","MATH","1060","Finite Mathematics","Fall 2019",2019-08-19,2019-06-20,144
"944","MATH","1110","College Algebra","Fall 2019",2019-08-19,2019-06-20,75
"945","MATH","1401","Calculus I","Fall 2019",2019-08-19,2019-06-20,250
"946","MATH","2411","Calculus II","Fall 2019",2019-08-19,2019-06-20,155
"947","MATH","2830","Introductory Statistics","Fall 2019",2019-08-19,2019-06-20,131
"948","MATH","1010","Math for Liberal Arts","Fall 2019",2019-08-19,2019-06-21,203
"949","MATH","1060","Finite Mathematics","Fall 2019",2019-08-19,2019-06-21,144
"950","MATH","1110","College Algebra","Fall 2019",2019-08-19,2019-06-21,78
"951","MATH","1401","Calculus I","Fall 2019",2019-08-19,2019-06-21,250
"952","MATH","2411","Calculus II","Fall 2019",2019-08-19,2019-06-21,157
"953","MATH","2830","Introductory Statistics","Fall 2019",2019-08-19,2019-06-21,132
"954","MATH","1010","Math for Liberal Arts","Fall 2019",2019-08-19,2019-06-22,238
"955","MATH","1060","Finite Mathematics","Fall 2019",2019-08-19,2019-06-22,164
"956","MATH","1110","College Algebra","Fall 2019",2019-08-19,2019-06-22,82
"957","MATH","1401","Calculus I","Fall 2019",2019-08-19,2019-06-22,256
"958","MATH","2411","Calculus II","Fall 2019",2019-08-19,2019-06-22,158
"959","MATH","2830","Introductory Statistics","Fall 2019",2019-08-19,2019-06-22,135
"960","MATH","1010","Math for Liberal Arts","Fall 2019",2019-08-19,2019-06-23,238
"961","MATH","1060","Finite Mathematics","Fall 2019",2019-08-19,2019-06-23,165
"962","MATH","1110","College Algebra","Fall 2019",2019-08-19,2019-06-23,82
"963","MATH","1401","Calculus I","Fall 2019",2019-08-19,2019-06-23,256
"964","MATH","2411","Calculus II","Fall 2019",2019-08-19,2019-06-23,158
"965","MATH","2830","Introductory Statistics","Fall 2019",2019-08-19,2019-06-23,135
"966","MATH","1010","Math for Liberal Arts","Fall 2019",2019-08-19,2019-06-24,238
"967","MATH","1060","Finite Mathematics","Fall 2019",2019-08-19,2019-06-24,165
"968","MATH","1110","College Algebra","Fall 2019",2019-08-19,2019-06-24,83
"969","MATH","1401","Calculus I","Fall 2019",2019-08-19,2019-06-24,257
"970","MATH","2411","Calculus II","Fall 2019",2019-08-19,2019-06-24,158
"971","MATH","2830","Introductory Statistics","Fall 2019",2019-08-19,2019-06-24,135
"972","MATH","1010","Math for Liberal Arts","Fall 2019",2019-08-19,2019-06-25,239
"973","MATH","1060","Finite Mathematics","Fall 2019",2019-08-19,2019-06-25,166
"974","MATH","1110","College Algebra","Fall 2019",2019-08-19,2019-06-25,84
"975","MATH","1401","Calculus I","Fall 2019",2019-08-19,2019-06-25,258
"976","MATH","2411","Calculus II","Fall 2019",2019-08-19,2019-06-25,159
"977","MATH","2830","Introductory Statistics","Fall 2019",2019-08-19,2019-06-25,136
"978","MATH","1010","Math for Liberal Arts","Fall 2019",2019-08-19,2019-06-26,244
"979","MATH","1060","Finite Mathematics","Fall 2019",2019-08-19,2019-06-26,166
"980","MATH","1110","College Algebra","Fall 2019",2019-08-19,2019-06-26,85
"981","MATH","1401","Calculus I","Fall 2019",2019-08-19,2019-06-26,260
"982","MATH","2411","Calculus II","Fall 2019",2019-08-19,2019-06-26,160
"983","MATH","2830","Introductory Statistics","Fall 2019",2019-08-19,2019-06-26,137
"984","MATH","1010","Math for Liberal Arts","Fall 2019",2019-08-19,2019-06-27,247
"985","MATH","1060","Finite Mathematics","Fall 2019",2019-08-19,2019-06-27,169
"986","MATH","1110","College Algebra","Fall 2019",2019-08-19,2019-06-27,87
"987","MATH","1401","Calculus I","Fall 2019",2019-08-19,2019-06-27,264
"988","MATH","2411","Calculus II","Fall 2019",2019-08-19,2019-06-27,162
"989","MATH","2830","Introductory Statistics","Fall 2019",2019-08-19,2019-06-27,137
"990","MATH","1010","Math for Liberal Arts","Fall 2019",2019-08-19,2019-06-28,247
"991","MATH","1060","Finite Mathematics","Fall 2019",2019-08-19,2019-06-28,168
"992","MATH","1110","College Algebra","Fall 2019",2019-08-19,2019-06-28,86
"993","MATH","1401","Calculus I","Fall 2019",2019-08-19,2019-06-28,265
"994","MATH","2411","Calculus II","Fall 2019",2019-08-19,2019-06-28,164
"995","MATH","2830","Introductory Statistics","Fall 2019",2019-08-19,2019-06-28,138
"996","MATH","1010","Math for Liberal Arts","Fall 2019",2019-08-19,2019-06-29,268
"997","MATH","1060","Finite Mathematics","Fall 2019",2019-08-19,2019-06-29,169
"998","MATH","1110","College Algebra","Fall 2019",2019-08-19,2019-06-29,103
"999","MATH","1401","Calculus I","Fall 2019",2019-08-19,2019-06-29,275
"1000","MATH","2411","Calculus II","Fall 2019",2019-08-19,2019-06-29,165
"1001","MATH","2830","Introductory Statistics","Fall 2019",2019-08-19,2019-06-29,152
"1002","MATH","1010","Math for Liberal Arts","Fall 2019",2019-08-19,2019-06-30,268
"1003","MATH","1060","Finite Mathematics","Fall 2019",2019-08-19,2019-06-30,169
"1004","MATH","1110","College Algebra","Fall 2019",2019-08-19,2019-06-30,103
"1005","MATH","1401","Calculus I","Fall 2019",2019-08-19,2019-06-30,278
"1006","MATH","2411","Calculus II","Fall 2019",2019-08-19,2019-06-30,165
"1007","MATH","2830","Introductory Statistics","Fall 2019",2019-08-19,2019-06-30,153
"1008","MATH","1010","Math for Liberal Arts","Fall 2019",2019-08-19,2019-07-01,269
"1009","MATH","1060","Finite Mathematics","Fall 2019",2019-08-19,2019-07-01,169
"1010","MATH","1110","College Algebra","Fall 2019",2019-08-19,2019-07-01,103
"1011","MATH","1401","Calculus I","Fall 2019",2019-08-19,2019-07-01,277
"1012","MATH","2411","Calculus II","Fall 2019",2019-08-19,2019-07-01,165
"1013","MATH","2830","Introductory Statistics","Fall 2019",2019-08-19,2019-07-01,153
"1014","MATH","1010","Math for Liberal Arts","Fall 2019",2019-08-19,2019-07-02,271
"1015","MATH","1060","Finite Mathematics","Fall 2019",2019-08-19,2019-07-02,169
"1016","MATH","1110","College Algebra","Fall 2019",2019-08-19,2019-07-02,105
"1017","MATH","1401","Calculus I","Fall 2019",2019-08-19,2019-07-02,278
"1018","MATH","2411","Calculus II","Fall 2019",2019-08-19,2019-07-02,166
"1019","MATH","2830","Introductory Statistics","Fall 2019",2019-08-19,2019-07-02,154
"1020","MATH","1010","Math for Liberal Arts","Fall 2019",2019-08-19,2019-07-03,273
"1021","MATH","1060","Finite Mathematics","Fall 2019",2019-08-19,2019-07-03,169
"1022","MATH","1110","College Algebra","Fall 2019",2019-08-19,2019-07-03,108
"1023","MATH","1401","Calculus I","Fall 2019",2019-08-19,2019-07-03,279
"1024","MATH","2411","Calculus II","Fall 2019",2019-08-19,2019-07-03,167
"1025","MATH","2830","Introductory Statistics","Fall 2019",2019-08-19,2019-07-03,153
"1026","MATH","1010","Math for Liberal Arts","Fall 2019",2019-08-19,2019-07-04,273
"1027","MATH","1060","Finite Mathematics","Fall 2019",2019-08-19,2019-07-04,169
"1028","MATH","1110","College Algebra","Fall 2019",2019-08-19,2019-07-04,109
"1029","MATH","1401","Calculus I","Fall 2019",2019-08-19,2019-07-04,279
"1030","MATH","2411","Calculus II","Fall 2019",2019-08-19,2019-07-04,168
"1031","MATH","2830","Introductory Statistics","Fall 2019",2019-08-19,2019-07-04,153
"1032","MATH","1010","Math for Liberal Arts","Fall 2019",2019-08-19,2019-07-05,273
"1033","MATH","1060","Finite Mathematics","Fall 2019",2019-08-19,2019-07-05,170
"1034","MATH","1110","College Algebra","Fall 2019",2019-08-19,2019-07-05,111
"1035","MATH","1401","Calculus I","Fall 2019",2019-08-19,2019-07-05,280
"1036","MATH","2411","Calculus II","Fall 2019",2019-08-19,2019-07-05,168
"1037","MATH","2830","Introductory Statistics","Fall 2019",2019-08-19,2019-07-05,153
"1038","MATH","1010","Math for Liberal Arts","Fall 2019",2019-08-19,2019-07-06,274
"1039","MATH","1060","Finite Mathematics","Fall 2019",2019-08-19,2019-07-06,170
"1040","MATH","1110","College Algebra","Fall 2019",2019-08-19,2019-07-06,113
"1041","MATH","1401","Calculus I","Fall 2019",2019-08-19,2019-07-06,280
"1042","MATH","2411","Calculus II","Fall 2019",2019-08-19,2019-07-06,168
"1043","MATH","2830","Introductory Statistics","Fall 2019",2019-08-19,2019-07-06,154
"1044","MATH","1010","Math for Liberal Arts","Fall 2019",2019-08-19,2019-07-07,274
"1045","MATH","1060","Finite Mathematics","Fall 2019",2019-08-19,2019-07-07,170
"1046","MATH","1110","College Algebra","Fall 2019",2019-08-19,2019-07-07,114
"1047","MATH","1401","Calculus I","Fall 2019",2019-08-19,2019-07-07,281
"1048","MATH","2411","Calculus II","Fall 2019",2019-08-19,2019-07-07,168
"1049","MATH","2830","Introductory Statistics","Fall 2019",2019-08-19,2019-07-07,156
"1050","MATH","1010","Math for Liberal Arts","Fall 2019",2019-08-19,2019-07-08,275
"1051","MATH","1060","Finite Mathematics","Fall 2019",2019-08-19,2019-07-08,170
"1052","MATH","1110","College Algebra","Fall 2019",2019-08-19,2019-07-08,115
"1053","MATH","1401","Calculus I","Fall 2019",2019-08-19,2019-07-08,282
"1054","MATH","2411","Calculus II","Fall 2019",2019-08-19,2019-07-08,168
"1055","MATH","2830","Introductory Statistics","Fall 2019",2019-08-19,2019-07-08,156
"1056","MATH","1010","Math for Liberal Arts","Fall 2019",2019-08-19,2019-07-09,276
"1057","MATH","1060","Finite Mathematics","Fall 2019",2019-08-19,2019-07-09,171
"1058","MATH","1110","College Algebra","Fall 2019",2019-08-19,2019-07-09,116
"1059","MATH","1401","Calculus I","Fall 2019",2019-08-19,2019-07-09,283
"1060","MATH","2411","Calculus II","Fall 2019",2019-08-19,2019-07-09,169
"1061","MATH","2830","Introductory Statistics","Fall 2019",2019-08-19,2019-07-09,157
"1062","MATH","1010","Math for Liberal Arts","Fall 2019",2019-08-19,2019-07-10,277
"1063","MATH","1060","Finite Mathematics","Fall 2019",2019-08-19,2019-07-10,172
"1064","MATH","1110","College Algebra","Fall 2019",2019-08-19,2019-07-10,118
"1065","MATH","1401","Calculus I","Fall 2019",2019-08-19,2019-07-10,283
"1066","MATH","2411","Calculus II","Fall 2019",2019-08-19,2019-07-10,171
"1067","MATH","2830","Introductory Statistics","Fall 2019",2019-08-19,2019-07-10,160
"1068","MATH","1010","Math for Liberal Arts","Fall 2019",2019-08-19,2019-07-11,277
"1069","MATH","1060","Finite Mathematics","Fall 2019",2019-08-19,2019-07-11,172
"1070","MATH","1110","College Algebra","Fall 2019",2019-08-19,2019-07-11,119
"1071","MATH","1401","Calculus I","Fall 2019",2019-08-19,2019-07-11,284
"1072","MATH","2411","Calculus II","Fall 2019",2019-08-19,2019-07-11,173
"1073","MATH","2830","Introductory Statistics","Fall 2019",2019-08-19,2019-07-11,160
"1074","MATH","1010","Math for Liberal Arts","Fall 2019",2019-08-19,2019-07-12,277
"1075","MATH","1060","Finite Mathematics","Fall 2019",2019-08-19,2019-07-12,174
"1076","MATH","1110","College Algebra","Fall 2019",2019-08-19,2019-07-12,117
"1077","MATH","1401","Calculus I","Fall 2019",2019-08-19,2019-07-12,285
"1078","MATH","2411","Calculus II","Fall 2019",2019-08-19,2019-07-12,174
"1079","MATH","2830","Introductory Statistics","Fall 2019",2019-08-19,2019-07-12,162
"1080","MATH","1010","Math for Liberal Arts","Fall 2019",2019-08-19,2019-07-13,282
"1081","MATH","1060","Finite Mathematics","Fall 2019",2019-08-19,2019-07-13,175
"1082","MATH","1110","College Algebra","Fall 2019",2019-08-19,2019-07-13,128
"1083","MATH","1401","Calculus I","Fall 2019",2019-08-19,2019-07-13,293
"1084","MATH","2411","Calculus II","Fall 2019",2019-08-19,2019-07-13,175
"1085","MATH","2830","Introductory Statistics","Fall 2019",2019-08-19,2019-07-13,167
"1086","MATH","1010","Math for Liberal Arts","Fall 2019",2019-08-19,2019-07-14,282
"1087","MATH","1060","Finite Mathematics","Fall 2019",2019-08-19,2019-07-14,175
"1088","MATH","1110","College Algebra","Fall 2019",2019-08-19,2019-07-14,128
"1089","MATH","1401","Calculus I","Fall 2019",2019-08-19,2019-07-14,293
"1090","MATH","2411","Calculus II","Fall 2019",2019-08-19,2019-07-14,175
"1091","MATH","2830","Introductory Statistics","Fall 2019",2019-08-19,2019-07-14,167
"1092","MATH","1010","Math for Liberal Arts","Fall 2019",2019-08-19,2019-07-15,283
"1093","MATH","1060","Finite Mathematics","Fall 2019",2019-08-19,2019-07-15,175
"1094","MATH","1110","College Algebra","Fall 2019",2019-08-19,2019-07-15,129
"1095","MATH","1401","Calculus I","Fall 2019",2019-08-19,2019-07-15,293
"1096","MATH","2411","Calculus II","Fall 2019",2019-08-19,2019-07-15,177
"1097","MATH","2830","Introductory Statistics","Fall 2019",2019-08-19,2019-07-15,168
"1098","MATH","1010","Math for Liberal Arts","Fall 2019",2019-08-19,2019-07-16,283
"1099","MATH","1060","Finite Mathematics","Fall 2019",2019-08-19,2019-07-16,175
"1100","MATH","1110","College Algebra","Fall 2019",2019-08-19,2019-07-16,128
"1101","MATH","1401","Calculus I","Fall 2019",2019-08-19,2019-07-16,293
"1102","MATH","2411","Calculus II","Fall 2019",2019-08-19,2019-07-16,177
"1103","MATH","2830","Introductory Statistics","Fall 2019",2019-08-19,2019-07-16,169
"1104","MATH","1010","Math for Liberal Arts","Fall 2019",2019-08-19,2019-07-17,284
"1105","MATH","1060","Finite Mathematics","Fall 2019",2019-08-19,2019-07-17,176
"1106","MATH","1110","College Algebra","Fall 2019",2019-08-19,2019-07-17,131
"1107","MATH","1401","Calculus I","Fall 2019",2019-08-19,2019-07-17,293
"1108","MATH","2411","Calculus II","Fall 2019",2019-08-19,2019-07-17,177
"1109","MATH","2830","Introductory Statistics","Fall 2019",2019-08-19,2019-07-17,170
"1110","MATH","1010","Math for Liberal Arts","Fall 2019",2019-08-19,2019-07-18,283
"1111","MATH","1060","Finite Mathematics","Fall 2019",2019-08-19,2019-07-18,176
"1112","MATH","1110","College Algebra","Fall 2019",2019-08-19,2019-07-18,132
"1113","MATH","1401","Calculus I","Fall 2019",2019-08-19,2019-07-18,296
"1114","MATH","2411","Calculus II","Fall 2019",2019-08-19,2019-07-18,177
"1115","MATH","2830","Introductory Statistics","Fall 2019",2019-08-19,2019-07-18,174
"1116","MATH","1010","Math for Liberal Arts","Fall 2019",2019-08-19,2019-07-19,286
"1117","MATH","1060","Finite Mathematics","Fall 2019",2019-08-19,2019-07-19,177
"1118","MATH","1110","College Algebra","Fall 2019",2019-08-19,2019-07-19,133
"1119","MATH","1401","Calculus I","Fall 2019",2019-08-19,2019-07-19,296
"1120","MATH","2411","Calculus II","Fall 2019",2019-08-19,2019-07-19,178
"1121","MATH","2830","Introductory Statistics","Fall 2019",2019-08-19,2019-07-19,174
"1122","MATH","1010","Math for Liberal Arts","Fall 2019",2019-08-19,2019-07-20,304
"1123","MATH","1060","Finite Mathematics","Fall 2019",2019-08-19,2019-07-20,187
"1124","MATH","1110","College Algebra","Fall 2019",2019-08-19,2019-07-20,137
"1125","MATH","1401","Calculus I","Fall 2019",2019-08-19,2019-07-20,301
"1126","MATH","2411","Calculus II","Fall 2019",2019-08-19,2019-07-20,179
"1127","MATH","2830","Introductory Statistics","Fall 2019",2019-08-19,2019-07-20,175
"1128","MATH","1010","Math for Liberal Arts","Fall 2019",2019-08-19,2019-07-21,304
"1129","MATH","1060","Finite Mathematics","Fall 2019",2019-08-19,2019-07-21,187
"1130","MATH","1110","College Algebra","Fall 2019",2019-08-19,2019-07-21,138
"1131","MATH","1401","Calculus I","Fall 2019",2019-08-19,2019-07-21,301
"1132","MATH","2411","Calculus II","Fall 2019",2019-08-19,2019-07-21,179
"1133","MATH","2830","Introductory Statistics","Fall 2019",2019-08-19,2019-07-21,175
"1134","MATH","1010","Math for Liberal Arts","Fall 2019",2019-08-19,2019-07-22,304
"1135","MATH","1060","Finite Mathematics","Fall 2019",2019-08-19,2019-07-22,188
"1136","MATH","1110","College Algebra","Fall 2019",2019-08-19,2019-07-22,138
"1137","MATH","1401","Calculus I","Fall 2019",2019-08-19,2019-07-22,301
"1138","MATH","2411","Calculus II","Fall 2019",2019-08-19,2019-07-22,180
"1139","MATH","2830","Introductory Statistics","Fall 2019",2019-08-19,2019-07-22,175
"1140","MATH","1010","Math for Liberal Arts","Fall 2019",2019-08-19,2019-07-23,305
"1141","MATH","1060","Finite Mathematics","Fall 2019",2019-08-19,2019-07-23,191
"1142","MATH","1110","College Algebra","Fall 2019",2019-08-19,2019-07-23,140
"1143","MATH","1401","Calculus I","Fall 2019",2019-08-19,2019-07-23,302
"1144","MATH","2411","Calculus II","Fall 2019",2019-08-19,2019-07-23,179
"1145","MATH","2830","Introductory Statistics","Fall 2019",2019-08-19,2019-07-23,176
"1146","MATH","1010","Math for Liberal Arts","Fall 2019",2019-08-19,2019-07-24,305
"1147","MATH","1060","Finite Mathematics","Fall 2019",2019-08-19,2019-07-24,191
"1148","MATH","1110","College Algebra","Fall 2019",2019-08-19,2019-07-24,143
"1149","MATH","1401","Calculus I","Fall 2019",2019-08-19,2019-07-24,303
"1150","MATH","2411","Calculus II","Fall 2019",2019-08-19,2019-07-24,180
"1151","MATH","2830","Introductory Statistics","Fall 2019",2019-08-19,2019-07-24,176
"1152","MATH","1010","Math for Liberal Arts","Fall 2019",2019-08-19,2019-07-25,306
"1153","MATH","1060","Finite Mathematics","Fall 2019",2019-08-19,2019-07-25,199
"1154","MATH","1110","College Algebra","Fall 2019",2019-08-19,2019-07-25,143
"1155","MATH","1401","Calculus I","Fall 2019",2019-08-19,2019-07-25,305
"1156","MATH","2411","Calculus II","Fall 2019",2019-08-19,2019-07-25,180
"1157","MATH","2830","Introductory Statistics","Fall 2019",2019-08-19,2019-07-25,177
"1158","MATH","1010","Math for Liberal Arts","Fall 2019",2019-08-19,2019-07-26,309
"1159","MATH","1060","Finite Mathematics","Fall 2019",2019-08-19,2019-07-26,201
"1160","MATH","1110","College Algebra","Fall 2019",2019-08-19,2019-07-26,134
"1161","MATH","1401","Calculus I","Fall 2019",2019-08-19,2019-07-26,310
"1162","MATH","2411","Calculus II","Fall 2019",2019-08-19,2019-07-26,178
"1163","MATH","2830","Introductory Statistics","Fall 2019",2019-08-19,2019-07-26,181
"1164","MATH","1010","Math for Liberal Arts","Fall 2019",2019-08-19,2019-07-27,309
"1165","MATH","1060","Finite Mathematics","Fall 2019",2019-08-19,2019-07-27,204
"1166","MATH","1110","College Algebra","Fall 2019",2019-08-19,2019-07-27,134
"1167","MATH","1401","Calculus I","Fall 2019",2019-08-19,2019-07-27,310
"1168","MATH","2411","Calculus II","Fall 2019",2019-08-19,2019-07-27,180
"1169","MATH","2830","Introductory Statistics","Fall 2019",2019-08-19,2019-07-27,183
"1170","MATH","1010","Math for Liberal Arts","Fall 2019",2019-08-19,2019-07-28,309
"1171","MATH","1060","Finite Mathematics","Fall 2019",2019-08-19,2019-07-28,204
"1172","MATH","1110","College Algebra","Fall 2019",2019-08-19,2019-07-28,134
"1173","MATH","1401","Calculus I","Fall 2019",2019-08-19,2019-07-28,311
"1174","MATH","2411","Calculus II","Fall 2019",2019-08-19,2019-07-28,180
"1175","MATH","2830","Introductory Statistics","Fall 2019",2019-08-19,2019-07-28,187
"1176","MATH","1010","Math for Liberal Arts","Fall 2019",2019-08-19,2019-07-29,311
"1177","MATH","1060","Finite Mathematics","Fall 2019",2019-08-19,2019-07-29,205
"1178","MATH","1110","College Algebra","Fall 2019",2019-08-19,2019-07-29,134
"1179","MATH","1401","Calculus I","Fall 2019",2019-08-19,2019-07-29,315
"1180","MATH","2411","Calculus II","Fall 2019",2019-08-19,2019-07-29,181
"1181","MATH","2830","Introductory Statistics","Fall 2019",2019-08-19,2019-07-29,185
"1182","MATH","1010","Math for Liberal Arts","Fall 2019",2019-08-19,2019-07-30,317
"1183","MATH","1060","Finite Mathematics","Fall 2019",2019-08-19,2019-07-30,212
"1184","MATH","1110","College Algebra","Fall 2019",2019-08-19,2019-07-30,138
"1185","MATH","1401","Calculus I","Fall 2019",2019-08-19,2019-07-30,319
"1186","MATH","2411","Calculus II","Fall 2019",2019-08-19,2019-07-30,186
"1187","MATH","2830","Introductory Statistics","Fall 2019",2019-08-19,2019-07-30,187
"1188","MATH","1010","Math for Liberal Arts","Fall 2019",2019-08-19,2019-07-31,317
"1189","MATH","1060","Finite Mathematics","Fall 2019",2019-08-19,2019-07-31,213
"1190","MATH","1110","College Algebra","Fall 2019",2019-08-19,2019-07-31,140
"1191","MATH","1401","Calculus I","Fall 2019",2019-08-19,2019-07-31,321
"1192","MATH","2411","Calculus II","Fall 2019",2019-08-19,2019-07-31,187
"1193","MATH","2830","Introductory Statistics","Fall 2019",2019-08-19,2019-07-31,187
"1194","MATH","1010","Math for Liberal Arts","Fall 2019",2019-08-19,2019-08-01,317
"1195","MATH","1060","Finite Mathematics","Fall 2019",2019-08-19,2019-08-01,214
"1196","MATH","1110","College Algebra","Fall 2019",2019-08-19,2019-08-01,140
"1197","MATH","1401","Calculus I","Fall 2019",2019-08-19,2019-08-01,321
"1198","MATH","2411","Calculus II","Fall 2019",2019-08-19,2019-08-01,187
"1199","MATH","2830","Introductory Statistics","Fall 2019",2019-08-19,2019-08-01,189
"1200","MATH","1010","Math for Liberal Arts","Fall 2019",2019-08-19,2019-08-02,321
"1201","MATH","1060","Finite Mathematics","Fall 2019",2019-08-19,2019-08-02,219
"1202","MATH","1110","College Algebra","Fall 2019",2019-08-19,2019-08-02,143
"1203","MATH","1401","Calculus I","Fall 2019",2019-08-19,2019-08-02,320
"1204","MATH","2411","Calculus II","Fall 2019",2019-08-19,2019-08-02,188
"1205","MATH","2830","Introductory Statistics","Fall 2019",2019-08-19,2019-08-02,190
"1206","MATH","1010","Math for Liberal Arts","Fall 2019",2019-08-19,2019-08-03,323
"1207","MATH","1060","Finite Mathematics","Fall 2019",2019-08-19,2019-08-03,219
"1208","MATH","1110","College Algebra","Fall 2019",2019-08-19,2019-08-03,141
"1209","MATH","1401","Calculus I","Fall 2019",2019-08-19,2019-08-03,321
"1210","MATH","2411","Calculus II","Fall 2019",2019-08-19,2019-08-03,186
"1211","MATH","2830","Introductory Statistics","Fall 2019",2019-08-19,2019-08-03,191
"1212","MATH","1010","Math for Liberal Arts","Fall 2019",2019-08-19,2019-08-04,326
"1213","MATH","1060","Finite Mathematics","Fall 2019",2019-08-19,2019-08-04,219
"1214","MATH","1110","College Algebra","Fall 2019",2019-08-19,2019-08-04,142
"1215","MATH","1401","Calculus I","Fall 2019",2019-08-19,2019-08-04,322
"1216","MATH","2411","Calculus II","Fall 2019",2019-08-19,2019-08-04,186
"1217","MATH","2830","Introductory Statistics","Fall 2019",2019-08-19,2019-08-04,190
"1218","MATH","1010","Math for Liberal Arts","Fall 2019",2019-08-19,2019-08-05,326
"1219","MATH","1060","Finite Mathematics","Fall 2019",2019-08-19,2019-08-05,221
"1220","MATH","1110","College Algebra","Fall 2019",2019-08-19,2019-08-05,142
"1221","MATH","1401","Calculus I","Fall 2019",2019-08-19,2019-08-05,327
"1222","MATH","2411","Calculus II","Fall 2019",2019-08-19,2019-08-05,186
"1223","MATH","2830","Introductory Statistics","Fall 2019",2019-08-19,2019-08-05,191
"1224","MATH","1010","Math for Liberal Arts","Fall 2019",2019-08-19,2019-08-06,326
"1225","MATH","1060","Finite Mathematics","Fall 2019",2019-08-19,2019-08-06,224
"1226","MATH","1110","College Algebra","Fall 2019",2019-08-19,2019-08-06,141
"1227","MATH","1401","Calculus I","Fall 2019",2019-08-19,2019-08-06,326
"1228","MATH","2411","Calculus II","Fall 2019",2019-08-19,2019-08-06,186
"1229","MATH","2830","Introductory Statistics","Fall 2019",2019-08-19,2019-08-06,190
"1230","MATH","1010","Math for Liberal Arts","Fall 2019",2019-08-19,2019-08-07,327
"1231","MATH","1060","Finite Mathematics","Fall 2019",2019-08-19,2019-08-07,224
"1232","MATH","1110","College Algebra","Fall 2019",2019-08-19,2019-08-07,145
"1233","MATH","1401","Calculus I","Fall 2019",2019-08-19,2019-08-07,329
"1234","MATH","2411","Calculus II","Fall 2019",2019-08-19,2019-08-07,186
"1235","MATH","2830","Introductory Statistics","Fall 2019",2019-08-19,2019-08-07,191
"1236","MATH","1010","Math for Liberal Arts","Fall 2019",2019-08-19,2019-08-08,330
"1237","MATH","1060","Finite Mathematics","Fall 2019",2019-08-19,2019-08-08,221
"1238","MATH","1110","College Algebra","Fall 2019",2019-08-19,2019-08-08,150
"1239","MATH","1401","Calculus I","Fall 2019",2019-08-19,2019-08-08,334
"1240","MATH","2411","Calculus II","Fall 2019",2019-08-19,2019-08-08,188
"1241","MATH","2830","Introductory Statistics","Fall 2019",2019-08-19,2019-08-08,193
"1242","MATH","1010","Math for Liberal Arts","Fall 2019",2019-08-19,2019-08-09,331
"1243","MATH","1060","Finite Mathematics","Fall 2019",2019-08-19,2019-08-09,224
"1244","MATH","1110","College Algebra","Fall 2019",2019-08-19,2019-08-09,152
"1245","MATH","1401","Calculus I","Fall 2019",2019-08-19,2019-08-09,340
"1246","MATH","2411","Calculus II","Fall 2019",2019-08-19,2019-08-09,192
"1247","MATH","2830","Introductory Statistics","Fall 2019",2019-08-19,2019-08-09,194
"1248","MATH","1010","Math for Liberal Arts","Fall 2019",2019-08-19,2019-08-10,332
"1249","MATH","1060","Finite Mathematics","Fall 2019",2019-08-19,2019-08-10,224
"1250","MATH","1110","College Algebra","Fall 2019",2019-08-19,2019-08-10,153
"1251","MATH","1401","Calculus I","Fall 2019",2019-08-19,2019-08-10,344
"1252","MATH","2411","Calculus II","Fall 2019",2019-08-19,2019-08-10,194
"1253","MATH","2830","Introductory Statistics","Fall 2019",2019-08-19,2019-08-10,194
"1254","MATH","1010","Math for Liberal Arts","Fall 2019",2019-08-19,2019-08-11,335
"1255","MATH","1060","Finite Mathematics","Fall 2019",2019-08-19,2019-08-11,224
"1256","MATH","1110","College Algebra","Fall 2019",2019-08-19,2019-08-11,154
"1257","MATH","1401","Calculus I","Fall 2019",2019-08-19,2019-08-11,344
"1258","MATH","2411","Calculus II","Fall 2019",2019-08-19,2019-08-11,194
"1259","MATH","2830","Introductory Statistics","Fall 2019",2019-08-19,2019-08-11,193
"1260","MATH","1010","Math for Liberal Arts","Fall 2019",2019-08-19,2019-08-12,339
"1261","MATH","1060","Finite Mathematics","Fall 2019",2019-08-19,2019-08-12,224
"1262","MATH","1110","College Algebra","Fall 2019",2019-08-19,2019-08-12,158
"1263","MATH","1401","Calculus I","Fall 2019",2019-08-19,2019-08-12,348
"1264","MATH","2411","Calculus II","Fall 2019",2019-08-19,2019-08-12,193
"1265","MATH","2830","Introductory Statistics","Fall 2019",2019-08-19,2019-08-12,193
"1266","MATH","1010","Math for Liberal Arts","Fall 2019",2019-08-19,2019-08-13,341
"1267","MATH","1060","Finite Mathematics","Fall 2019",2019-08-19,2019-08-13,224
"1268","MATH","1110","College Algebra","Fall 2019",2019-08-19,2019-08-13,158
"1269","MATH","1401","Calculus I","Fall 2019",2019-08-19,2019-08-13,349
"1270","MATH","2411","Calculus II","Fall 2019",2019-08-19,2019-08-13,195
"1271","MATH","2830","Introductory Statistics","Fall 2019",2019-08-19,2019-08-13,193
"1272","MATH","1010","Math for Liberal Arts","Fall 2019",2019-08-19,2019-08-14,340
"1273","MATH","1060","Finite Mathematics","Fall 2019",2019-08-19,2019-08-14,224
"1274","MATH","1110","College Algebra","Fall 2019",2019-08-19,2019-08-14,160
"1275","MATH","1401","Calculus I","Fall 2019",2019-08-19,2019-08-14,354
"1276","MATH","2411","Calculus II","Fall 2019",2019-08-19,2019-08-14,199
"1277","MATH","2830","Introductory Statistics","Fall 2019",2019-08-19,2019-08-14,200
"1278","MATH","1010","Math for Liberal Arts","Fall 2019",2019-08-19,2019-08-15,343
"1279","MATH","1060","Finite Mathematics","Fall 2019",2019-08-19,2019-08-15,224
"1280","MATH","1110","College Algebra","Fall 2019",2019-08-19,2019-08-15,164
"1281","MATH","1401","Calculus I","Fall 2019",2019-08-19,2019-08-15,357
"1282","MATH","2411","Calculus II","Fall 2019",2019-08-19,2019-08-15,201
"1283","MATH","2830","Introductory Statistics","Fall 2019",2019-08-19,2019-08-15,202
"1284","MATH","1010","Math for Liberal Arts","Fall 2019",2019-08-19,2019-08-16,347
"1285","MATH","1060","Finite Mathematics","Fall 2019",2019-08-19,2019-08-16,224
"1286","MATH","1110","College Algebra","Fall 2019",2019-08-19,2019-08-16,172
"1287","MATH","1401","Calculus I","Fall 2019",2019-08-19,2019-08-16,362
"1288","MATH","2411","Calculus II","Fall 2019",2019-08-19,2019-08-16,198
"1289","MATH","2830","Introductory Statistics","Fall 2019",2019-08-19,2019-08-16,205
"1290","MATH","1010","Math for Liberal Arts","Fall 2019",2019-08-19,2019-08-17,349
"1291","MATH","1060","Finite Mathematics","Fall 2019",2019-08-19,2019-08-17,224
"1292","MATH","1110","College Algebra","Fall 2019",2019-08-19,2019-08-17,174
"1293","MATH","1401","Calculus I","Fall 2019",2019-08-19,2019-08-17,363
"1294","MATH","2411","Calculus II","Fall 2019",2019-08-19,2019-08-17,198
"1295","MATH","2830","Introductory Statistics","Fall 2019",2019-08-19,2019-08-17,203
"1296","MATH","1010","Math for Liberal Arts","Fall 2019",2019-08-19,2019-08-18,348
"1297","MATH","1060","Finite Mathematics","Fall 2019",2019-08-19,2019-08-18,224
"1298","MATH","1110","College Algebra","Fall 2019",2019-08-19,2019-08-18,177
"1299","MATH","1401","Calculus I","Fall 2019",2019-08-19,2019-08-18,364
"1300","MATH","2411","Calculus II","Fall 2019",2019-08-19,2019-08-18,198
"1301","MATH","2830","Introductory Statistics","Fall 2019",2019-08-19,2019-08-18,204
"1302","MATH","1010","Math for Liberal Arts","Fall 2019",2019-08-19,2019-08-19,352
"1303","MATH","1060","Finite Mathematics","Fall 2019",2019-08-19,2019-08-19,238
"1304","MATH","1110","College Algebra","Fall 2019",2019-08-19,2019-08-19,180
"1305","MATH","1401","Calculus I","Fall 2019",2019-08-19,2019-08-19,373
"1306","MATH","2411","Calculus II","Fall 2019",2019-08-19,2019-08-19,203
"1307","MATH","2830","Introductory Statistics","Fall 2019",2019-08-19,2019-08-19,206
"1308","MATH","1010","Math for Liberal Arts","Fall 2019",2019-08-19,2019-08-20,356
"1309","MATH","1060","Finite Mathematics","Fall 2019",2019-08-19,2019-08-20,240
"1310","MATH","1110","College Algebra","Fall 2019",2019-08-19,2019-08-20,184
"1311","MATH","1401","Calculus I","Fall 2019",2019-08-19,2019-08-20,380
"1312","MATH","2411","Calculus II","Fall 2019",2019-08-19,2019-08-20,205
"1313","MATH","2830","Introductory Statistics","Fall 2019",2019-08-19,2019-08-20,211
"1314","MATH","1010","Math for Liberal Arts","Fall 2019",2019-08-19,2019-08-21,356
"1315","MATH","1060","Finite Mathematics","Fall 2019",2019-08-19,2019-08-21,240
"1316","MATH","1110","College Algebra","Fall 2019",2019-08-19,2019-08-21,186
"1317","MATH","1401","Calculus I","Fall 2019",2019-08-19,2019-08-21,384
"1318","MATH","2411","Calculus II","Fall 2019",2019-08-19,2019-08-21,206
"1319","MATH","2830","Introductory Statistics","Fall 2019",2019-08-19,2019-08-21,210
"1320","MATH","1010","Math for Liberal Arts","Fall 2019",2019-08-19,2019-08-22,357
"1321","MATH","1060","Finite Mathematics","Fall 2019",2019-08-19,2019-08-22,239
"1322","MATH","1110","College Algebra","Fall 2019",2019-08-19,2019-08-22,184
"1323","MATH","1401","Calculus I","Fall 2019",2019-08-19,2019-08-22,384
"1324","MATH","2411","Calculus II","Fall 2019",2019-08-19,2019-08-22,206
"1325","MATH","2830","Introductory Statistics","Fall 2019",2019-08-19,2019-08-22,210
"1326","MATH","1010","Math for Liberal Arts","Fall 2019",2019-08-19,2019-08-23,361
"1327","MATH","1060","Finite Mathematics","Fall 2019",2019-08-19,2019-08-23,238
"1328","MATH","1110","College Algebra","Fall 2019",2019-08-19,2019-08-23,185
"1329","MATH","1401","Calculus I","Fall 2019",2019-08-19,2019-08-23,387
"1330","MATH","2411","Calculus II","Fall 2019",2019-08-19,2019-08-23,206
"1331","MATH","2830","Introductory Statistics","Fall 2019",2019-08-19,2019-08-23,210
"1332","MATH","1010","Math for Liberal Arts","Fall 2019",2019-08-19,2019-08-24,359
"1333","MATH","1060","Finite Mathematics","Fall 2019",2019-08-19,2019-08-24,237
"1334","MATH","1110","College Algebra","Fall 2019",2019-08-19,2019-08-24,186
"1335","MATH","1401","Calculus I","Fall 2019",2019-08-19,2019-08-24,389
"1336","MATH","2411","Calculus II","Fall 2019",2019-08-19,2019-08-24,206
"1337","MATH","2830","Introductory Statistics","Fall 2019",2019-08-19,2019-08-24,212
"1338","MATH","1010","Math for Liberal Arts","Fall 2019",2019-08-19,2019-08-25,359
"1339","MATH","1060","Finite Mathematics","Fall 2019",2019-08-19,2019-08-25,237
"1340","MATH","1110","College Algebra","Fall 2019",2019-08-19,2019-08-25,186
"1341","MATH","1401","Calculus I","Fall 2019",2019-08-19,2019-08-25,388
"1342","MATH","2411","Calculus II","Fall 2019",2019-08-19,2019-08-25,207
"1343","MATH","2830","Introductory Statistics","Fall 2019",2019-08-19,2019-08-25,213
"1344","MATH","1010","Math for Liberal Arts","Fall 2019",2019-08-19,2019-08-26,359
"1345","MATH","1060","Finite Mathematics","Fall 2019",2019-08-19,2019-08-26,238
"1346","MATH","1110","College Algebra","Fall 2019",2019-08-19,2019-08-26,184
"1347","MATH","1401","Calculus I","Fall 2019",2019-08-19,2019-08-26,389
"1348","MATH","2411","Calculus II","Fall 2019",2019-08-19,2019-08-26,206
"1349","MATH","2830","Introductory Statistics","Fall 2019",2019-08-19,2019-08-26,210
"1350","MATH","1010","Math for Liberal Arts","Fall 2019",2019-08-19,2019-08-27,358
"1351","MATH","1060","Finite Mathematics","Fall 2019",2019-08-19,2019-08-27,236
"1352","MATH","1110","College Algebra","Fall 2019",2019-08-19,2019-08-27,184
"1353","MATH","1401","Calculus I","Fall 2019",2019-08-19,2019-08-27,385
"1354","MATH","2411","Calculus II","Fall 2019",2019-08-19,2019-08-27,203
"1355","MATH","2830","Introductory Statistics","Fall 2019",2019-08-19,2019-08-27,206
"1356","MATH","1010","Math for Liberal Arts","Fall 2019",2019-08-19,2019-08-28,358
"1357","MATH","1060","Finite Mathematics","Fall 2019",2019-08-19,2019-08-28,232
"1358","MATH","1110","College Algebra","Fall 2019",2019-08-19,2019-08-28,186
"1359","MATH","1401","Calculus I","Fall 2019",2019-08-19,2019-08-28,386
"1360","MATH","2411","Calculus II","Fall 2019",2019-08-19,2019-08-28,203
"1361","MATH","2830","Introductory Statistics","Fall 2019",2019-08-19,2019-08-28,207
"1362","MATH","1010","Math for Liberal Arts","Fall 2019",2019-08-19,2019-08-29,358
"1363","MATH","1060","Finite Mathematics","Fall 2019",2019-08-19,2019-08-29,234
"1364","MATH","1110","College Algebra","Fall 2019",2019-08-19,2019-08-29,185
"1365","MATH","1401","Calculus I","Fall 2019",2019-08-19,2019-08-29,385
"1366","MATH","2411","Calculus II","Fall 2019",2019-08-19,2019-08-29,202
"1367","MATH","2830","Introductory Statistics","Fall 2019",2019-08-19,2019-08-29,209
"1368","MATH","1010","Math for Liberal Arts","Fall 2019",2019-08-19,2019-08-30,357
"1369","MATH","1060","Finite Mathematics","Fall 2019",2019-08-19,2019-08-30,234
"1370","MATH","1110","College Algebra","Fall 2019",2019-08-19,2019-08-30,186
"1371","MATH","1401","Calculus I","Fall 2019",2019-08-19,2019-08-30,385
"1372","MATH","2411","Calculus II","Fall 2019",2019-08-19,2019-08-30,202
"1373","MATH","2830","Introductory Statistics","Fall 2019",2019-08-19,2019-08-30,210
"1374","MATH","1010","Math for Liberal Arts","Fall 2019",2019-08-19,2019-08-31,357
"1375","MATH","1060","Finite Mathematics","Fall 2019",2019-08-19,2019-08-31,234
"1376","MATH","1110","College Algebra","Fall 2019",2019-08-19,2019-08-31,187
"1377","MATH","1401","Calculus I","Fall 2019",2019-08-19,2019-08-31,382
"1378","MATH","2411","Calculus II","Fall 2019",2019-08-19,2019-08-31,201
"1379","MATH","2830","Introductory Statistics","Fall 2019",2019-08-19,2019-08-31,210
"1380","MATH","1010","Math for Liberal Arts","Fall 2019",2019-08-19,2019-09-01,356
"1381","MATH","1060","Finite Mathematics","Fall 2019",2019-08-19,2019-09-01,234
"1382","MATH","1110","College Algebra","Fall 2019",2019-08-19,2019-09-01,187
"1383","MATH","1401","Calculus I","Fall 2019",2019-08-19,2019-09-01,382
"1384","MATH","2411","Calculus II","Fall 2019",2019-08-19,2019-09-01,201
"1385","MATH","2830","Introductory Statistics","Fall 2019",2019-08-19,2019-09-01,210
"1386","MATH","1010","Math for Liberal Arts","Fall 2019",2019-08-19,2019-09-02,356
"1387","MATH","1060","Finite Mathematics","Fall 2019",2019-08-19,2019-09-02,234
"1388","MATH","1110","College Algebra","Fall 2019",2019-08-19,2019-09-02,187
"1389","MATH","1401","Calculus I","Fall 2019",2019-08-19,2019-09-02,382
"1390","MATH","2411","Calculus II","Fall 2019",2019-08-19,2019-09-02,200
"1391","MATH","2830","Introductory Statistics","Fall 2019",2019-08-19,2019-09-02,210
"1392","MATH","1010","Math for Liberal Arts","Fall 2019",2019-08-19,2019-09-03,355
"1393","MATH","1060","Finite Mathematics","Fall 2019",2019-08-19,2019-09-03,234
"1394","MATH","1110","College Algebra","Fall 2019",2019-08-19,2019-09-03,187
"1395","MATH","1401","Calculus I","Fall 2019",2019-08-19,2019-09-03,382
"1396","MATH","2411","Calculus II","Fall 2019",2019-08-19,2019-09-03,200
"1397","MATH","2830","Introductory Statistics","Fall 2019",2019-08-19,2019-09-03,210
"1398","MATH","1010","Math for Liberal Arts","Fall 2019",2019-08-19,2019-09-04,351
"1399","MATH","1060","Finite Mathematics","Fall 2019",2019-08-19,2019-09-04,234
"1400","MATH","1110","College Algebra","Fall 2019",2019-08-19,2019-09-04,189
"1401","MATH","1401","Calculus I","Fall 2019",2019-08-19,2019-09-04,382
"1402","MATH","2411","Calculus II","Fall 2019",2019-08-19,2019-09-04,198
"1403","MATH","2830","Introductory Statistics","Fall 2019",2019-08-19,2019-09-04,210
"1404","MATH","1010","Math for Liberal Arts","Fall 2019",2019-08-19,2019-09-05,350
"1405","MATH","1060","Finite Mathematics","Fall 2019",2019-08-19,2019-09-05,231
"1406","MATH","1110","College Algebra","Fall 2019",2019-08-19,2019-09-05,192
"1407","MATH","1401","Calculus I","Fall 2019",2019-08-19,2019-09-05,380
"1408","MATH","2411","Calculus II","Fall 2019",2019-08-19,2019-09-05,199
"1409","MATH","2830","Introductory Statistics","Fall 2019",2019-08-19,2019-09-05,205
"1410","MATH","1010","Math for Liberal Arts","Fall 2019",2019-08-19,2019-09-06,350
"1411","MATH","1060","Finite Mathematics","Fall 2019",2019-08-19,2019-09-06,231
"1412","MATH","1110","College Algebra","Fall 2019",2019-08-19,2019-09-06,192
"1413","MATH","1401","Calculus I","Fall 2019",2019-08-19,2019-09-06,380
"1414","MATH","2411","Calculus II","Fall 2019",2019-08-19,2019-09-06,199
"1415","MATH","2830","Introductory Statistics","Fall 2019",2019-08-19,2019-09-06,205
"1416","MATH","1010","Math for Liberal Arts","Fall 2019",2019-08-19,2019-09-07,350
"1417","MATH","1060","Finite Mathematics","Fall 2019",2019-08-19,2019-09-07,231
"1418","MATH","1110","College Algebra","Fall 2019",2019-08-19,2019-09-07,192
"1419","MATH","1401","Calculus I","Fall 2019",2019-08-19,2019-09-07,380
"1420","MATH","2411","Calculus II","Fall 2019",2019-08-19,2019-09-07,199
"1421","MATH","2830","Introductory Statistics","Fall 2019",2019-08-19,2019-09-07,205
"1422","MATH","1010","Math for Liberal Arts","Fall 2019",2019-08-19,2019-09-08,350
"1423","MATH","1060","Finite Mathematics","Fall 2019",2019-08-19,2019-09-08,231
"1424","MATH","1110","College Algebra","Fall 2019",2019-08-19,2019-09-08,192
"1425","MATH","1401","Calculus I","Fall 2019",2019-08-19,2019-09-08,380
"1426","MATH","2411","Calculus II","Fall 2019",2019-08-19,2019-09-08,199
"1427","MATH","2830","Introductory Statistics","Fall 2019",2019-08-19,2019-09-08,205
"1428","MATH","1010","Math for Liberal Arts","Fall 2019",2019-08-19,2019-09-09,350
"1429","MATH","1060","Finite Mathematics","Fall 2019",2019-08-19,2019-09-09,231
"1430","MATH","1110","College Algebra","Fall 2019",2019-08-19,2019-09-09,192
"1431","MATH","1401","Calculus I","Fall 2019",2019-08-19,2019-09-09,380
"1432","MATH","2411","Calculus II","Fall 2019",2019-08-19,2019-09-09,199
"1433","MATH","2830","Introductory Statistics","Fall 2019",2019-08-19,2019-09-09,205
"1434","MATH","1010","Math for Liberal Arts","Spring 2020",2020-01-21,2019-11-02,1
"1435","MATH","1060","Finite Mathematics","Spring 2020",2020-01-21,2019-11-02,1
"1436","MATH","1401","Calculus I","Spring 2020",2020-01-21,2019-11-02,3
"1437","MATH","2411","Calculus II","Spring 2020",2020-01-21,2019-11-02,5
"1438","MATH","2830","Introductory Statistics","Spring 2020",2020-01-21,2019-11-02,10
"1439","MATH","1010","Math for Liberal Arts","Spring 2020",2020-01-21,2019-11-03,1
"1440","MATH","1060","Finite Mathematics","Spring 2020",2020-01-21,2019-11-03,2
"1441","MATH","1401","Calculus I","Spring 2020",2020-01-21,2019-11-03,3
"1442","MATH","2411","Calculus II","Spring 2020",2020-01-21,2019-11-03,8
"1443","MATH","2830","Introductory Statistics","Spring 2020",2020-01-21,2019-11-03,10
"1444","MATH","1010","Math for Liberal Arts","Spring 2020",2020-01-21,2019-11-04,1
"1445","MATH","1060","Finite Mathematics","Spring 2020",2020-01-21,2019-11-04,2
"1446","MATH","1401","Calculus I","Spring 2020",2020-01-21,2019-11-04,4
"1447","MATH","2411","Calculus II","Spring 2020",2020-01-21,2019-11-04,8
"1448","MATH","2830","Introductory Statistics","Spring 2020",2020-01-21,2019-11-04,10
"1449","MATH","1010","Math for Liberal Arts","Spring 2020",2020-01-21,2019-11-05,1
"1450","MATH","1060","Finite Mathematics","Spring 2020",2020-01-21,2019-11-05,2
"1451","MATH","1401","Calculus I","Spring 2020",2020-01-21,2019-11-05,9
"1452","MATH","2411","Calculus II","Spring 2020",2020-01-21,2019-11-05,9
"1453","MATH","2830","Introductory Statistics","Spring 2020",2020-01-21,2019-11-05,11
"1454","MATH","1010","Math for Liberal Arts","Spring 2020",2020-01-21,2019-11-06,1
"1455","MATH","1060","Finite Mathematics","Spring 2020",2020-01-21,2019-11-06,2
"1456","MATH","1401","Calculus I","Spring 2020",2020-01-21,2019-11-06,11
"1457","MATH","2411","Calculus II","Spring 2020",2020-01-21,2019-11-06,10
"1458","MATH","2830","Introductory Statistics","Spring 2020",2020-01-21,2019-11-06,11
"1459","MATH","1010","Math for Liberal Arts","Spring 2020",2020-01-21,2019-11-07,1
"1460","MATH","1060","Finite Mathematics","Spring 2020",2020-01-21,2019-11-07,2
"1461","MATH","1401","Calculus I","Spring 2020",2020-01-21,2019-11-07,11
"1462","MATH","2411","Calculus II","Spring 2020",2020-01-21,2019-11-07,10
"1463","MATH","2830","Introductory Statistics","Spring 2020",2020-01-21,2019-11-07,11
"1464","MATH","1010","Math for Liberal Arts","Spring 2020",2020-01-21,2019-11-08,1
"1465","MATH","1060","Finite Mathematics","Spring 2020",2020-01-21,2019-11-08,2
"1466","MATH","1401","Calculus I","Spring 2020",2020-01-21,2019-11-08,12
"1467","MATH","2411","Calculus II","Spring 2020",2020-01-21,2019-11-08,12
"1468","MATH","2830","Introductory Statistics","Spring 2020",2020-01-21,2019-11-08,14
"1469","MATH","1010","Math for Liberal Arts","Spring 2020",2020-01-21,2019-11-09,1
"1470","MATH","1060","Finite Mathematics","Spring 2020",2020-01-21,2019-11-09,2
"1471","MATH","1110","College Algebra","Spring 2020",2020-01-21,2019-11-09,1
"1472","MATH","1401","Calculus I","Spring 2020",2020-01-21,2019-11-09,16
"1473","MATH","2411","Calculus II","Spring 2020",2020-01-21,2019-11-09,14
"1474","MATH","2830","Introductory Statistics","Spring 2020",2020-01-21,2019-11-09,16
"1475","MATH","1010","Math for Liberal Arts","Spring 2020",2020-01-21,2019-11-10,1
"1476","MATH","1060","Finite Mathematics","Spring 2020",2020-01-21,2019-11-10,2
"1477","MATH","1110","College Algebra","Spring 2020",2020-01-21,2019-11-10,1
"1478","MATH","1401","Calculus I","Spring 2020",2020-01-21,2019-11-10,16
"1479","MATH","2411","Calculus II","Spring 2020",2020-01-21,2019-11-10,14
"1480","MATH","2830","Introductory Statistics","Spring 2020",2020-01-21,2019-11-10,16
"1481","MATH","1010","Math for Liberal Arts","Spring 2020",2020-01-21,2019-11-11,1
"1482","MATH","1060","Finite Mathematics","Spring 2020",2020-01-21,2019-11-11,3
"1483","MATH","1110","College Algebra","Spring 2020",2020-01-21,2019-11-11,1
"1484","MATH","1401","Calculus I","Spring 2020",2020-01-21,2019-11-11,17
"1485","MATH","2411","Calculus II","Spring 2020",2020-01-21,2019-11-11,15
"1486","MATH","2830","Introductory Statistics","Spring 2020",2020-01-21,2019-11-11,16
"1487","MATH","1010","Math for Liberal Arts","Spring 2020",2020-01-21,2019-11-12,2
"1488","MATH","1060","Finite Mathematics","Spring 2020",2020-01-21,2019-11-12,3
"1489","MATH","1110","College Algebra","Spring 2020",2020-01-21,2019-11-12,2
"1490","MATH","1401","Calculus I","Spring 2020",2020-01-21,2019-11-12,24
"1491","MATH","2411","Calculus II","Spring 2020",2020-01-21,2019-11-12,23
"1492","MATH","2830","Introductory Statistics","Spring 2020",2020-01-21,2019-11-12,25
"1493","MATH","1010","Math for Liberal Arts","Spring 2020",2020-01-21,2019-11-13,4
"1494","MATH","1060","Finite Mathematics","Spring 2020",2020-01-21,2019-11-13,4
"1495","MATH","1110","College Algebra","Spring 2020",2020-01-21,2019-11-13,2
"1496","MATH","1401","Calculus I","Spring 2020",2020-01-21,2019-11-13,29
"1497","MATH","2411","Calculus II","Spring 2020",2020-01-21,2019-11-13,27
"1498","MATH","2830","Introductory Statistics","Spring 2020",2020-01-21,2019-11-13,25
"1499","MATH","1010","Math for Liberal Arts","Spring 2020",2020-01-21,2019-11-14,8
"1500","MATH","1060","Finite Mathematics","Spring 2020",2020-01-21,2019-11-14,6
"1501","MATH","1110","College Algebra","Spring 2020",2020-01-21,2019-11-14,3
"1502","MATH","1401","Calculus I","Spring 2020",2020-01-21,2019-11-14,42
"1503","MATH","2411","Calculus II","Spring 2020",2020-01-21,2019-11-14,33
"1504","MATH","2830","Introductory Statistics","Spring 2020",2020-01-21,2019-11-14,29
"1505","MATH","1010","Math for Liberal Arts","Spring 2020",2020-01-21,2019-11-15,28
"1506","MATH","1060","Finite Mathematics","Spring 2020",2020-01-21,2019-11-15,22
"1507","MATH","1110","College Algebra","Spring 2020",2020-01-21,2019-11-15,14
"1508","MATH","1401","Calculus I","Spring 2020",2020-01-21,2019-11-15,112
"1509","MATH","2411","Calculus II","Spring 2020",2020-01-21,2019-11-15,85
"1510","MATH","2830","Introductory Statistics","Spring 2020",2020-01-21,2019-11-15,80
"1511","MATH","1010","Math for Liberal Arts","Spring 2020",2020-01-21,2019-11-16,41
"1512","MATH","1060","Finite Mathematics","Spring 2020",2020-01-21,2019-11-16,32
"1513","MATH","1110","College Algebra","Spring 2020",2020-01-21,2019-11-16,17
"1514","MATH","1401","Calculus I","Spring 2020",2020-01-21,2019-11-16,127
"1515","MATH","2411","Calculus II","Spring 2020",2020-01-21,2019-11-16,97
"1516","MATH","2830","Introductory Statistics","Spring 2020",2020-01-21,2019-11-16,87
"1517","MATH","1010","Math for Liberal Arts","Spring 2020",2020-01-21,2019-11-17,45
"1518","MATH","1060","Finite Mathematics","Spring 2020",2020-01-21,2019-11-17,31
"1519","MATH","1110","College Algebra","Spring 2020",2020-01-21,2019-11-17,17
"1520","MATH","1401","Calculus I","Spring 2020",2020-01-21,2019-11-17,132
"1521","MATH","2411","Calculus II","Spring 2020",2020-01-21,2019-11-17,105
"1522","MATH","2830","Introductory Statistics","Spring 2020",2020-01-21,2019-11-17,91
"1523","MATH","1010","Math for Liberal Arts","Spring 2020",2020-01-21,2019-11-18,50
"1524","MATH","1060","Finite Mathematics","Spring 2020",2020-01-21,2019-11-18,34
"1525","MATH","1110","College Algebra","Spring 2020",2020-01-21,2019-11-18,19
"1526","MATH","1401","Calculus I","Spring 2020",2020-01-21,2019-11-18,143
"1527","MATH","2411","Calculus II","Spring 2020",2020-01-21,2019-11-18,111
"1528","MATH","2830","Introductory Statistics","Spring 2020",2020-01-21,2019-11-18,99
"1529","MATH","1010","Math for Liberal Arts","Spring 2020",2020-01-21,2019-11-19,51
"1530","MATH","1060","Finite Mathematics","Spring 2020",2020-01-21,2019-11-19,37
"1531","MATH","1110","College Algebra","Spring 2020",2020-01-21,2019-11-19,19
"1532","MATH","1401","Calculus I","Spring 2020",2020-01-21,2019-11-19,153
"1533","MATH","2411","Calculus II","Spring 2020",2020-01-21,2019-11-19,114
"1534","MATH","2830","Introductory Statistics","Spring 2020",2020-01-21,2019-11-19,103
"1535","MATH","1010","Math for Liberal Arts","Spring 2020",2020-01-21,2019-11-20,55
"1536","MATH","1060","Finite Mathematics","Spring 2020",2020-01-21,2019-11-20,45
"1537","MATH","1110","College Algebra","Spring 2020",2020-01-21,2019-11-20,20
"1538","MATH","1401","Calculus I","Spring 2020",2020-01-21,2019-11-20,160
"1539","MATH","2411","Calculus II","Spring 2020",2020-01-21,2019-11-20,123
"1540","MATH","2830","Introductory Statistics","Spring 2020",2020-01-21,2019-11-20,106
"1541","MATH","1010","Math for Liberal Arts","Spring 2020",2020-01-21,2019-11-21,57
"1542","MATH","1060","Finite Mathematics","Spring 2020",2020-01-21,2019-11-21,47
"1543","MATH","1110","College Algebra","Spring 2020",2020-01-21,2019-11-21,22
"1544","MATH","1401","Calculus I","Spring 2020",2020-01-21,2019-11-21,162
"1545","MATH","2411","Calculus II","Spring 2020",2020-01-21,2019-11-21,127
"1546","MATH","2830","Introductory Statistics","Spring 2020",2020-01-21,2019-11-21,109
"1547","MATH","1010","Math for Liberal Arts","Spring 2020",2020-01-21,2019-11-22,59
"1548","MATH","1060","Finite Mathematics","Spring 2020",2020-01-21,2019-11-22,49
"1549","MATH","1110","College Algebra","Spring 2020",2020-01-21,2019-11-22,22
"1550","MATH","1401","Calculus I","Spring 2020",2020-01-21,2019-11-22,164
"1551","MATH","2411","Calculus II","Spring 2020",2020-01-21,2019-11-22,131
"1552","MATH","2830","Introductory Statistics","Spring 2020",2020-01-21,2019-11-22,115
"1553","MATH","1010","Math for Liberal Arts","Spring 2020",2020-01-21,2019-11-23,63
"1554","MATH","1060","Finite Mathematics","Spring 2020",2020-01-21,2019-11-23,50
"1555","MATH","1110","College Algebra","Spring 2020",2020-01-21,2019-11-23,23
"1556","MATH","1401","Calculus I","Spring 2020",2020-01-21,2019-11-23,166
"1557","MATH","2411","Calculus II","Spring 2020",2020-01-21,2019-11-23,134
"1558","MATH","2830","Introductory Statistics","Spring 2020",2020-01-21,2019-11-23,116
"1559","MATH","1010","Math for Liberal Arts","Spring 2020",2020-01-21,2019-11-24,64
"1560","MATH","1060","Finite Mathematics","Spring 2020",2020-01-21,2019-11-24,50
"1561","MATH","1110","College Algebra","Spring 2020",2020-01-21,2019-11-24,23
"1562","MATH","1401","Calculus I","Spring 2020",2020-01-21,2019-11-24,167
"1563","MATH","2411","Calculus II","Spring 2020",2020-01-21,2019-11-24,134
"1564","MATH","2830","Introductory Statistics","Spring 2020",2020-01-21,2019-11-24,116
"1565","MATH","1010","Math for Liberal Arts","Spring 2020",2020-01-21,2019-11-25,65
"1566","MATH","1060","Finite Mathematics","Spring 2020",2020-01-21,2019-11-25,49
"1567","MATH","1110","College Algebra","Spring 2020",2020-01-21,2019-11-25,24
"1568","MATH","1401","Calculus I","Spring 2020",2020-01-21,2019-11-25,168
"1569","MATH","2411","Calculus II","Spring 2020",2020-01-21,2019-11-25,136
"1570","MATH","2830","Introductory Statistics","Spring 2020",2020-01-21,2019-11-25,117
"1571","MATH","1010","Math for Liberal Arts","Spring 2020",2020-01-21,2019-11-26,67
"1572","MATH","1060","Finite Mathematics","Spring 2020",2020-01-21,2019-11-26,53
"1573","MATH","1110","College Algebra","Spring 2020",2020-01-21,2019-11-26,26
"1574","MATH","1401","Calculus I","Spring 2020",2020-01-21,2019-11-26,168
"1575","MATH","2411","Calculus II","Spring 2020",2020-01-21,2019-11-26,139
"1576","MATH","2830","Introductory Statistics","Spring 2020",2020-01-21,2019-11-26,117
"1577","MATH","1010","Math for Liberal Arts","Spring 2020",2020-01-21,2019-11-27,66
"1578","MATH","1060","Finite Mathematics","Spring 2020",2020-01-21,2019-11-27,54
"1579","MATH","1110","College Algebra","Spring 2020",2020-01-21,2019-11-27,29
"1580","MATH","1401","Calculus I","Spring 2020",2020-01-21,2019-11-27,169
"1581","MATH","2411","Calculus II","Spring 2020",2020-01-21,2019-11-27,140
"1582","MATH","2830","Introductory Statistics","Spring 2020",2020-01-21,2019-11-27,117
"1583","MATH","1010","Math for Liberal Arts","Spring 2020",2020-01-21,2019-11-28,66
"1584","MATH","1060","Finite Mathematics","Spring 2020",2020-01-21,2019-11-28,54
"1585","MATH","1110","College Algebra","Spring 2020",2020-01-21,2019-11-28,29
"1586","MATH","1401","Calculus I","Spring 2020",2020-01-21,2019-11-28,170
"1587","MATH","2411","Calculus II","Spring 2020",2020-01-21,2019-11-28,140
"1588","MATH","2830","Introductory Statistics","Spring 2020",2020-01-21,2019-11-28,119
"1589","MATH","1010","Math for Liberal Arts","Spring 2020",2020-01-21,2019-11-29,67
"1590","MATH","1060","Finite Mathematics","Spring 2020",2020-01-21,2019-11-29,55
"1591","MATH","1110","College Algebra","Spring 2020",2020-01-21,2019-11-29,29
"1592","MATH","1401","Calculus I","Spring 2020",2020-01-21,2019-11-29,173
"1593","MATH","2411","Calculus II","Spring 2020",2020-01-21,2019-11-29,139
"1594","MATH","2830","Introductory Statistics","Spring 2020",2020-01-21,2019-11-29,119
"1595","MATH","1010","Math for Liberal Arts","Spring 2020",2020-01-21,2019-11-30,68
"1596","MATH","1060","Finite Mathematics","Spring 2020",2020-01-21,2019-11-30,56
"1597","MATH","1110","College Algebra","Spring 2020",2020-01-21,2019-11-30,29
"1598","MATH","1401","Calculus I","Spring 2020",2020-01-21,2019-11-30,174
"1599","MATH","2411","Calculus II","Spring 2020",2020-01-21,2019-11-30,141
"1600","MATH","2830","Introductory Statistics","Spring 2020",2020-01-21,2019-11-30,120
"1601","MATH","1010","Math for Liberal Arts","Spring 2020",2020-01-21,2019-12-01,68
"1602","MATH","1060","Finite Mathematics","Spring 2020",2020-01-21,2019-12-01,59
"1603","MATH","1110","College Algebra","Spring 2020",2020-01-21,2019-12-01,29
"1604","MATH","1401","Calculus I","Spring 2020",2020-01-21,2019-12-01,174
"1605","MATH","2411","Calculus II","Spring 2020",2020-01-21,2019-12-01,141
"1606","MATH","2830","Introductory Statistics","Spring 2020",2020-01-21,2019-12-01,120
"1607","MATH","1010","Math for Liberal Arts","Spring 2020",2020-01-21,2019-12-02,68
"1608","MATH","1060","Finite Mathematics","Spring 2020",2020-01-21,2019-12-02,60
"1609","MATH","1110","College Algebra","Spring 2020",2020-01-21,2019-12-02,29
"1610","MATH","1401","Calculus I","Spring 2020",2020-01-21,2019-12-02,176
"1611","MATH","2411","Calculus II","Spring 2020",2020-01-21,2019-12-02,142
"1612","MATH","2830","Introductory Statistics","Spring 2020",2020-01-21,2019-12-02,120
"1613","MATH","1010","Math for Liberal Arts","Spring 2020",2020-01-21,2019-12-03,71
"1614","MATH","1060","Finite Mathematics","Spring 2020",2020-01-21,2019-12-03,61
"1615","MATH","1110","College Algebra","Spring 2020",2020-01-21,2019-12-03,31
"1616","MATH","1401","Calculus I","Spring 2020",2020-01-21,2019-12-03,183
"1617","MATH","2411","Calculus II","Spring 2020",2020-01-21,2019-12-03,147
"1618","MATH","2830","Introductory Statistics","Spring 2020",2020-01-21,2019-12-03,121
"1619","MATH","1010","Math for Liberal Arts","Spring 2020",2020-01-21,2019-12-04,72
"1620","MATH","1060","Finite Mathematics","Spring 2020",2020-01-21,2019-12-04,63
"1621","MATH","1110","College Algebra","Spring 2020",2020-01-21,2019-12-04,31
"1622","MATH","1401","Calculus I","Spring 2020",2020-01-21,2019-12-04,185
"1623","MATH","2411","Calculus II","Spring 2020",2020-01-21,2019-12-04,148
"1624","MATH","2830","Introductory Statistics","Spring 2020",2020-01-21,2019-12-04,122
"1625","MATH","1010","Math for Liberal Arts","Spring 2020",2020-01-21,2019-12-05,75
"1626","MATH","1060","Finite Mathematics","Spring 2020",2020-01-21,2019-12-05,65
"1627","MATH","1110","College Algebra","Spring 2020",2020-01-21,2019-12-05,32
"1628","MATH","1401","Calculus I","Spring 2020",2020-01-21,2019-12-05,188
"1629","MATH","2411","Calculus II","Spring 2020",2020-01-21,2019-12-05,157
"1630","MATH","2830","Introductory Statistics","Spring 2020",2020-01-21,2019-12-05,120
"1631","MATH","1010","Math for Liberal Arts","Spring 2020",2020-01-21,2019-12-06,79
"1632","MATH","1060","Finite Mathematics","Spring 2020",2020-01-21,2019-12-06,67
"1633","MATH","1110","College Algebra","Spring 2020",2020-01-21,2019-12-06,34
"1634","MATH","1401","Calculus I","Spring 2020",2020-01-21,2019-12-06,192
"1635","MATH","2411","Calculus II","Spring 2020",2020-01-21,2019-12-06,158
"1636","MATH","2830","Introductory Statistics","Spring 2020",2020-01-21,2019-12-06,123
"1637","MATH","1010","Math for Liberal Arts","Spring 2020",2020-01-21,2019-12-07,82
"1638","MATH","1060","Finite Mathematics","Spring 2020",2020-01-21,2019-12-07,69
"1639","MATH","1110","College Algebra","Spring 2020",2020-01-21,2019-12-07,36
"1640","MATH","1401","Calculus I","Spring 2020",2020-01-21,2019-12-07,195
"1641","MATH","2411","Calculus II","Spring 2020",2020-01-21,2019-12-07,171
"1642","MATH","2830","Introductory Statistics","Spring 2020",2020-01-21,2019-12-07,124
"1643","MATH","1010","Math for Liberal Arts","Spring 2020",2020-01-21,2019-12-08,84
"1644","MATH","1060","Finite Mathematics","Spring 2020",2020-01-21,2019-12-08,70
"1645","MATH","1110","College Algebra","Spring 2020",2020-01-21,2019-12-08,35
"1646","MATH","1401","Calculus I","Spring 2020",2020-01-21,2019-12-08,197
"1647","MATH","2411","Calculus II","Spring 2020",2020-01-21,2019-12-08,171
"1648","MATH","2830","Introductory Statistics","Spring 2020",2020-01-21,2019-12-08,124
"1649","MATH","1010","Math for Liberal Arts","Spring 2020",2020-01-21,2019-12-09,85
"1650","MATH","1060","Finite Mathematics","Spring 2020",2020-01-21,2019-12-09,71
"1651","MATH","1110","College Algebra","Spring 2020",2020-01-21,2019-12-09,35
"1652","MATH","1401","Calculus I","Spring 2020",2020-01-21,2019-12-09,200
"1653","MATH","2411","Calculus II","Spring 2020",2020-01-21,2019-12-09,173
"1654","MATH","2830","Introductory Statistics","Spring 2020",2020-01-21,2019-12-09,125
"1655","MATH","1010","Math for Liberal Arts","Spring 2020",2020-01-21,2019-12-10,86
"1656","MATH","1060","Finite Mathematics","Spring 2020",2020-01-21,2019-12-10,74
"1657","MATH","1110","College Algebra","Spring 2020",2020-01-21,2019-12-10,36
"1658","MATH","1401","Calculus I","Spring 2020",2020-01-21,2019-12-10,204
"1659","MATH","2411","Calculus II","Spring 2020",2020-01-21,2019-12-10,172
"1660","MATH","2830","Introductory Statistics","Spring 2020",2020-01-21,2019-12-10,127
"1661","MATH","1010","Math for Liberal Arts","Spring 2020",2020-01-21,2019-12-11,92
"1662","MATH","1060","Finite Mathematics","Spring 2020",2020-01-21,2019-12-11,75
"1663","MATH","1110","College Algebra","Spring 2020",2020-01-21,2019-12-11,36
"1664","MATH","1401","Calculus I","Spring 2020",2020-01-21,2019-12-11,206
"1665","MATH","2411","Calculus II","Spring 2020",2020-01-21,2019-12-11,174
"1666","MATH","2830","Introductory Statistics","Spring 2020",2020-01-21,2019-12-11,129
"1667","MATH","1010","Math for Liberal Arts","Spring 2020",2020-01-21,2019-12-12,93
"1668","MATH","1060","Finite Mathematics","Spring 2020",2020-01-21,2019-12-12,78
"1669","MATH","1110","College Algebra","Spring 2020",2020-01-21,2019-12-12,38
"1670","MATH","1401","Calculus I","Spring 2020",2020-01-21,2019-12-12,211
"1671","MATH","2411","Calculus II","Spring 2020",2020-01-21,2019-12-12,174
"1672","MATH","2830","Introductory Statistics","Spring 2020",2020-01-21,2019-12-12,132
"1673","MATH","1010","Math for Liberal Arts","Spring 2020",2020-01-21,2019-12-13,95
"1674","MATH","1060","Finite Mathematics","Spring 2020",2020-01-21,2019-12-13,79
"1675","MATH","1110","College Algebra","Spring 2020",2020-01-21,2019-12-13,40
"1676","MATH","1401","Calculus I","Spring 2020",2020-01-21,2019-12-13,214
"1677","MATH","2411","Calculus II","Spring 2020",2020-01-21,2019-12-13,175
"1678","MATH","2830","Introductory Statistics","Spring 2020",2020-01-21,2019-12-13,130
"1679","MATH","1010","Math for Liberal Arts","Spring 2020",2020-01-21,2019-12-14,98
"1680","MATH","1060","Finite Mathematics","Spring 2020",2020-01-21,2019-12-14,82
"1681","MATH","1110","College Algebra","Spring 2020",2020-01-21,2019-12-14,40
"1682","MATH","1401","Calculus I","Spring 2020",2020-01-21,2019-12-14,214
"1683","MATH","2411","Calculus II","Spring 2020",2020-01-21,2019-12-14,176
"1684","MATH","2830","Introductory Statistics","Spring 2020",2020-01-21,2019-12-14,131
"1685","MATH","1010","Math for Liberal Arts","Spring 2020",2020-01-21,2019-12-15,97
"1686","MATH","1060","Finite Mathematics","Spring 2020",2020-01-21,2019-12-15,82
"1687","MATH","1110","College Algebra","Spring 2020",2020-01-21,2019-12-15,40
"1688","MATH","1401","Calculus I","Spring 2020",2020-01-21,2019-12-15,215
"1689","MATH","2411","Calculus II","Spring 2020",2020-01-21,2019-12-15,175
"1690","MATH","2830","Introductory Statistics","Spring 2020",2020-01-21,2019-12-15,132
"1691","MATH","1010","Math for Liberal Arts","Spring 2020",2020-01-21,2019-12-16,97
"1692","MATH","1060","Finite Mathematics","Spring 2020",2020-01-21,2019-12-16,83
"1693","MATH","1110","College Algebra","Spring 2020",2020-01-21,2019-12-16,41
"1694","MATH","1401","Calculus I","Spring 2020",2020-01-21,2019-12-16,217
"1695","MATH","2411","Calculus II","Spring 2020",2020-01-21,2019-12-16,175
"1696","MATH","2830","Introductory Statistics","Spring 2020",2020-01-21,2019-12-16,134
"1697","MATH","1010","Math for Liberal Arts","Spring 2020",2020-01-21,2019-12-17,101
"1698","MATH","1060","Finite Mathematics","Spring 2020",2020-01-21,2019-12-17,83
"1699","MATH","1110","College Algebra","Spring 2020",2020-01-21,2019-12-17,41
"1700","MATH","1401","Calculus I","Spring 2020",2020-01-21,2019-12-17,225
"1701","MATH","2411","Calculus II","Spring 2020",2020-01-21,2019-12-17,178
"1702","MATH","2830","Introductory Statistics","Spring 2020",2020-01-21,2019-12-17,139
"1703","MATH","1010","Math for Liberal Arts","Spring 2020",2020-01-21,2019-12-18,104
"1704","MATH","1060","Finite Mathematics","Spring 2020",2020-01-21,2019-12-18,85
"1705","MATH","1110","College Algebra","Spring 2020",2020-01-21,2019-12-18,42
"1706","MATH","1401","Calculus I","Spring 2020",2020-01-21,2019-12-18,226
"1707","MATH","2411","Calculus II","Spring 2020",2020-01-21,2019-12-18,179
"1708","MATH","2830","Introductory Statistics","Spring 2020",2020-01-21,2019-12-18,139
"1709","MATH","1010","Math for Liberal Arts","Spring 2020",2020-01-21,2019-12-19,104
"1710","MATH","1060","Finite Mathematics","Spring 2020",2020-01-21,2019-12-19,88
"1711","MATH","1110","College Algebra","Spring 2020",2020-01-21,2019-12-19,43
"1712","MATH","1401","Calculus I","Spring 2020",2020-01-21,2019-12-19,228
"1713","MATH","2411","Calculus II","Spring 2020",2020-01-21,2019-12-19,183
"1714","MATH","2830","Introductory Statistics","Spring 2020",2020-01-21,2019-12-19,137
"1715","MATH","1010","Math for Liberal Arts","Spring 2020",2020-01-21,2019-12-20,105
"1716","MATH","1060","Finite Mathematics","Spring 2020",2020-01-21,2019-12-20,88
"1717","MATH","1110","College Algebra","Spring 2020",2020-01-21,2019-12-20,43
"1718","MATH","1401","Calculus I","Spring 2020",2020-01-21,2019-12-20,229
"1719","MATH","2411","Calculus II","Spring 2020",2020-01-21,2019-12-20,185
"1720","MATH","2830","Introductory Statistics","Spring 2020",2020-01-21,2019-12-20,137
"1721","MATH","1010","Math for Liberal Arts","Spring 2020",2020-01-21,2019-12-21,107
"1722","MATH","1060","Finite Mathematics","Spring 2020",2020-01-21,2019-12-21,89
"1723","MATH","1110","College Algebra","Spring 2020",2020-01-21,2019-12-21,44
"1724","MATH","1401","Calculus I","Spring 2020",2020-01-21,2019-12-21,232
"1725","MATH","2411","Calculus II","Spring 2020",2020-01-21,2019-12-21,186
"1726","MATH","2830","Introductory Statistics","Spring 2020",2020-01-21,2019-12-21,137
"1727","MATH","1010","Math for Liberal Arts","Spring 2020",2020-01-21,2019-12-22,107
"1728","MATH","1060","Finite Mathematics","Spring 2020",2020-01-21,2019-12-22,90
"1729","MATH","1110","College Algebra","Spring 2020",2020-01-21,2019-12-22,44
"1730","MATH","1401","Calculus I","Spring 2020",2020-01-21,2019-12-22,232
"1731","MATH","2411","Calculus II","Spring 2020",2020-01-21,2019-12-22,188
"1732","MATH","2830","Introductory Statistics","Spring 2020",2020-01-21,2019-12-22,138
"1733","MATH","1010","Math for Liberal Arts","Spring 2020",2020-01-21,2019-12-23,108
"1734","MATH","1060","Finite Mathematics","Spring 2020",2020-01-21,2019-12-23,90
"1735","MATH","1110","College Algebra","Spring 2020",2020-01-21,2019-12-23,44
"1736","MATH","1401","Calculus I","Spring 2020",2020-01-21,2019-12-23,234
"1737","MATH","2411","Calculus II","Spring 2020",2020-01-21,2019-12-23,188
"1738","MATH","2830","Introductory Statistics","Spring 2020",2020-01-21,2019-12-23,140
"1739","MATH","1010","Math for Liberal Arts","Spring 2020",2020-01-21,2019-12-24,110
"1740","MATH","1060","Finite Mathematics","Spring 2020",2020-01-21,2019-12-24,90
"1741","MATH","1110","College Algebra","Spring 2020",2020-01-21,2019-12-24,44
"1742","MATH","1401","Calculus I","Spring 2020",2020-01-21,2019-12-24,235
"1743","MATH","2411","Calculus II","Spring 2020",2020-01-21,2019-12-24,188
"1744","MATH","2830","Introductory Statistics","Spring 2020",2020-01-21,2019-12-24,140
"1745","MATH","1010","Math for Liberal Arts","Spring 2020",2020-01-21,2019-12-25,110
"1746","MATH","1060","Finite Mathematics","Spring 2020",2020-01-21,2019-12-25,90
"1747","MATH","1110","College Algebra","Spring 2020",2020-01-21,2019-12-25,44
"1748","MATH","1401","Calculus I","Spring 2020",2020-01-21,2019-12-25,236
"1749","MATH","2411","Calculus II","Spring 2020",2020-01-21,2019-12-25,189
"1750","MATH","2830","Introductory Statistics","Spring 2020",2020-01-21,2019-12-25,141
"1751","MATH","1010","Math for Liberal Arts","Spring 2020",2020-01-21,2019-12-26,110
"1752","MATH","1060","Finite Mathematics","Spring 2020",2020-01-21,2019-12-26,90
"1753","MATH","1110","College Algebra","Spring 2020",2020-01-21,2019-12-26,45
"1754","MATH","1401","Calculus I","Spring 2020",2020-01-21,2019-12-26,236
"1755","MATH","2411","Calculus II","Spring 2020",2020-01-21,2019-12-26,189
"1756","MATH","2830","Introductory Statistics","Spring 2020",2020-01-21,2019-12-26,141
"1757","MATH","1010","Math for Liberal Arts","Spring 2020",2020-01-21,2019-12-27,110
"1758","MATH","1060","Finite Mathematics","Spring 2020",2020-01-21,2019-12-27,90
"1759","MATH","1110","College Algebra","Spring 2020",2020-01-21,2019-12-27,45
"1760","MATH","1401","Calculus I","Spring 2020",2020-01-21,2019-12-27,239
"1761","MATH","2411","Calculus II","Spring 2020",2020-01-21,2019-12-27,188
"1762","MATH","2830","Introductory Statistics","Spring 2020",2020-01-21,2019-12-27,142
"1763","MATH","1010","Math for Liberal Arts","Spring 2020",2020-01-21,2019-12-28,109
"1764","MATH","1060","Finite Mathematics","Spring 2020",2020-01-21,2019-12-28,90
"1765","MATH","1110","College Algebra","Spring 2020",2020-01-21,2019-12-28,46
"1766","MATH","1401","Calculus I","Spring 2020",2020-01-21,2019-12-28,239
"1767","MATH","2411","Calculus II","Spring 2020",2020-01-21,2019-12-28,188
"1768","MATH","2830","Introductory Statistics","Spring 2020",2020-01-21,2019-12-28,144
"1769","MATH","1010","Math for Liberal Arts","Spring 2020",2020-01-21,2019-12-29,109
"1770","MATH","1060","Finite Mathematics","Spring 2020",2020-01-21,2019-12-29,91
"1771","MATH","1110","College Algebra","Spring 2020",2020-01-21,2019-12-29,46
"1772","MATH","1401","Calculus I","Spring 2020",2020-01-21,2019-12-29,239
"1773","MATH","2411","Calculus II","Spring 2020",2020-01-21,2019-12-29,188
"1774","MATH","2830","Introductory Statistics","Spring 2020",2020-01-21,2019-12-29,144
"1775","MATH","1010","Math for Liberal Arts","Spring 2020",2020-01-21,2019-12-30,109
"1776","MATH","1060","Finite Mathematics","Spring 2020",2020-01-21,2019-12-30,91
"1777","MATH","1110","College Algebra","Spring 2020",2020-01-21,2019-12-30,46
"1778","MATH","1401","Calculus I","Spring 2020",2020-01-21,2019-12-30,239
"1779","MATH","2411","Calculus II","Spring 2020",2020-01-21,2019-12-30,188
"1780","MATH","2830","Introductory Statistics","Spring 2020",2020-01-21,2019-12-30,145
"1781","MATH","1010","Math for Liberal Arts","Spring 2020",2020-01-21,2019-12-31,109
"1782","MATH","1060","Finite Mathematics","Spring 2020",2020-01-21,2019-12-31,92
"1783","MATH","1110","College Algebra","Spring 2020",2020-01-21,2019-12-31,47
"1784","MATH","1401","Calculus I","Spring 2020",2020-01-21,2019-12-31,241
"1785","MATH","2411","Calculus II","Spring 2020",2020-01-21,2019-12-31,188
"1786","MATH","2830","Introductory Statistics","Spring 2020",2020-01-21,2019-12-31,145
"1787","MATH","1010","Math for Liberal Arts","Spring 2020",2020-01-21,2020-01-01,109
"1788","MATH","1060","Finite Mathematics","Spring 2020",2020-01-21,2020-01-01,92
"1789","MATH","1110","College Algebra","Spring 2020",2020-01-21,2020-01-01,47
"1790","MATH","1401","Calculus I","Spring 2020",2020-01-21,2020-01-01,241
"1791","MATH","2411","Calculus II","Spring 2020",2020-01-21,2020-01-01,188
"1792","MATH","2830","Introductory Statistics","Spring 2020",2020-01-21,2020-01-01,145
"1793","MATH","1010","Math for Liberal Arts","Spring 2020",2020-01-21,2020-01-02,110
"1794","MATH","1060","Finite Mathematics","Spring 2020",2020-01-21,2020-01-02,92
"1795","MATH","1110","College Algebra","Spring 2020",2020-01-21,2020-01-02,49
"1796","MATH","1401","Calculus I","Spring 2020",2020-01-21,2020-01-02,241
"1797","MATH","2411","Calculus II","Spring 2020",2020-01-21,2020-01-02,189
"1798","MATH","2830","Introductory Statistics","Spring 2020",2020-01-21,2020-01-02,147
"1799","MATH","1010","Math for Liberal Arts","Spring 2020",2020-01-21,2020-01-03,114
"1800","MATH","1060","Finite Mathematics","Spring 2020",2020-01-21,2020-01-03,95
"1801","MATH","1110","College Algebra","Spring 2020",2020-01-21,2020-01-03,49
"1802","MATH","1401","Calculus I","Spring 2020",2020-01-21,2020-01-03,242
"1803","MATH","2411","Calculus II","Spring 2020",2020-01-21,2020-01-03,190
"1804","MATH","2830","Introductory Statistics","Spring 2020",2020-01-21,2020-01-03,147
"1805","MATH","1010","Math for Liberal Arts","Spring 2020",2020-01-21,2020-01-04,117
"1806","MATH","1060","Finite Mathematics","Spring 2020",2020-01-21,2020-01-04,95
"1807","MATH","1110","College Algebra","Spring 2020",2020-01-21,2020-01-04,49
"1808","MATH","1401","Calculus I","Spring 2020",2020-01-21,2020-01-04,245
"1809","MATH","2411","Calculus II","Spring 2020",2020-01-21,2020-01-04,190
"1810","MATH","2830","Introductory Statistics","Spring 2020",2020-01-21,2020-01-04,146
"1811","MATH","1010","Math for Liberal Arts","Spring 2020",2020-01-21,2020-01-05,118
"1812","MATH","1060","Finite Mathematics","Spring 2020",2020-01-21,2020-01-05,97
"1813","MATH","1110","College Algebra","Spring 2020",2020-01-21,2020-01-05,49
"1814","MATH","1401","Calculus I","Spring 2020",2020-01-21,2020-01-05,245
"1815","MATH","2411","Calculus II","Spring 2020",2020-01-21,2020-01-05,190
"1816","MATH","2830","Introductory Statistics","Spring 2020",2020-01-21,2020-01-05,145
"1817","MATH","1010","Math for Liberal Arts","Spring 2020",2020-01-21,2020-01-06,118
"1818","MATH","1060","Finite Mathematics","Spring 2020",2020-01-21,2020-01-06,98
"1819","MATH","1110","College Algebra","Spring 2020",2020-01-21,2020-01-06,50
"1820","MATH","1401","Calculus I","Spring 2020",2020-01-21,2020-01-06,245
"1821","MATH","2411","Calculus II","Spring 2020",2020-01-21,2020-01-06,190
"1822","MATH","2830","Introductory Statistics","Spring 2020",2020-01-21,2020-01-06,145
"1823","MATH","1010","Math for Liberal Arts","Spring 2020",2020-01-21,2020-01-07,118
"1824","MATH","1060","Finite Mathematics","Spring 2020",2020-01-21,2020-01-07,98
"1825","MATH","1110","College Algebra","Spring 2020",2020-01-21,2020-01-07,50
"1826","MATH","1401","Calculus I","Spring 2020",2020-01-21,2020-01-07,250
"1827","MATH","2411","Calculus II","Spring 2020",2020-01-21,2020-01-07,190
"1828","MATH","2830","Introductory Statistics","Spring 2020",2020-01-21,2020-01-07,147
"1829","MATH","1010","Math for Liberal Arts","Spring 2020",2020-01-21,2020-01-08,121
"1830","MATH","1060","Finite Mathematics","Spring 2020",2020-01-21,2020-01-08,100
"1831","MATH","1110","College Algebra","Spring 2020",2020-01-21,2020-01-08,50
"1832","MATH","1401","Calculus I","Spring 2020",2020-01-21,2020-01-08,259
"1833","MATH","2411","Calculus II","Spring 2020",2020-01-21,2020-01-08,191
"1834","MATH","2830","Introductory Statistics","Spring 2020",2020-01-21,2020-01-08,150
"1835","MATH","1010","Math for Liberal Arts","Spring 2020",2020-01-21,2020-01-09,118
"1836","MATH","1060","Finite Mathematics","Spring 2020",2020-01-21,2020-01-09,101
"1837","MATH","1110","College Algebra","Spring 2020",2020-01-21,2020-01-09,41
"1838","MATH","1401","Calculus I","Spring 2020",2020-01-21,2020-01-09,262
"1839","MATH","2411","Calculus II","Spring 2020",2020-01-21,2020-01-09,194
"1840","MATH","2830","Introductory Statistics","Spring 2020",2020-01-21,2020-01-09,150
"1841","MATH","1010","Math for Liberal Arts","Spring 2020",2020-01-21,2020-01-10,125
"1842","MATH","1060","Finite Mathematics","Spring 2020",2020-01-21,2020-01-10,103
"1843","MATH","1110","College Algebra","Spring 2020",2020-01-21,2020-01-10,44
"1844","MATH","1401","Calculus I","Spring 2020",2020-01-21,2020-01-10,262
"1845","MATH","2411","Calculus II","Spring 2020",2020-01-21,2020-01-10,195
"1846","MATH","2830","Introductory Statistics","Spring 2020",2020-01-21,2020-01-10,152
"1847","MATH","1010","Math for Liberal Arts","Spring 2020",2020-01-21,2020-01-11,127
"1848","MATH","1060","Finite Mathematics","Spring 2020",2020-01-21,2020-01-11,106
"1849","MATH","1110","College Algebra","Spring 2020",2020-01-21,2020-01-11,47
"1850","MATH","1401","Calculus I","Spring 2020",2020-01-21,2020-01-11,262
"1851","MATH","2411","Calculus II","Spring 2020",2020-01-21,2020-01-11,196
"1852","MATH","2830","Introductory Statistics","Spring 2020",2020-01-21,2020-01-11,153
"1853","MATH","1010","Math for Liberal Arts","Spring 2020",2020-01-21,2020-01-12,128
"1854","MATH","1060","Finite Mathematics","Spring 2020",2020-01-21,2020-01-12,107
"1855","MATH","1110","College Algebra","Spring 2020",2020-01-21,2020-01-12,47
"1856","MATH","1401","Calculus I","Spring 2020",2020-01-21,2020-01-12,263
"1857","MATH","2411","Calculus II","Spring 2020",2020-01-21,2020-01-12,195
"1858","MATH","2830","Introductory Statistics","Spring 2020",2020-01-21,2020-01-12,153
"1859","MATH","1010","Math for Liberal Arts","Spring 2020",2020-01-21,2020-01-13,128
"1860","MATH","1060","Finite Mathematics","Spring 2020",2020-01-21,2020-01-13,109
"1861","MATH","1110","College Algebra","Spring 2020",2020-01-21,2020-01-13,48
"1862","MATH","1401","Calculus I","Spring 2020",2020-01-21,2020-01-13,265
"1863","MATH","2411","Calculus II","Spring 2020",2020-01-21,2020-01-13,195
"1864","MATH","2830","Introductory Statistics","Spring 2020",2020-01-21,2020-01-13,154
"1865","MATH","1010","Math for Liberal Arts","Spring 2020",2020-01-21,2020-01-14,129
"1866","MATH","1060","Finite Mathematics","Spring 2020",2020-01-21,2020-01-14,110
"1867","MATH","1110","College Algebra","Spring 2020",2020-01-21,2020-01-14,50
"1868","MATH","1401","Calculus I","Spring 2020",2020-01-21,2020-01-14,266
"1869","MATH","2411","Calculus II","Spring 2020",2020-01-21,2020-01-14,195
"1870","MATH","2830","Introductory Statistics","Spring 2020",2020-01-21,2020-01-14,157
"1871","MATH","1010","Math for Liberal Arts","Spring 2020",2020-01-21,2020-01-15,134
"1872","MATH","1060","Finite Mathematics","Spring 2020",2020-01-21,2020-01-15,114
"1873","MATH","1110","College Algebra","Spring 2020",2020-01-21,2020-01-15,58
"1874","MATH","1401","Calculus I","Spring 2020",2020-01-21,2020-01-15,271
"1875","MATH","2411","Calculus II","Spring 2020",2020-01-21,2020-01-15,196
"1876","MATH","2830","Introductory Statistics","Spring 2020",2020-01-21,2020-01-15,155
"1877","MATH","1010","Math for Liberal Arts","Spring 2020",2020-01-21,2020-01-16,139
"1878","MATH","1060","Finite Mathematics","Spring 2020",2020-01-21,2020-01-16,115
"1879","MATH","1110","College Algebra","Spring 2020",2020-01-21,2020-01-16,61
"1880","MATH","1401","Calculus I","Spring 2020",2020-01-21,2020-01-16,273
"1881","MATH","2411","Calculus II","Spring 2020",2020-01-21,2020-01-16,198
"1882","MATH","2830","Introductory Statistics","Spring 2020",2020-01-21,2020-01-16,158
"1883","MATH","1010","Math for Liberal Arts","Spring 2020",2020-01-21,2020-01-17,144
"1884","MATH","1060","Finite Mathematics","Spring 2020",2020-01-21,2020-01-17,120
"1885","MATH","1110","College Algebra","Spring 2020",2020-01-21,2020-01-17,65
"1886","MATH","1401","Calculus I","Spring 2020",2020-01-21,2020-01-17,277
"1887","MATH","2411","Calculus II","Spring 2020",2020-01-21,2020-01-17,197
"1888","MATH","2830","Introductory Statistics","Spring 2020",2020-01-21,2020-01-17,162
"1889","MATH","1010","Math for Liberal Arts","Spring 2020",2020-01-21,2020-01-18,148
"1890","MATH","1060","Finite Mathematics","Spring 2020",2020-01-21,2020-01-18,121
"1891","MATH","1110","College Algebra","Spring 2020",2020-01-21,2020-01-18,66
"1892","MATH","1401","Calculus I","Spring 2020",2020-01-21,2020-01-18,277
"1893","MATH","2411","Calculus II","Spring 2020",2020-01-21,2020-01-18,196
"1894","MATH","2830","Introductory Statistics","Spring 2020",2020-01-21,2020-01-18,165
"1895","MATH","1010","Math for Liberal Arts","Spring 2020",2020-01-21,2020-01-19,148
"1896","MATH","1060","Finite Mathematics","Spring 2020",2020-01-21,2020-01-19,124
"1897","MATH","1110","College Algebra","Spring 2020",2020-01-21,2020-01-19,66
"1898","MATH","1401","Calculus I","Spring 2020",2020-01-21,2020-01-19,279
"1899","MATH","2411","Calculus II","Spring 2020",2020-01-21,2020-01-19,197
"1900","MATH","2830","Introductory Statistics","Spring 2020",2020-01-21,2020-01-19,164
"1901","MATH","1010","Math for Liberal Arts","Spring 2020",2020-01-21,2020-01-20,147
"1902","MATH","1060","Finite Mathematics","Spring 2020",2020-01-21,2020-01-20,126
"1903","MATH","1110","College Algebra","Spring 2020",2020-01-21,2020-01-20,69
"1904","MATH","1401","Calculus I","Spring 2020",2020-01-21,2020-01-20,280
"1905","MATH","2411","Calculus II","Spring 2020",2020-01-21,2020-01-20,197
"1906","MATH","2830","Introductory Statistics","Spring 2020",2020-01-21,2020-01-20,169
"1907","MATH","1010","Math for Liberal Arts","Spring 2020",2020-01-21,2020-01-21,150
"1908","MATH","1060","Finite Mathematics","Spring 2020",2020-01-21,2020-01-21,129
"1909","MATH","1110","College Algebra","Spring 2020",2020-01-21,2020-01-21,78
"1910","MATH","1401","Calculus I","Spring 2020",2020-01-21,2020-01-21,283
"1911","MATH","2411","Calculus II","Spring 2020",2020-01-21,2020-01-21,195
"1912","MATH","2830","Introductory Statistics","Spring 2020",2020-01-21,2020-01-21,169
"1913","MATH","1010","Math for Liberal Arts","Spring 2020",2020-01-21,2020-01-22,150
"1914","MATH","1060","Finite Mathematics","Spring 2020",2020-01-21,2020-01-22,130
"1915","MATH","1110","College Algebra","Spring 2020",2020-01-21,2020-01-22,80
"1916","MATH","1401","Calculus I","Spring 2020",2020-01-21,2020-01-22,283
"1917","MATH","2411","Calculus II","Spring 2020",2020-01-21,2020-01-22,194
"1918","MATH","2830","Introductory Statistics","Spring 2020",2020-01-21,2020-01-22,169
"1919","MATH","1010","Math for Liberal Arts","Spring 2020",2020-01-21,2020-01-23,149
"1920","MATH","1060","Finite Mathematics","Spring 2020",2020-01-21,2020-01-23,131
"1921","MATH","1110","College Algebra","Spring 2020",2020-01-21,2020-01-23,82
"1922","MATH","1401","Calculus I","Spring 2020",2020-01-21,2020-01-23,292
"1923","MATH","2411","Calculus II","Spring 2020",2020-01-21,2020-01-23,198
"1924","MATH","2830","Introductory Statistics","Spring 2020",2020-01-21,2020-01-23,174
"1925","MATH","1010","Math for Liberal Arts","Spring 2020",2020-01-21,2020-01-24,149
"1926","MATH","1060","Finite Mathematics","Spring 2020",2020-01-21,2020-01-24,131
"1927","MATH","1110","College Algebra","Spring 2020",2020-01-21,2020-01-24,82
"1928","MATH","1401","Calculus I","Spring 2020",2020-01-21,2020-01-24,292
"1929","MATH","2411","Calculus II","Spring 2020",2020-01-21,2020-01-24,199
"1930","MATH","2830","Introductory Statistics","Spring 2020",2020-01-21,2020-01-24,175
"1931","MATH","1010","Math for Liberal Arts","Spring 2020",2020-01-21,2020-01-25,149
"1932","MATH","1060","Finite Mathematics","Spring 2020",2020-01-21,2020-01-25,131
"1933","MATH","1110","College Algebra","Spring 2020",2020-01-21,2020-01-25,83
"1934","MATH","1401","Calculus I","Spring 2020",2020-01-21,2020-01-25,290
"1935","MATH","2411","Calculus II","Spring 2020",2020-01-21,2020-01-25,199
"1936","MATH","2830","Introductory Statistics","Spring 2020",2020-01-21,2020-01-25,177
"1937","MATH","1010","Math for Liberal Arts","Spring 2020",2020-01-21,2020-01-26,151
"1938","MATH","1060","Finite Mathematics","Spring 2020",2020-01-21,2020-01-26,132
"1939","MATH","1110","College Algebra","Spring 2020",2020-01-21,2020-01-26,83
"1940","MATH","1401","Calculus I","Spring 2020",2020-01-21,2020-01-26,290
"1941","MATH","2411","Calculus II","Spring 2020",2020-01-21,2020-01-26,198
"1942","MATH","2830","Introductory Statistics","Spring 2020",2020-01-21,2020-01-26,177
"1943","MATH","1010","Math for Liberal Arts","Spring 2020",2020-01-21,2020-01-27,149
"1944","MATH","1060","Finite Mathematics","Spring 2020",2020-01-21,2020-01-27,132
"1945","MATH","1110","College Algebra","Spring 2020",2020-01-21,2020-01-27,83
"1946","MATH","1401","Calculus I","Spring 2020",2020-01-21,2020-01-27,289
"1947","MATH","2411","Calculus II","Spring 2020",2020-01-21,2020-01-27,199
"1948","MATH","2830","Introductory Statistics","Spring 2020",2020-01-21,2020-01-27,176
"1949","MATH","1010","Math for Liberal Arts","Spring 2020",2020-01-21,2020-01-28,145
"1950","MATH","1060","Finite Mathematics","Spring 2020",2020-01-21,2020-01-28,131
"1951","MATH","1110","College Algebra","Spring 2020",2020-01-21,2020-01-28,83
"1952","MATH","1401","Calculus I","Spring 2020",2020-01-21,2020-01-28,295
"1953","MATH","2411","Calculus II","Spring 2020",2020-01-21,2020-01-28,198
"1954","MATH","2830","Introductory Statistics","Spring 2020",2020-01-21,2020-01-28,175
"1955","MATH","1010","Math for Liberal Arts","Spring 2020",2020-01-21,2020-01-29,146
"1956","MATH","1060","Finite Mathematics","Spring 2020",2020-01-21,2020-01-29,130
"1957","MATH","1110","College Algebra","Spring 2020",2020-01-21,2020-01-29,82
"1958","MATH","1401","Calculus I","Spring 2020",2020-01-21,2020-01-29,298
"1959","MATH","2411","Calculus II","Spring 2020",2020-01-21,2020-01-29,198
"1960","MATH","2830","Introductory Statistics","Spring 2020",2020-01-21,2020-01-29,174
"1961","MATH","1010","Math for Liberal Arts","Spring 2020",2020-01-21,2020-01-30,144
"1962","MATH","1060","Finite Mathematics","Spring 2020",2020-01-21,2020-01-30,131
"1963","MATH","1110","College Algebra","Spring 2020",2020-01-21,2020-01-30,82
"1964","MATH","1401","Calculus I","Spring 2020",2020-01-21,2020-01-30,299
"1965","MATH","2411","Calculus II","Spring 2020",2020-01-21,2020-01-30,201
"1966","MATH","2830","Introductory Statistics","Spring 2020",2020-01-21,2020-01-30,175
"1967","MATH","1010","Math for Liberal Arts","Spring 2020",2020-01-21,2020-01-31,145
"1968","MATH","1060","Finite Mathematics","Spring 2020",2020-01-21,2020-01-31,130
"1969","MATH","1110","College Algebra","Spring 2020",2020-01-21,2020-01-31,83
"1970","MATH","1401","Calculus I","Spring 2020",2020-01-21,2020-01-31,300
"1971","MATH","2411","Calculus II","Spring 2020",2020-01-21,2020-01-31,201
"1972","MATH","2830","Introductory Statistics","Spring 2020",2020-01-21,2020-01-31,175
"1973","MATH","1010","Math for Liberal Arts","Spring 2020",2020-01-21,2020-02-01,144
"1974","MATH","1060","Finite Mathematics","Spring 2020",2020-01-21,2020-02-01,130
"1975","MATH","1110","College Algebra","Spring 2020",2020-01-21,2020-02-01,83
"1976","MATH","1401","Calculus I","Spring 2020",2020-01-21,2020-02-01,300
"1977","MATH","2411","Calculus II","Spring 2020",2020-01-21,2020-02-01,200
"1978","MATH","2830","Introductory Statistics","Spring 2020",2020-01-21,2020-02-01,174
"1979","MATH","1010","Math for Liberal Arts","Spring 2020",2020-01-21,2020-02-02,144
"1980","MATH","1060","Finite Mathematics","Spring 2020",2020-01-21,2020-02-02,130
"1981","MATH","1110","College Algebra","Spring 2020",2020-01-21,2020-02-02,83
"1982","MATH","1401","Calculus I","Spring 2020",2020-01-21,2020-02-02,300
"1983","MATH","2411","Calculus II","Spring 2020",2020-01-21,2020-02-02,200
"1984","MATH","2830","Introductory Statistics","Spring 2020",2020-01-21,2020-02-02,173
"1985","MATH","1010","Math for Liberal Arts","Spring 2020",2020-01-21,2020-02-03,144
"1986","MATH","1060","Finite Mathematics","Spring 2020",2020-01-21,2020-02-03,130
"1987","MATH","1110","College Algebra","Spring 2020",2020-01-21,2020-02-03,83
"1988","MATH","1401","Calculus I","Spring 2020",2020-01-21,2020-02-03,300
"1989","MATH","2411","Calculus II","Spring 2020",2020-01-21,2020-02-03,200
"1990","MATH","2830","Introductory Statistics","Spring 2020",2020-01-21,2020-02-03,171
"1991","MATH","1010","Math for Liberal Arts","Spring 2020",2020-01-21,2020-02-04,144
"1992","MATH","1060","Finite Mathematics","Spring 2020",2020-01-21,2020-02-04,129
"1993","MATH","1110","College Algebra","Spring 2020",2020-01-21,2020-02-04,83
"1994","MATH","1401","Calculus I","Spring 2020",2020-01-21,2020-02-04,301
"1995","MATH","2411","Calculus II","Spring 2020",2020-01-21,2020-02-04,200
"1996","MATH","2830","Introductory Statistics","Spring 2020",2020-01-21,2020-02-04,170
"1997","MATH","1010","Math for Liberal Arts","Spring 2020",2020-01-21,2020-02-05,144
"1998","MATH","1060","Finite Mathematics","Spring 2020",2020-01-21,2020-02-05,127
"1999","MATH","1110","College Algebra","Spring 2020",2020-01-21,2020-02-05,82
"2000","MATH","1401","Calculus I","Spring 2020",2020-01-21,2020-02-05,299
"2001","MATH","2411","Calculus II","Spring 2020",2020-01-21,2020-02-05,200
"2002","MATH","2830","Introductory Statistics","Spring 2020",2020-01-21,2020-02-05,170
"2003","MATH","1010","Math for Liberal Arts","Spring 2020",2020-01-21,2020-02-06,144
"2004","MATH","1060","Finite Mathematics","Spring 2020",2020-01-21,2020-02-06,129
"2005","MATH","1110","College Algebra","Spring 2020",2020-01-21,2020-02-06,84
"2006","MATH","1401","Calculus I","Spring 2020",2020-01-21,2020-02-06,298
"2007","MATH","2411","Calculus II","Spring 2020",2020-01-21,2020-02-06,199
"2008","MATH","2830","Introductory Statistics","Spring 2020",2020-01-21,2020-02-06,170
"2009","MATH","1010","Math for Liberal Arts","Spring 2020",2020-01-21,2020-02-07,144
"2010","MATH","1060","Finite Mathematics","Spring 2020",2020-01-21,2020-02-07,129
"2011","MATH","1110","College Algebra","Spring 2020",2020-01-21,2020-02-07,84
"2012","MATH","1401","Calculus I","Spring 2020",2020-01-21,2020-02-07,298
"2013","MATH","2411","Calculus II","Spring 2020",2020-01-21,2020-02-07,199
"2014","MATH","2830","Introductory Statistics","Spring 2020",2020-01-21,2020-02-07,170
"2015","MATH","1010","Math for Liberal Arts","Spring 2020",2020-01-21,2020-02-08,144
"2016","MATH","1060","Finite Mathematics","Spring 2020",2020-01-21,2020-02-08,129
"2017","MATH","1110","College Algebra","Spring 2020",2020-01-21,2020-02-08,84
"2018","MATH","1401","Calculus I","Spring 2020",2020-01-21,2020-02-08,298
"2019","MATH","2411","Calculus II","Spring 2020",2020-01-21,2020-02-08,199
"2020","MATH","2830","Introductory Statistics","Spring 2020",2020-01-21,2020-02-08,170
"2021","MATH","1010","Math for Liberal Arts","Spring 2020",2020-01-21,2020-02-09,144
"2022","MATH","1060","Finite Mathematics","Spring 2020",2020-01-21,2020-02-09,129
"2023","MATH","1110","College Algebra","Spring 2020",2020-01-21,2020-02-09,84
"2024","MATH","1401","Calculus I","Spring 2020",2020-01-21,2020-02-09,298
"2025","MATH","2411","Calculus II","Spring 2020",2020-01-21,2020-02-09,199
"2026","MATH","2830","Introductory Statistics","Spring 2020",2020-01-21,2020-02-09,170
"2027","MATH","1010","Math for Liberal Arts","Spring 2020",2020-01-21,2020-02-10,144
"2028","MATH","1060","Finite Mathematics","Spring 2020",2020-01-21,2020-02-10,129
"2029","MATH","1110","College Algebra","Spring 2020",2020-01-21,2020-02-10,84
"2030","MATH","1401","Calculus I","Spring 2020",2020-01-21,2020-02-10,298
"2031","MATH","2411","Calculus II","Spring 2020",2020-01-21,2020-02-10,199
"2032","MATH","2830","Introductory Statistics","Spring 2020",2020-01-21,2020-02-10,170
"2033","MATH","2830","Introductory Statistics","Fall 2020",2020-08-17,2020-04-01,1
"2034","MATH","1060","Finite Mathematics","Fall 2020",2020-08-17,2020-04-02,1
"2035","MATH","1110","College Algebra","Fall 2020",2020-08-17,2020-04-02,1
"2036","MATH","1401","Calculus I","Fall 2020",2020-08-17,2020-04-02,2
"2037","MATH","2411","Calculus II","Fall 2020",2020-08-17,2020-04-02,3
"2038","MATH","2830","Introductory Statistics","Fall 2020",2020-08-17,2020-04-02,1
"2039","MATH","1060","Finite Mathematics","Fall 2020",2020-08-17,2020-04-03,1
"2040","MATH","1110","College Algebra","Fall 2020",2020-08-17,2020-04-03,2
"2041","MATH","1401","Calculus I","Fall 2020",2020-08-17,2020-04-03,2
"2042","MATH","2411","Calculus II","Fall 2020",2020-08-17,2020-04-03,3
"2043","MATH","2830","Introductory Statistics","Fall 2020",2020-08-17,2020-04-03,2
"2044","MATH","1060","Finite Mathematics","Fall 2020",2020-08-17,2020-04-04,1
"2045","MATH","1110","College Algebra","Fall 2020",2020-08-17,2020-04-04,2
"2046","MATH","1401","Calculus I","Fall 2020",2020-08-17,2020-04-04,2
"2047","MATH","2411","Calculus II","Fall 2020",2020-08-17,2020-04-04,3
"2048","MATH","2830","Introductory Statistics","Fall 2020",2020-08-17,2020-04-04,2
"2049","MATH","1060","Finite Mathematics","Fall 2020",2020-08-17,2020-04-05,1
"2050","MATH","1110","College Algebra","Fall 2020",2020-08-17,2020-04-05,2
"2051","MATH","1401","Calculus I","Fall 2020",2020-08-17,2020-04-05,2
"2052","MATH","2411","Calculus II","Fall 2020",2020-08-17,2020-04-05,4
"2053","MATH","2830","Introductory Statistics","Fall 2020",2020-08-17,2020-04-05,2
"2054","MATH","1060","Finite Mathematics","Fall 2020",2020-08-17,2020-04-06,2
"2055","MATH","1110","College Algebra","Fall 2020",2020-08-17,2020-04-06,2
"2056","MATH","1401","Calculus I","Fall 2020",2020-08-17,2020-04-06,2
"2057","MATH","2411","Calculus II","Fall 2020",2020-08-17,2020-04-06,4
"2058","MATH","2830","Introductory Statistics","Fall 2020",2020-08-17,2020-04-06,3
"2059","MATH","1060","Finite Mathematics","Fall 2020",2020-08-17,2020-04-07,2
"2060","MATH","1110","College Algebra","Fall 2020",2020-08-17,2020-04-07,2
"2061","MATH","1401","Calculus I","Fall 2020",2020-08-17,2020-04-07,2
"2062","MATH","2411","Calculus II","Fall 2020",2020-08-17,2020-04-07,5
"2063","MATH","2830","Introductory Statistics","Fall 2020",2020-08-17,2020-04-07,3
"2064","MATH","1060","Finite Mathematics","Fall 2020",2020-08-17,2020-04-08,2
"2065","MATH","1110","College Algebra","Fall 2020",2020-08-17,2020-04-08,2
"2066","MATH","1401","Calculus I","Fall 2020",2020-08-17,2020-04-08,3
"2067","MATH","2411","Calculus II","Fall 2020",2020-08-17,2020-04-08,7
"2068","MATH","2830","Introductory Statistics","Fall 2020",2020-08-17,2020-04-08,4
"2069","MATH","1010","Math for Liberal Arts","Fall 2020",2020-08-17,2020-04-09,1
"2070","MATH","1060","Finite Mathematics","Fall 2020",2020-08-17,2020-04-09,2
"2071","MATH","1110","College Algebra","Fall 2020",2020-08-17,2020-04-09,3
"2072","MATH","1401","Calculus I","Fall 2020",2020-08-17,2020-04-09,5
"2073","MATH","2411","Calculus II","Fall 2020",2020-08-17,2020-04-09,7
"2074","MATH","2830","Introductory Statistics","Fall 2020",2020-08-17,2020-04-09,6
"2075","MATH","1010","Math for Liberal Arts","Fall 2020",2020-08-17,2020-04-10,1
"2076","MATH","1060","Finite Mathematics","Fall 2020",2020-08-17,2020-04-10,2
"2077","MATH","1110","College Algebra","Fall 2020",2020-08-17,2020-04-10,3
"2078","MATH","1401","Calculus I","Fall 2020",2020-08-17,2020-04-10,6
"2079","MATH","2411","Calculus II","Fall 2020",2020-08-17,2020-04-10,6
"2080","MATH","2830","Introductory Statistics","Fall 2020",2020-08-17,2020-04-10,5
"2081","MATH","1010","Math for Liberal Arts","Fall 2020",2020-08-17,2020-04-11,9
"2082","MATH","1060","Finite Mathematics","Fall 2020",2020-08-17,2020-04-11,4
"2083","MATH","1110","College Algebra","Fall 2020",2020-08-17,2020-04-11,6
"2084","MATH","1401","Calculus I","Fall 2020",2020-08-17,2020-04-11,13
"2085","MATH","2411","Calculus II","Fall 2020",2020-08-17,2020-04-11,8
"2086","MATH","2830","Introductory Statistics","Fall 2020",2020-08-17,2020-04-11,15
"2087","MATH","1010","Math for Liberal Arts","Fall 2020",2020-08-17,2020-04-12,9
"2088","MATH","1060","Finite Mathematics","Fall 2020",2020-08-17,2020-04-12,4
"2089","MATH","1110","College Algebra","Fall 2020",2020-08-17,2020-04-12,6
"2090","MATH","1401","Calculus I","Fall 2020",2020-08-17,2020-04-12,13
"2091","MATH","2411","Calculus II","Fall 2020",2020-08-17,2020-04-12,9
"2092","MATH","2830","Introductory Statistics","Fall 2020",2020-08-17,2020-04-12,15
"2093","MATH","1010","Math for Liberal Arts","Fall 2020",2020-08-17,2020-04-13,10
"2094","MATH","1060","Finite Mathematics","Fall 2020",2020-08-17,2020-04-13,4
"2095","MATH","1110","College Algebra","Fall 2020",2020-08-17,2020-04-13,6
"2096","MATH","1401","Calculus I","Fall 2020",2020-08-17,2020-04-13,13
"2097","MATH","2411","Calculus II","Fall 2020",2020-08-17,2020-04-13,9
"2098","MATH","2830","Introductory Statistics","Fall 2020",2020-08-17,2020-04-13,16
"2099","MATH","1010","Math for Liberal Arts","Fall 2020",2020-08-17,2020-04-14,13
"2100","MATH","1060","Finite Mathematics","Fall 2020",2020-08-17,2020-04-14,6
"2101","MATH","1110","College Algebra","Fall 2020",2020-08-17,2020-04-14,6
"2102","MATH","1401","Calculus I","Fall 2020",2020-08-17,2020-04-14,24
"2103","MATH","2411","Calculus II","Fall 2020",2020-08-17,2020-04-14,27
"2104","MATH","2830","Introductory Statistics","Fall 2020",2020-08-17,2020-04-14,30
"2105","MATH","1010","Math for Liberal Arts","Fall 2020",2020-08-17,2020-04-15,19
"2106","MATH","1060","Finite Mathematics","Fall 2020",2020-08-17,2020-04-15,8
"2107","MATH","1110","College Algebra","Fall 2020",2020-08-17,2020-04-15,8
"2108","MATH","1401","Calculus I","Fall 2020",2020-08-17,2020-04-15,34
"2109","MATH","2411","Calculus II","Fall 2020",2020-08-17,2020-04-15,31
"2110","MATH","2830","Introductory Statistics","Fall 2020",2020-08-17,2020-04-15,37
"2111","MATH","1010","Math for Liberal Arts","Fall 2020",2020-08-17,2020-04-16,23
"2112","MATH","1060","Finite Mathematics","Fall 2020",2020-08-17,2020-04-16,15
"2113","MATH","1110","College Algebra","Fall 2020",2020-08-17,2020-04-16,10
"2114","MATH","1401","Calculus I","Fall 2020",2020-08-17,2020-04-16,42
"2115","MATH","2411","Calculus II","Fall 2020",2020-08-17,2020-04-16,43
"2116","MATH","2830","Introductory Statistics","Fall 2020",2020-08-17,2020-04-16,47
"2117","MATH","1010","Math for Liberal Arts","Fall 2020",2020-08-17,2020-04-17,25
"2118","MATH","1060","Finite Mathematics","Fall 2020",2020-08-17,2020-04-17,20
"2119","MATH","1110","College Algebra","Fall 2020",2020-08-17,2020-04-17,11
"2120","MATH","1401","Calculus I","Fall 2020",2020-08-17,2020-04-17,44
"2121","MATH","2411","Calculus II","Fall 2020",2020-08-17,2020-04-17,45
"2122","MATH","2830","Introductory Statistics","Fall 2020",2020-08-17,2020-04-17,50
"2123","MATH","1010","Math for Liberal Arts","Fall 2020",2020-08-17,2020-04-18,40
"2124","MATH","1060","Finite Mathematics","Fall 2020",2020-08-17,2020-04-18,28
"2125","MATH","1110","College Algebra","Fall 2020",2020-08-17,2020-04-18,16
"2126","MATH","1401","Calculus I","Fall 2020",2020-08-17,2020-04-18,54
"2127","MATH","2411","Calculus II","Fall 2020",2020-08-17,2020-04-18,46
"2128","MATH","2830","Introductory Statistics","Fall 2020",2020-08-17,2020-04-18,57
"2129","MATH","1010","Math for Liberal Arts","Fall 2020",2020-08-17,2020-04-19,41
"2130","MATH","1060","Finite Mathematics","Fall 2020",2020-08-17,2020-04-19,29
"2131","MATH","1110","College Algebra","Fall 2020",2020-08-17,2020-04-19,16
"2132","MATH","1401","Calculus I","Fall 2020",2020-08-17,2020-04-19,55
"2133","MATH","2411","Calculus II","Fall 2020",2020-08-17,2020-04-19,48
"2134","MATH","2830","Introductory Statistics","Fall 2020",2020-08-17,2020-04-19,58
"2135","MATH","1010","Math for Liberal Arts","Fall 2020",2020-08-17,2020-04-20,42
"2136","MATH","1060","Finite Mathematics","Fall 2020",2020-08-17,2020-04-20,29
"2137","MATH","1110","College Algebra","Fall 2020",2020-08-17,2020-04-20,17
"2138","MATH","1401","Calculus I","Fall 2020",2020-08-17,2020-04-20,58
"2139","MATH","2411","Calculus II","Fall 2020",2020-08-17,2020-04-20,49
"2140","MATH","2830","Introductory Statistics","Fall 2020",2020-08-17,2020-04-20,61
"2141","MATH","1010","Math for Liberal Arts","Fall 2020",2020-08-17,2020-04-21,43
"2142","MATH","1060","Finite Mathematics","Fall 2020",2020-08-17,2020-04-21,29
"2143","MATH","1110","College Algebra","Fall 2020",2020-08-17,2020-04-21,18
"2144","MATH","1401","Calculus I","Fall 2020",2020-08-17,2020-04-21,59
"2145","MATH","2411","Calculus II","Fall 2020",2020-08-17,2020-04-21,51
"2146","MATH","2830","Introductory Statistics","Fall 2020",2020-08-17,2020-04-21,63
"2147","MATH","1010","Math for Liberal Arts","Fall 2020",2020-08-17,2020-04-22,48
"2148","MATH","1060","Finite Mathematics","Fall 2020",2020-08-17,2020-04-22,41
"2149","MATH","1110","College Algebra","Fall 2020",2020-08-17,2020-04-22,21
"2150","MATH","1401","Calculus I","Fall 2020",2020-08-17,2020-04-22,66
"2151","MATH","2411","Calculus II","Fall 2020",2020-08-17,2020-04-22,53
"2152","MATH","2830","Introductory Statistics","Fall 2020",2020-08-17,2020-04-22,74
"2153","MATH","1010","Math for Liberal Arts","Fall 2020",2020-08-17,2020-04-23,49
"2154","MATH","1060","Finite Mathematics","Fall 2020",2020-08-17,2020-04-23,41
"2155","MATH","1110","College Algebra","Fall 2020",2020-08-17,2020-04-23,21
"2156","MATH","1401","Calculus I","Fall 2020",2020-08-17,2020-04-23,66
"2157","MATH","2411","Calculus II","Fall 2020",2020-08-17,2020-04-23,56
"2158","MATH","2830","Introductory Statistics","Fall 2020",2020-08-17,2020-04-23,78
"2159","MATH","1010","Math for Liberal Arts","Fall 2020",2020-08-17,2020-04-24,52
"2160","MATH","1060","Finite Mathematics","Fall 2020",2020-08-17,2020-04-24,42
"2161","MATH","1110","College Algebra","Fall 2020",2020-08-17,2020-04-24,22
"2162","MATH","1401","Calculus I","Fall 2020",2020-08-17,2020-04-24,66
"2163","MATH","2411","Calculus II","Fall 2020",2020-08-17,2020-04-24,60
"2164","MATH","2830","Introductory Statistics","Fall 2020",2020-08-17,2020-04-24,81
"2165","MATH","1010","Math for Liberal Arts","Fall 2020",2020-08-17,2020-04-25,52
"2166","MATH","1060","Finite Mathematics","Fall 2020",2020-08-17,2020-04-25,42
"2167","MATH","1110","College Algebra","Fall 2020",2020-08-17,2020-04-25,22
"2168","MATH","1401","Calculus I","Fall 2020",2020-08-17,2020-04-25,66
"2169","MATH","2411","Calculus II","Fall 2020",2020-08-17,2020-04-25,61
"2170","MATH","2830","Introductory Statistics","Fall 2020",2020-08-17,2020-04-25,81
"2171","MATH","1010","Math for Liberal Arts","Fall 2020",2020-08-17,2020-04-26,52
"2172","MATH","1060","Finite Mathematics","Fall 2020",2020-08-17,2020-04-26,42
"2173","MATH","1110","College Algebra","Fall 2020",2020-08-17,2020-04-26,22
"2174","MATH","1401","Calculus I","Fall 2020",2020-08-17,2020-04-26,68
"2175","MATH","2411","Calculus II","Fall 2020",2020-08-17,2020-04-26,62
"2176","MATH","2830","Introductory Statistics","Fall 2020",2020-08-17,2020-04-26,82
"2177","MATH","1010","Math for Liberal Arts","Fall 2020",2020-08-17,2020-04-27,52
"2178","MATH","1060","Finite Mathematics","Fall 2020",2020-08-17,2020-04-27,43
"2179","MATH","1110","College Algebra","Fall 2020",2020-08-17,2020-04-27,23
"2180","MATH","1401","Calculus I","Fall 2020",2020-08-17,2020-04-27,70
"2181","MATH","2411","Calculus II","Fall 2020",2020-08-17,2020-04-27,64
"2182","MATH","2830","Introductory Statistics","Fall 2020",2020-08-17,2020-04-27,82
"2183","MATH","1010","Math for Liberal Arts","Fall 2020",2020-08-17,2020-04-28,51
"2184","MATH","1060","Finite Mathematics","Fall 2020",2020-08-17,2020-04-28,43
"2185","MATH","1110","College Algebra","Fall 2020",2020-08-17,2020-04-28,23
"2186","MATH","1401","Calculus I","Fall 2020",2020-08-17,2020-04-28,71
"2187","MATH","2411","Calculus II","Fall 2020",2020-08-17,2020-04-28,66
"2188","MATH","2830","Introductory Statistics","Fall 2020",2020-08-17,2020-04-28,83
"2189","MATH","1010","Math for Liberal Arts","Fall 2020",2020-08-17,2020-04-29,51
"2190","MATH","1060","Finite Mathematics","Fall 2020",2020-08-17,2020-04-29,43
"2191","MATH","1110","College Algebra","Fall 2020",2020-08-17,2020-04-29,25
"2192","MATH","1401","Calculus I","Fall 2020",2020-08-17,2020-04-29,73
"2193","MATH","2411","Calculus II","Fall 2020",2020-08-17,2020-04-29,69
"2194","MATH","2830","Introductory Statistics","Fall 2020",2020-08-17,2020-04-29,84
"2195","MATH","1010","Math for Liberal Arts","Fall 2020",2020-08-17,2020-04-30,52
"2196","MATH","1060","Finite Mathematics","Fall 2020",2020-08-17,2020-04-30,42
"2197","MATH","1110","College Algebra","Fall 2020",2020-08-17,2020-04-30,24
"2198","MATH","1401","Calculus I","Fall 2020",2020-08-17,2020-04-30,74
"2199","MATH","2411","Calculus II","Fall 2020",2020-08-17,2020-04-30,69
"2200","MATH","2830","Introductory Statistics","Fall 2020",2020-08-17,2020-04-30,82
"2201","MATH","1010","Math for Liberal Arts","Fall 2020",2020-08-17,2020-05-01,53
"2202","MATH","1060","Finite Mathematics","Fall 2020",2020-08-17,2020-05-01,42
"2203","MATH","1110","College Algebra","Fall 2020",2020-08-17,2020-05-01,24
"2204","MATH","1401","Calculus I","Fall 2020",2020-08-17,2020-05-01,77
"2205","MATH","2411","Calculus II","Fall 2020",2020-08-17,2020-05-01,71
"2206","MATH","2830","Introductory Statistics","Fall 2020",2020-08-17,2020-05-01,83
"2207","MATH","1010","Math for Liberal Arts","Fall 2020",2020-08-17,2020-05-02,53
"2208","MATH","1060","Finite Mathematics","Fall 2020",2020-08-17,2020-05-02,42
"2209","MATH","1110","College Algebra","Fall 2020",2020-08-17,2020-05-02,24
"2210","MATH","1401","Calculus I","Fall 2020",2020-08-17,2020-05-02,77
"2211","MATH","2411","Calculus II","Fall 2020",2020-08-17,2020-05-02,71
"2212","MATH","2830","Introductory Statistics","Fall 2020",2020-08-17,2020-05-02,84
"2213","MATH","1010","Math for Liberal Arts","Fall 2020",2020-08-17,2020-05-03,55
"2214","MATH","1060","Finite Mathematics","Fall 2020",2020-08-17,2020-05-03,44
"2215","MATH","1110","College Algebra","Fall 2020",2020-08-17,2020-05-03,24
"2216","MATH","1401","Calculus I","Fall 2020",2020-08-17,2020-05-03,77
"2217","MATH","2411","Calculus II","Fall 2020",2020-08-17,2020-05-03,72
"2218","MATH","2830","Introductory Statistics","Fall 2020",2020-08-17,2020-05-03,88
"2219","MATH","1010","Math for Liberal Arts","Fall 2020",2020-08-17,2020-05-04,55
"2220","MATH","1060","Finite Mathematics","Fall 2020",2020-08-17,2020-05-04,44
"2221","MATH","1110","College Algebra","Fall 2020",2020-08-17,2020-05-04,25
"2222","MATH","1401","Calculus I","Fall 2020",2020-08-17,2020-05-04,79
"2223","MATH","2411","Calculus II","Fall 2020",2020-08-17,2020-05-04,74
"2224","MATH","2830","Introductory Statistics","Fall 2020",2020-08-17,2020-05-04,88
"2225","MATH","1010","Math for Liberal Arts","Fall 2020",2020-08-17,2020-05-05,55
"2226","MATH","1060","Finite Mathematics","Fall 2020",2020-08-17,2020-05-05,44
"2227","MATH","1110","College Algebra","Fall 2020",2020-08-17,2020-05-05,25
"2228","MATH","1401","Calculus I","Fall 2020",2020-08-17,2020-05-05,80
"2229","MATH","2411","Calculus II","Fall 2020",2020-08-17,2020-05-05,74
"2230","MATH","2830","Introductory Statistics","Fall 2020",2020-08-17,2020-05-05,88
"2231","MATH","1010","Math for Liberal Arts","Fall 2020",2020-08-17,2020-05-06,56
"2232","MATH","1060","Finite Mathematics","Fall 2020",2020-08-17,2020-05-06,44
"2233","MATH","1110","College Algebra","Fall 2020",2020-08-17,2020-05-06,24
"2234","MATH","1401","Calculus I","Fall 2020",2020-08-17,2020-05-06,81
"2235","MATH","2411","Calculus II","Fall 2020",2020-08-17,2020-05-06,75
"2236","MATH","2830","Introductory Statistics","Fall 2020",2020-08-17,2020-05-06,87
"2237","MATH","1010","Math for Liberal Arts","Fall 2020",2020-08-17,2020-05-07,57
"2238","MATH","1060","Finite Mathematics","Fall 2020",2020-08-17,2020-05-07,45
"2239","MATH","1110","College Algebra","Fall 2020",2020-08-17,2020-05-07,25
"2240","MATH","1401","Calculus I","Fall 2020",2020-08-17,2020-05-07,83
"2241","MATH","2411","Calculus II","Fall 2020",2020-08-17,2020-05-07,77
"2242","MATH","2830","Introductory Statistics","Fall 2020",2020-08-17,2020-05-07,91
"2243","MATH","1010","Math for Liberal Arts","Fall 2020",2020-08-17,2020-05-08,58
"2244","MATH","1060","Finite Mathematics","Fall 2020",2020-08-17,2020-05-08,46
"2245","MATH","1110","College Algebra","Fall 2020",2020-08-17,2020-05-08,24
"2246","MATH","1401","Calculus I","Fall 2020",2020-08-17,2020-05-08,84
"2247","MATH","2411","Calculus II","Fall 2020",2020-08-17,2020-05-08,79
"2248","MATH","2830","Introductory Statistics","Fall 2020",2020-08-17,2020-05-08,94
"2249","MATH","1010","Math for Liberal Arts","Fall 2020",2020-08-17,2020-05-09,76
"2250","MATH","1060","Finite Mathematics","Fall 2020",2020-08-17,2020-05-09,52
"2251","MATH","1110","College Algebra","Fall 2020",2020-08-17,2020-05-09,28
"2252","MATH","1401","Calculus I","Fall 2020",2020-08-17,2020-05-09,90
"2253","MATH","2411","Calculus II","Fall 2020",2020-08-17,2020-05-09,79
"2254","MATH","2830","Introductory Statistics","Fall 2020",2020-08-17,2020-05-09,97
"2255","MATH","1010","Math for Liberal Arts","Fall 2020",2020-08-17,2020-05-10,76
"2256","MATH","1060","Finite Mathematics","Fall 2020",2020-08-17,2020-05-10,52
"2257","MATH","1110","College Algebra","Fall 2020",2020-08-17,2020-05-10,28
"2258","MATH","1401","Calculus I","Fall 2020",2020-08-17,2020-05-10,92
"2259","MATH","2411","Calculus II","Fall 2020",2020-08-17,2020-05-10,79
"2260","MATH","2830","Introductory Statistics","Fall 2020",2020-08-17,2020-05-10,100
"2261","MATH","1010","Math for Liberal Arts","Fall 2020",2020-08-17,2020-05-11,76
"2262","MATH","1060","Finite Mathematics","Fall 2020",2020-08-17,2020-05-11,53
"2263","MATH","1110","College Algebra","Fall 2020",2020-08-17,2020-05-11,28
"2264","MATH","1401","Calculus I","Fall 2020",2020-08-17,2020-05-11,92
"2265","MATH","2411","Calculus II","Fall 2020",2020-08-17,2020-05-11,80
"2266","MATH","2830","Introductory Statistics","Fall 2020",2020-08-17,2020-05-11,100
"2267","MATH","1010","Math for Liberal Arts","Fall 2020",2020-08-17,2020-05-12,76
"2268","MATH","1060","Finite Mathematics","Fall 2020",2020-08-17,2020-05-12,55
"2269","MATH","1110","College Algebra","Fall 2020",2020-08-17,2020-05-12,28
"2270","MATH","1401","Calculus I","Fall 2020",2020-08-17,2020-05-12,97
"2271","MATH","2411","Calculus II","Fall 2020",2020-08-17,2020-05-12,80
"2272","MATH","2830","Introductory Statistics","Fall 2020",2020-08-17,2020-05-12,99
"2273","MATH","1010","Math for Liberal Arts","Fall 2020",2020-08-17,2020-05-13,78
"2274","MATH","1060","Finite Mathematics","Fall 2020",2020-08-17,2020-05-13,55
"2275","MATH","1110","College Algebra","Fall 2020",2020-08-17,2020-05-13,28
"2276","MATH","1401","Calculus I","Fall 2020",2020-08-17,2020-05-13,102
"2277","MATH","2411","Calculus II","Fall 2020",2020-08-17,2020-05-13,80
"2278","MATH","2830","Introductory Statistics","Fall 2020",2020-08-17,2020-05-13,100
"2279","MATH","1010","Math for Liberal Arts","Fall 2020",2020-08-17,2020-05-14,80
"2280","MATH","1060","Finite Mathematics","Fall 2020",2020-08-17,2020-05-14,56
"2281","MATH","1110","College Algebra","Fall 2020",2020-08-17,2020-05-14,28
"2282","MATH","1401","Calculus I","Fall 2020",2020-08-17,2020-05-14,103
"2283","MATH","2411","Calculus II","Fall 2020",2020-08-17,2020-05-14,80
"2284","MATH","2830","Introductory Statistics","Fall 2020",2020-08-17,2020-05-14,100
"2285","MATH","1010","Math for Liberal Arts","Fall 2020",2020-08-17,2020-05-15,80
"2286","MATH","1060","Finite Mathematics","Fall 2020",2020-08-17,2020-05-15,58
"2287","MATH","1110","College Algebra","Fall 2020",2020-08-17,2020-05-15,27
"2288","MATH","1401","Calculus I","Fall 2020",2020-08-17,2020-05-15,106
"2289","MATH","2411","Calculus II","Fall 2020",2020-08-17,2020-05-15,81
"2290","MATH","2830","Introductory Statistics","Fall 2020",2020-08-17,2020-05-15,99
"2291","MATH","1010","Math for Liberal Arts","Fall 2020",2020-08-17,2020-05-16,81
"2292","MATH","1060","Finite Mathematics","Fall 2020",2020-08-17,2020-05-16,60
"2293","MATH","1110","College Algebra","Fall 2020",2020-08-17,2020-05-16,28
"2294","MATH","1401","Calculus I","Fall 2020",2020-08-17,2020-05-16,107
"2295","MATH","2411","Calculus II","Fall 2020",2020-08-17,2020-05-16,81
"2296","MATH","2830","Introductory Statistics","Fall 2020",2020-08-17,2020-05-16,100
"2297","MATH","1010","Math for Liberal Arts","Fall 2020",2020-08-17,2020-05-17,81
"2298","MATH","1060","Finite Mathematics","Fall 2020",2020-08-17,2020-05-17,62
"2299","MATH","1110","College Algebra","Fall 2020",2020-08-17,2020-05-17,28
"2300","MATH","1401","Calculus I","Fall 2020",2020-08-17,2020-05-17,109
"2301","MATH","2411","Calculus II","Fall 2020",2020-08-17,2020-05-17,82
"2302","MATH","2830","Introductory Statistics","Fall 2020",2020-08-17,2020-05-17,100
"2303","MATH","1010","Math for Liberal Arts","Fall 2020",2020-08-17,2020-05-18,82
"2304","MATH","1060","Finite Mathematics","Fall 2020",2020-08-17,2020-05-18,63
"2305","MATH","1110","College Algebra","Fall 2020",2020-08-17,2020-05-18,28
"2306","MATH","1401","Calculus I","Fall 2020",2020-08-17,2020-05-18,109
"2307","MATH","2411","Calculus II","Fall 2020",2020-08-17,2020-05-18,82
"2308","MATH","2830","Introductory Statistics","Fall 2020",2020-08-17,2020-05-18,100
"2309","MATH","1010","Math for Liberal Arts","Fall 2020",2020-08-17,2020-05-22,84
"2310","MATH","1060","Finite Mathematics","Fall 2020",2020-08-17,2020-05-22,66
"2311","MATH","1110","College Algebra","Fall 2020",2020-08-17,2020-05-22,27
"2312","MATH","1401","Calculus I","Fall 2020",2020-08-17,2020-05-22,117
"2313","MATH","2411","Calculus II","Fall 2020",2020-08-17,2020-05-22,84
"2314","MATH","2830","Introductory Statistics","Fall 2020",2020-08-17,2020-05-22,103
"2315","MATH","1010","Math for Liberal Arts","Fall 2020",2020-08-17,2020-05-23,84
"2316","MATH","1060","Finite Mathematics","Fall 2020",2020-08-17,2020-05-23,67
"2317","MATH","1110","College Algebra","Fall 2020",2020-08-17,2020-05-23,27
"2318","MATH","1401","Calculus I","Fall 2020",2020-08-17,2020-05-23,117
"2319","MATH","2411","Calculus II","Fall 2020",2020-08-17,2020-05-23,85
"2320","MATH","2830","Introductory Statistics","Fall 2020",2020-08-17,2020-05-23,104
"2321","MATH","1010","Math for Liberal Arts","Fall 2020",2020-08-17,2020-05-24,85
"2322","MATH","1060","Finite Mathematics","Fall 2020",2020-08-17,2020-05-24,68
"2323","MATH","1110","College Algebra","Fall 2020",2020-08-17,2020-05-24,28
"2324","MATH","1401","Calculus I","Fall 2020",2020-08-17,2020-05-24,118
"2325","MATH","2411","Calculus II","Fall 2020",2020-08-17,2020-05-24,85
"2326","MATH","2830","Introductory Statistics","Fall 2020",2020-08-17,2020-05-24,104
"2327","MATH","1010","Math for Liberal Arts","Fall 2020",2020-08-17,2020-05-25,86
"2328","MATH","1060","Finite Mathematics","Fall 2020",2020-08-17,2020-05-25,67
"2329","MATH","1110","College Algebra","Fall 2020",2020-08-17,2020-05-25,28
"2330","MATH","1401","Calculus I","Fall 2020",2020-08-17,2020-05-25,119
"2331","MATH","2411","Calculus II","Fall 2020",2020-08-17,2020-05-25,84
"2332","MATH","2830","Introductory Statistics","Fall 2020",2020-08-17,2020-05-25,104
"2333","MATH","1010","Math for Liberal Arts","Fall 2020",2020-08-17,2020-05-26,85
"2334","MATH","1060","Finite Mathematics","Fall 2020",2020-08-17,2020-05-26,67
"2335","MATH","1110","College Algebra","Fall 2020",2020-08-17,2020-05-26,28
"2336","MATH","1401","Calculus I","Fall 2020",2020-08-17,2020-05-26,121
"2337","MATH","2411","Calculus II","Fall 2020",2020-08-17,2020-05-26,84
"2338","MATH","2830","Introductory Statistics","Fall 2020",2020-08-17,2020-05-26,104
"2339","MATH","1010","Math for Liberal Arts","Fall 2020",2020-08-17,2020-05-27,87
"2340","MATH","1060","Finite Mathematics","Fall 2020",2020-08-17,2020-05-27,69
"2341","MATH","1110","College Algebra","Fall 2020",2020-08-17,2020-05-27,29
"2342","MATH","1401","Calculus I","Fall 2020",2020-08-17,2020-05-27,124
"2343","MATH","2411","Calculus II","Fall 2020",2020-08-17,2020-05-27,84
"2344","MATH","2830","Introductory Statistics","Fall 2020",2020-08-17,2020-05-27,105
"2345","MATH","1010","Math for Liberal Arts","Fall 2020",2020-08-17,2020-05-28,90
"2346","MATH","1060","Finite Mathematics","Fall 2020",2020-08-17,2020-05-28,72
"2347","MATH","1110","College Algebra","Fall 2020",2020-08-17,2020-05-28,30
"2348","MATH","1401","Calculus I","Fall 2020",2020-08-17,2020-05-28,125
"2349","MATH","2411","Calculus II","Fall 2020",2020-08-17,2020-05-28,87
"2350","MATH","2830","Introductory Statistics","Fall 2020",2020-08-17,2020-05-28,106
"2351","MATH","1010","Math for Liberal Arts","Fall 2020",2020-08-17,2020-05-29,90
"2352","MATH","1060","Finite Mathematics","Fall 2020",2020-08-17,2020-05-29,72
"2353","MATH","1110","College Algebra","Fall 2020",2020-08-17,2020-05-29,30
"2354","MATH","1401","Calculus I","Fall 2020",2020-08-17,2020-05-29,126
"2355","MATH","2411","Calculus II","Fall 2020",2020-08-17,2020-05-29,88
"2356","MATH","2830","Introductory Statistics","Fall 2020",2020-08-17,2020-05-29,106
"2357","MATH","1010","Math for Liberal Arts","Fall 2020",2020-08-17,2020-05-30,96
"2358","MATH","1060","Finite Mathematics","Fall 2020",2020-08-17,2020-05-30,76
"2359","MATH","1110","College Algebra","Fall 2020",2020-08-17,2020-05-30,30
"2360","MATH","1401","Calculus I","Fall 2020",2020-08-17,2020-05-30,129
"2361","MATH","2411","Calculus II","Fall 2020",2020-08-17,2020-05-30,88
"2362","MATH","2830","Introductory Statistics","Fall 2020",2020-08-17,2020-05-30,115
"2363","MATH","1010","Math for Liberal Arts","Fall 2020",2020-08-17,2020-05-31,97
"2364","MATH","1060","Finite Mathematics","Fall 2020",2020-08-17,2020-05-31,76
"2365","MATH","1110","College Algebra","Fall 2020",2020-08-17,2020-05-31,30
"2366","MATH","1401","Calculus I","Fall 2020",2020-08-17,2020-05-31,129
"2367","MATH","2411","Calculus II","Fall 2020",2020-08-17,2020-05-31,88
"2368","MATH","2830","Introductory Statistics","Fall 2020",2020-08-17,2020-05-31,116
"2369","MATH","1010","Math for Liberal Arts","Fall 2020",2020-08-17,2020-06-01,97
"2370","MATH","1060","Finite Mathematics","Fall 2020",2020-08-17,2020-06-01,77
"2371","MATH","1110","College Algebra","Fall 2020",2020-08-17,2020-06-01,30
"2372","MATH","1401","Calculus I","Fall 2020",2020-08-17,2020-06-01,130
"2373","MATH","2411","Calculus II","Fall 2020",2020-08-17,2020-06-01,88
"2374","MATH","2830","Introductory Statistics","Fall 2020",2020-08-17,2020-06-01,117
"2375","MATH","1010","Math for Liberal Arts","Fall 2020",2020-08-17,2020-06-02,98
"2376","MATH","1060","Finite Mathematics","Fall 2020",2020-08-17,2020-06-02,77
"2377","MATH","1110","College Algebra","Fall 2020",2020-08-17,2020-06-02,31
"2378","MATH","1401","Calculus I","Fall 2020",2020-08-17,2020-06-02,133
"2379","MATH","2411","Calculus II","Fall 2020",2020-08-17,2020-06-02,88
"2380","MATH","2830","Introductory Statistics","Fall 2020",2020-08-17,2020-06-02,118
"2381","MATH","1010","Math for Liberal Arts","Fall 2020",2020-08-17,2020-06-03,98
"2382","MATH","1060","Finite Mathematics","Fall 2020",2020-08-17,2020-06-03,79
"2383","MATH","1110","College Algebra","Fall 2020",2020-08-17,2020-06-03,32
"2384","MATH","1401","Calculus I","Fall 2020",2020-08-17,2020-06-03,134
"2385","MATH","2411","Calculus II","Fall 2020",2020-08-17,2020-06-03,88
"2386","MATH","2830","Introductory Statistics","Fall 2020",2020-08-17,2020-06-03,120
"2387","MATH","1010","Math for Liberal Arts","Fall 2020",2020-08-17,2020-06-04,101
"2388","MATH","1060","Finite Mathematics","Fall 2020",2020-08-17,2020-06-04,78
"2389","MATH","1110","College Algebra","Fall 2020",2020-08-17,2020-06-04,33
"2390","MATH","1401","Calculus I","Fall 2020",2020-08-17,2020-06-04,135
"2391","MATH","2411","Calculus II","Fall 2020",2020-08-17,2020-06-04,89
"2392","MATH","2830","Introductory Statistics","Fall 2020",2020-08-17,2020-06-04,119
"2393","MATH","1010","Math for Liberal Arts","Fall 2020",2020-08-17,2020-06-05,101
"2394","MATH","1060","Finite Mathematics","Fall 2020",2020-08-17,2020-06-05,79
"2395","MATH","1110","College Algebra","Fall 2020",2020-08-17,2020-06-05,33
"2396","MATH","1401","Calculus I","Fall 2020",2020-08-17,2020-06-05,136
"2397","MATH","2411","Calculus II","Fall 2020",2020-08-17,2020-06-05,89
"2398","MATH","2830","Introductory Statistics","Fall 2020",2020-08-17,2020-06-05,120
"2399","MATH","1010","Math for Liberal Arts","Fall 2020",2020-08-17,2020-06-06,100
"2400","MATH","1060","Finite Mathematics","Fall 2020",2020-08-17,2020-06-06,79
"2401","MATH","1110","College Algebra","Fall 2020",2020-08-17,2020-06-06,33
"2402","MATH","1401","Calculus I","Fall 2020",2020-08-17,2020-06-06,136
"2403","MATH","2411","Calculus II","Fall 2020",2020-08-17,2020-06-06,89
"2404","MATH","2830","Introductory Statistics","Fall 2020",2020-08-17,2020-06-06,122
"2405","MATH","1010","Math for Liberal Arts","Fall 2020",2020-08-17,2020-06-07,100
"2406","MATH","1060","Finite Mathematics","Fall 2020",2020-08-17,2020-06-07,79
"2407","MATH","1110","College Algebra","Fall 2020",2020-08-17,2020-06-07,33
"2408","MATH","1401","Calculus I","Fall 2020",2020-08-17,2020-06-07,135
"2409","MATH","2411","Calculus II","Fall 2020",2020-08-17,2020-06-07,89
"2410","MATH","2830","Introductory Statistics","Fall 2020",2020-08-17,2020-06-07,122
"2411","MATH","1010","Math for Liberal Arts","Fall 2020",2020-08-17,2020-06-08,101
"2412","MATH","1060","Finite Mathematics","Fall 2020",2020-08-17,2020-06-08,79
"2413","MATH","1110","College Algebra","Fall 2020",2020-08-17,2020-06-08,33
"2414","MATH","1401","Calculus I","Fall 2020",2020-08-17,2020-06-08,135
"2415","MATH","2411","Calculus II","Fall 2020",2020-08-17,2020-06-08,89
"2416","MATH","2830","Introductory Statistics","Fall 2020",2020-08-17,2020-06-08,123
"2417","MATH","1010","Math for Liberal Arts","Fall 2020",2020-08-17,2020-06-09,101
"2418","MATH","1060","Finite Mathematics","Fall 2020",2020-08-17,2020-06-09,80
"2419","MATH","1110","College Algebra","Fall 2020",2020-08-17,2020-06-09,33
"2420","MATH","1401","Calculus I","Fall 2020",2020-08-17,2020-06-09,137
"2421","MATH","2411","Calculus II","Fall 2020",2020-08-17,2020-06-09,90
"2422","MATH","2830","Introductory Statistics","Fall 2020",2020-08-17,2020-06-09,124
"2423","MATH","1010","Math for Liberal Arts","Fall 2020",2020-08-17,2020-06-10,101
"2424","MATH","1060","Finite Mathematics","Fall 2020",2020-08-17,2020-06-10,80
"2425","MATH","1110","College Algebra","Fall 2020",2020-08-17,2020-06-10,35
"2426","MATH","1401","Calculus I","Fall 2020",2020-08-17,2020-06-10,139
"2427","MATH","2411","Calculus II","Fall 2020",2020-08-17,2020-06-10,89
"2428","MATH","2830","Introductory Statistics","Fall 2020",2020-08-17,2020-06-10,125
"2429","MATH","1010","Math for Liberal Arts","Fall 2020",2020-08-17,2020-06-11,102
"2430","MATH","1060","Finite Mathematics","Fall 2020",2020-08-17,2020-06-11,81
"2431","MATH","1110","College Algebra","Fall 2020",2020-08-17,2020-06-11,37
"2432","MATH","1401","Calculus I","Fall 2020",2020-08-17,2020-06-11,138
"2433","MATH","2411","Calculus II","Fall 2020",2020-08-17,2020-06-11,90
"2434","MATH","2830","Introductory Statistics","Fall 2020",2020-08-17,2020-06-11,126
"2435","MATH","1010","Math for Liberal Arts","Fall 2020",2020-08-17,2020-06-12,104
"2436","MATH","1060","Finite Mathematics","Fall 2020",2020-08-17,2020-06-12,82
"2437","MATH","1110","College Algebra","Fall 2020",2020-08-17,2020-06-12,37
"2438","MATH","1401","Calculus I","Fall 2020",2020-08-17,2020-06-12,141
"2439","MATH","2411","Calculus II","Fall 2020",2020-08-17,2020-06-12,91
"2440","MATH","2830","Introductory Statistics","Fall 2020",2020-08-17,2020-06-12,125
"2441","MATH","1010","Math for Liberal Arts","Fall 2020",2020-08-17,2020-06-13,121
"2442","MATH","1060","Finite Mathematics","Fall 2020",2020-08-17,2020-06-13,93
"2443","MATH","1110","College Algebra","Fall 2020",2020-08-17,2020-06-13,40
"2444","MATH","1401","Calculus I","Fall 2020",2020-08-17,2020-06-13,143
"2445","MATH","2411","Calculus II","Fall 2020",2020-08-17,2020-06-13,92
"2446","MATH","2830","Introductory Statistics","Fall 2020",2020-08-17,2020-06-13,128
"2447","MATH","1010","Math for Liberal Arts","Fall 2020",2020-08-17,2020-06-14,121
"2448","MATH","1060","Finite Mathematics","Fall 2020",2020-08-17,2020-06-14,94
"2449","MATH","1110","College Algebra","Fall 2020",2020-08-17,2020-06-14,40
"2450","MATH","1401","Calculus I","Fall 2020",2020-08-17,2020-06-14,143
"2451","MATH","2411","Calculus II","Fall 2020",2020-08-17,2020-06-14,92
"2452","MATH","2830","Introductory Statistics","Fall 2020",2020-08-17,2020-06-14,129
"2453","MATH","1010","Math for Liberal Arts","Fall 2020",2020-08-17,2020-06-15,121
"2454","MATH","1060","Finite Mathematics","Fall 2020",2020-08-17,2020-06-15,94
"2455","MATH","1110","College Algebra","Fall 2020",2020-08-17,2020-06-15,39
"2456","MATH","1401","Calculus I","Fall 2020",2020-08-17,2020-06-15,144
"2457","MATH","2411","Calculus II","Fall 2020",2020-08-17,2020-06-15,92
"2458","MATH","2830","Introductory Statistics","Fall 2020",2020-08-17,2020-06-15,129
"2459","MATH","1010","Math for Liberal Arts","Fall 2020",2020-08-17,2020-06-16,121
"2460","MATH","1060","Finite Mathematics","Fall 2020",2020-08-17,2020-06-16,98
"2461","MATH","1110","College Algebra","Fall 2020",2020-08-17,2020-06-16,39
"2462","MATH","1401","Calculus I","Fall 2020",2020-08-17,2020-06-16,144
"2463","MATH","2411","Calculus II","Fall 2020",2020-08-17,2020-06-16,93
"2464","MATH","2830","Introductory Statistics","Fall 2020",2020-08-17,2020-06-16,132
"2465","MATH","1010","Math for Liberal Arts","Fall 2020",2020-08-17,2020-06-17,121
"2466","MATH","1060","Finite Mathematics","Fall 2020",2020-08-17,2020-06-17,98
"2467","MATH","1110","College Algebra","Fall 2020",2020-08-17,2020-06-17,40
"2468","MATH","1401","Calculus I","Fall 2020",2020-08-17,2020-06-17,145
"2469","MATH","2411","Calculus II","Fall 2020",2020-08-17,2020-06-17,93
"2470","MATH","2830","Introductory Statistics","Fall 2020",2020-08-17,2020-06-17,136
"2471","MATH","1010","Math for Liberal Arts","Fall 2020",2020-08-17,2020-06-19,126
"2472","MATH","1060","Finite Mathematics","Fall 2020",2020-08-17,2020-06-19,116
"2473","MATH","1110","College Algebra","Fall 2020",2020-08-17,2020-06-19,49
"2474","MATH","1401","Calculus I","Fall 2020",2020-08-17,2020-06-19,150
"2475","MATH","2411","Calculus II","Fall 2020",2020-08-17,2020-06-19,94
"2476","MATH","2830","Introductory Statistics","Fall 2020",2020-08-17,2020-06-19,143
"2477","MATH","1010","Math for Liberal Arts","Fall 2020",2020-08-17,2020-06-20,126
"2478","MATH","1060","Finite Mathematics","Fall 2020",2020-08-17,2020-06-20,116
"2479","MATH","1110","College Algebra","Fall 2020",2020-08-17,2020-06-20,49
"2480","MATH","1401","Calculus I","Fall 2020",2020-08-17,2020-06-20,153
"2481","MATH","2411","Calculus II","Fall 2020",2020-08-17,2020-06-20,94
"2482","MATH","2830","Introductory Statistics","Fall 2020",2020-08-17,2020-06-20,145
"2483","MATH","1010","Math for Liberal Arts","Fall 2020",2020-08-17,2020-06-21,126
"2484","MATH","1060","Finite Mathematics","Fall 2020",2020-08-17,2020-06-21,117
"2485","MATH","1110","College Algebra","Fall 2020",2020-08-17,2020-06-21,51
"2486","MATH","1401","Calculus I","Fall 2020",2020-08-17,2020-06-21,152
"2487","MATH","2411","Calculus II","Fall 2020",2020-08-17,2020-06-21,94
"2488","MATH","2830","Introductory Statistics","Fall 2020",2020-08-17,2020-06-21,145
"2489","MATH","1010","Math for Liberal Arts","Fall 2020",2020-08-17,2020-06-22,126
"2490","MATH","1060","Finite Mathematics","Fall 2020",2020-08-17,2020-06-22,117
"2491","MATH","1110","College Algebra","Fall 2020",2020-08-17,2020-06-22,51
"2492","MATH","1401","Calculus I","Fall 2020",2020-08-17,2020-06-22,152
"2493","MATH","2411","Calculus II","Fall 2020",2020-08-17,2020-06-22,94
"2494","MATH","2830","Introductory Statistics","Fall 2020",2020-08-17,2020-06-22,145
"2495","MATH","1060","Finite Mathematics","Fall 2020",2020-08-17,2020-06-23,3
"2496","MATH","1401","Calculus I","Fall 2020",2020-08-17,2020-06-23,1
"2497","MATH","2830","Introductory Statistics","Fall 2020",2020-08-17,2020-06-23,6
"2498","MATH","1060","Finite Mathematics","Fall 2020",2020-08-17,2020-06-24,3
"2499","MATH","1401","Calculus I","Fall 2020",2020-08-17,2020-06-24,1
"2500","MATH","2830","Introductory Statistics","Fall 2020",2020-08-17,2020-06-24,6
"2501","MATH","1060","Finite Mathematics","Fall 2020",2020-08-17,2020-06-25,3
"2502","MATH","1401","Calculus I","Fall 2020",2020-08-17,2020-06-25,1
"2503","MATH","2830","Introductory Statistics","Fall 2020",2020-08-17,2020-06-25,6
"2504","MATH","1060","Finite Mathematics","Fall 2020",2020-08-17,2020-06-26,3
"2505","MATH","1401","Calculus I","Fall 2020",2020-08-17,2020-06-26,1
"2506","MATH","2830","Introductory Statistics","Fall 2020",2020-08-17,2020-06-26,6
"2507","MATH","1060","Finite Mathematics","Fall 2020",2020-08-17,2020-06-27,2
"2508","MATH","1401","Calculus I","Fall 2020",2020-08-17,2020-06-27,1
"2509","MATH","2830","Introductory Statistics","Fall 2020",2020-08-17,2020-06-27,6
"2510","MATH","1060","Finite Mathematics","Fall 2020",2020-08-17,2020-06-28,2
"2511","MATH","1401","Calculus I","Fall 2020",2020-08-17,2020-06-28,1
"2512","MATH","2830","Introductory Statistics","Fall 2020",2020-08-17,2020-06-28,6
"2513","MATH","1060","Finite Mathematics","Fall 2020",2020-08-17,2020-06-29,2
"2514","MATH","1401","Calculus I","Fall 2020",2020-08-17,2020-06-29,1
"2515","MATH","2830","Introductory Statistics","Fall 2020",2020-08-17,2020-06-29,6
"2516","MATH","1401","Calculus I","Fall 2021",2021-08-23,2021-04-01,1
"2517","MATH","1401","Calculus I","Fall 2021",2021-08-23,2021-04-02,4
"2518","MATH","2411","Calculus II","Fall 2021",2021-08-23,2021-04-02,2
"2519","MATH","2830","Introductory Statistics","Fall 2021",2021-08-23,2021-04-02,3
"2520","MATH","1401","Calculus I","Fall 2021",2021-08-23,2021-04-03,4
"2521","MATH","2411","Calculus II","Fall 2021",2021-08-23,2021-04-03,2
"2522","MATH","2830","Introductory Statistics","Fall 2021",2021-08-23,2021-04-03,4
"2523","MATH","1401","Calculus I","Fall 2021",2021-08-23,2021-04-04,4
"2524","MATH","2411","Calculus II","Fall 2021",2021-08-23,2021-04-04,2
"2525","MATH","2830","Introductory Statistics","Fall 2021",2021-08-23,2021-04-04,4
"2526","MATH","1401","Calculus I","Fall 2021",2021-08-23,2021-04-05,4
"2527","MATH","2411","Calculus II","Fall 2021",2021-08-23,2021-04-05,2
"2528","MATH","2830","Introductory Statistics","Fall 2021",2021-08-23,2021-04-05,4
"2529","MATH","1401","Calculus I","Fall 2021",2021-08-23,2021-04-06,6
"2530","MATH","2411","Calculus II","Fall 2021",2021-08-23,2021-04-06,2
"2531","MATH","2830","Introductory Statistics","Fall 2021",2021-08-23,2021-04-06,4
"2532","MATH","1401","Calculus I","Fall 2021",2021-08-23,2021-04-07,6
"2533","MATH","2411","Calculus II","Fall 2021",2021-08-23,2021-04-07,3
"2534","MATH","2830","Introductory Statistics","Fall 2021",2021-08-23,2021-04-07,4
"2535","MATH","1060","Finite Mathematics","Fall 2021",2021-08-23,2021-04-08,1
"2536","MATH","1401","Calculus I","Fall 2021",2021-08-23,2021-04-08,9
"2537","MATH","2411","Calculus II","Fall 2021",2021-08-23,2021-04-08,4
"2538","MATH","2830","Introductory Statistics","Fall 2021",2021-08-23,2021-04-08,4
"2539","MATH","1060","Finite Mathematics","Fall 2021",2021-08-23,2021-04-09,1
"2540","MATH","1401","Calculus I","Fall 2021",2021-08-23,2021-04-09,9
"2541","MATH","2411","Calculus II","Fall 2021",2021-08-23,2021-04-09,5
"2542","MATH","2830","Introductory Statistics","Fall 2021",2021-08-23,2021-04-09,4
"2543","MATH","1010","Math for Liberal Arts","Fall 2021",2021-08-23,2021-04-10,1
"2544","MATH","1060","Finite Mathematics","Fall 2021",2021-08-23,2021-04-10,1
"2545","MATH","1401","Calculus I","Fall 2021",2021-08-23,2021-04-10,9
"2546","MATH","2411","Calculus II","Fall 2021",2021-08-23,2021-04-10,6
"2547","MATH","2830","Introductory Statistics","Fall 2021",2021-08-23,2021-04-10,5
"2548","MATH","1010","Math for Liberal Arts","Fall 2021",2021-08-23,2021-04-11,1
"2549","MATH","1060","Finite Mathematics","Fall 2021",2021-08-23,2021-04-11,1
"2550","MATH","1401","Calculus I","Fall 2021",2021-08-23,2021-04-11,9
"2551","MATH","2411","Calculus II","Fall 2021",2021-08-23,2021-04-11,8
"2552","MATH","2830","Introductory Statistics","Fall 2021",2021-08-23,2021-04-11,5
"2553","MATH","1010","Math for Liberal Arts","Fall 2021",2021-08-23,2021-04-12,1
"2554","MATH","1060","Finite Mathematics","Fall 2021",2021-08-23,2021-04-12,1
"2555","MATH","1401","Calculus I","Fall 2021",2021-08-23,2021-04-12,9
"2556","MATH","2411","Calculus II","Fall 2021",2021-08-23,2021-04-12,8
"2557","MATH","2830","Introductory Statistics","Fall 2021",2021-08-23,2021-04-12,5
"2558","MATH","1010","Math for Liberal Arts","Fall 2021",2021-08-23,2021-04-13,3
"2559","MATH","1060","Finite Mathematics","Fall 2021",2021-08-23,2021-04-13,2
"2560","MATH","1401","Calculus I","Fall 2021",2021-08-23,2021-04-13,14
"2561","MATH","2411","Calculus II","Fall 2021",2021-08-23,2021-04-13,10
"2562","MATH","2830","Introductory Statistics","Fall 2021",2021-08-23,2021-04-13,7
"2563","MATH","1010","Math for Liberal Arts","Fall 2021",2021-08-23,2021-04-14,3
"2564","MATH","1060","Finite Mathematics","Fall 2021",2021-08-23,2021-04-14,2
"2565","MATH","1401","Calculus I","Fall 2021",2021-08-23,2021-04-14,16
"2566","MATH","2411","Calculus II","Fall 2021",2021-08-23,2021-04-14,9
"2567","MATH","2830","Introductory Statistics","Fall 2021",2021-08-23,2021-04-14,9
"2568","MATH","1010","Math for Liberal Arts","Fall 2021",2021-08-23,2021-04-15,5
"2569","MATH","1060","Finite Mathematics","Fall 2021",2021-08-23,2021-04-15,3
"2570","MATH","1110","College Algebra","Fall 2021",2021-08-23,2021-04-15,5
"2571","MATH","1401","Calculus I","Fall 2021",2021-08-23,2021-04-15,29
"2572","MATH","2411","Calculus II","Fall 2021",2021-08-23,2021-04-15,17
"2573","MATH","2830","Introductory Statistics","Fall 2021",2021-08-23,2021-04-15,23
"2574","MATH","1010","Math for Liberal Arts","Fall 2021",2021-08-23,2021-04-16,7
"2575","MATH","1060","Finite Mathematics","Fall 2021",2021-08-23,2021-04-16,3
"2576","MATH","1110","College Algebra","Fall 2021",2021-08-23,2021-04-16,6
"2577","MATH","1401","Calculus I","Fall 2021",2021-08-23,2021-04-16,35
"2578","MATH","2411","Calculus II","Fall 2021",2021-08-23,2021-04-16,18
"2579","MATH","2830","Introductory Statistics","Fall 2021",2021-08-23,2021-04-16,25
"2580","MATH","1010","Math for Liberal Arts","Fall 2021",2021-08-23,2021-04-17,9
"2581","MATH","1060","Finite Mathematics","Fall 2021",2021-08-23,2021-04-17,3
"2582","MATH","1110","College Algebra","Fall 2021",2021-08-23,2021-04-17,6
"2583","MATH","1401","Calculus I","Fall 2021",2021-08-23,2021-04-17,37
"2584","MATH","2411","Calculus II","Fall 2021",2021-08-23,2021-04-17,19
"2585","MATH","2830","Introductory Statistics","Fall 2021",2021-08-23,2021-04-17,27
"2586","MATH","1010","Math for Liberal Arts","Fall 2021",2021-08-23,2021-04-18,9
"2587","MATH","1060","Finite Mathematics","Fall 2021",2021-08-23,2021-04-18,3
"2588","MATH","1110","College Algebra","Fall 2021",2021-08-23,2021-04-18,6
"2589","MATH","1401","Calculus I","Fall 2021",2021-08-23,2021-04-18,37
"2590","MATH","2411","Calculus II","Fall 2021",2021-08-23,2021-04-18,21
"2591","MATH","2830","Introductory Statistics","Fall 2021",2021-08-23,2021-04-18,27
"2592","MATH","1010","Math for Liberal Arts","Fall 2021",2021-08-23,2021-04-19,9
"2593","MATH","1060","Finite Mathematics","Fall 2021",2021-08-23,2021-04-19,3
"2594","MATH","1110","College Algebra","Fall 2021",2021-08-23,2021-04-19,6
"2595","MATH","1401","Calculus I","Fall 2021",2021-08-23,2021-04-19,37
"2596","MATH","2411","Calculus II","Fall 2021",2021-08-23,2021-04-19,21
"2597","MATH","2830","Introductory Statistics","Fall 2021",2021-08-23,2021-04-19,27
"2598","MATH","1010","Math for Liberal Arts","Fall 2021",2021-08-23,2021-04-20,11
"2599","MATH","1060","Finite Mathematics","Fall 2021",2021-08-23,2021-04-20,3
"2600","MATH","1110","College Algebra","Fall 2021",2021-08-23,2021-04-20,6
"2601","MATH","1401","Calculus I","Fall 2021",2021-08-23,2021-04-20,38
"2602","MATH","2411","Calculus II","Fall 2021",2021-08-23,2021-04-20,21
"2603","MATH","2830","Introductory Statistics","Fall 2021",2021-08-23,2021-04-20,28
"2604","MATH","1010","Math for Liberal Arts","Fall 2021",2021-08-23,2021-04-21,29
"2605","MATH","1060","Finite Mathematics","Fall 2021",2021-08-23,2021-04-21,17
"2606","MATH","1110","College Algebra","Fall 2021",2021-08-23,2021-04-21,8
"2607","MATH","1401","Calculus I","Fall 2021",2021-08-23,2021-04-21,47
"2608","MATH","2411","Calculus II","Fall 2021",2021-08-23,2021-04-21,23
"2609","MATH","2830","Introductory Statistics","Fall 2021",2021-08-23,2021-04-21,32
"2610","MATH","1010","Math for Liberal Arts","Fall 2021",2021-08-23,2021-04-22,29
"2611","MATH","1060","Finite Mathematics","Fall 2021",2021-08-23,2021-04-22,18
"2612","MATH","1110","College Algebra","Fall 2021",2021-08-23,2021-04-22,8
"2613","MATH","1401","Calculus I","Fall 2021",2021-08-23,2021-04-22,48
"2614","MATH","2411","Calculus II","Fall 2021",2021-08-23,2021-04-22,27
"2615","MATH","2830","Introductory Statistics","Fall 2021",2021-08-23,2021-04-22,32
"2616","MATH","1010","Math for Liberal Arts","Fall 2021",2021-08-23,2021-04-23,31
"2617","MATH","1060","Finite Mathematics","Fall 2021",2021-08-23,2021-04-23,18
"2618","MATH","1110","College Algebra","Fall 2021",2021-08-23,2021-04-23,8
"2619","MATH","1401","Calculus I","Fall 2021",2021-08-23,2021-04-23,48
"2620","MATH","2411","Calculus II","Fall 2021",2021-08-23,2021-04-23,27
"2621","MATH","2830","Introductory Statistics","Fall 2021",2021-08-23,2021-04-23,34
"2622","MATH","1010","Math for Liberal Arts","Fall 2021",2021-08-23,2021-04-24,30
"2623","MATH","1060","Finite Mathematics","Fall 2021",2021-08-23,2021-04-24,18
"2624","MATH","1110","College Algebra","Fall 2021",2021-08-23,2021-04-24,8
"2625","MATH","1401","Calculus I","Fall 2021",2021-08-23,2021-04-24,50
"2626","MATH","2411","Calculus II","Fall 2021",2021-08-23,2021-04-24,28
"2627","MATH","2830","Introductory Statistics","Fall 2021",2021-08-23,2021-04-24,34
"2628","MATH","1010","Math for Liberal Arts","Fall 2021",2021-08-23,2021-04-25,31
"2629","MATH","1060","Finite Mathematics","Fall 2021",2021-08-23,2021-04-25,18
"2630","MATH","1110","College Algebra","Fall 2021",2021-08-23,2021-04-25,8
"2631","MATH","1401","Calculus I","Fall 2021",2021-08-23,2021-04-25,51
"2632","MATH","2411","Calculus II","Fall 2021",2021-08-23,2021-04-25,28
"2633","MATH","2830","Introductory Statistics","Fall 2021",2021-08-23,2021-04-25,34
"2634","MATH","1010","Math for Liberal Arts","Fall 2021",2021-08-23,2021-04-26,31
"2635","MATH","1060","Finite Mathematics","Fall 2021",2021-08-23,2021-04-26,18
"2636","MATH","1110","College Algebra","Fall 2021",2021-08-23,2021-04-26,8
"2637","MATH","1401","Calculus I","Fall 2021",2021-08-23,2021-04-26,51
"2638","MATH","2411","Calculus II","Fall 2021",2021-08-23,2021-04-26,29
"2639","MATH","2830","Introductory Statistics","Fall 2021",2021-08-23,2021-04-26,35
"2640","MATH","1010","Math for Liberal Arts","Fall 2021",2021-08-23,2021-04-27,31
"2641","MATH","1060","Finite Mathematics","Fall 2021",2021-08-23,2021-04-27,18
"2642","MATH","1110","College Algebra","Fall 2021",2021-08-23,2021-04-27,8
"2643","MATH","1401","Calculus I","Fall 2021",2021-08-23,2021-04-27,55
"2644","MATH","2411","Calculus II","Fall 2021",2021-08-23,2021-04-27,29
"2645","MATH","2830","Introductory Statistics","Fall 2021",2021-08-23,2021-04-27,37
"2646","MATH","1010","Math for Liberal Arts","Fall 2021",2021-08-23,2021-04-28,45
"2647","MATH","1060","Finite Mathematics","Fall 2021",2021-08-23,2021-04-28,31
"2648","MATH","1110","College Algebra","Fall 2021",2021-08-23,2021-04-28,9
"2649","MATH","1401","Calculus I","Fall 2021",2021-08-23,2021-04-28,60
"2650","MATH","2411","Calculus II","Fall 2021",2021-08-23,2021-04-28,30
"2651","MATH","2830","Introductory Statistics","Fall 2021",2021-08-23,2021-04-28,43
"2652","MATH","1010","Math for Liberal Arts","Fall 2021",2021-08-23,2021-04-29,47
"2653","MATH","1060","Finite Mathematics","Fall 2021",2021-08-23,2021-04-29,31
"2654","MATH","1110","College Algebra","Fall 2021",2021-08-23,2021-04-29,9
"2655","MATH","1401","Calculus I","Fall 2021",2021-08-23,2021-04-29,61
"2656","MATH","2411","Calculus II","Fall 2021",2021-08-23,2021-04-29,31
"2657","MATH","2830","Introductory Statistics","Fall 2021",2021-08-23,2021-04-29,43
"2658","MATH","1010","Math for Liberal Arts","Fall 2021",2021-08-23,2021-04-30,47
"2659","MATH","1060","Finite Mathematics","Fall 2021",2021-08-23,2021-04-30,31
"2660","MATH","1110","College Algebra","Fall 2021",2021-08-23,2021-04-30,10
"2661","MATH","1401","Calculus I","Fall 2021",2021-08-23,2021-04-30,63
"2662","MATH","2411","Calculus II","Fall 2021",2021-08-23,2021-04-30,32
"2663","MATH","2830","Introductory Statistics","Fall 2021",2021-08-23,2021-04-30,45
"2664","MATH","1010","Math for Liberal Arts","Fall 2021",2021-08-23,2021-05-01,47
"2665","MATH","1060","Finite Mathematics","Fall 2021",2021-08-23,2021-05-01,31
"2666","MATH","1110","College Algebra","Fall 2021",2021-08-23,2021-05-01,10
"2667","MATH","1401","Calculus I","Fall 2021",2021-08-23,2021-05-01,63
"2668","MATH","2411","Calculus II","Fall 2021",2021-08-23,2021-05-01,33
"2669","MATH","2830","Introductory Statistics","Fall 2021",2021-08-23,2021-05-01,45
"2670","MATH","1010","Math for Liberal Arts","Fall 2021",2021-08-23,2021-05-02,47
"2671","MATH","1060","Finite Mathematics","Fall 2021",2021-08-23,2021-05-02,31
"2672","MATH","1110","College Algebra","Fall 2021",2021-08-23,2021-05-02,10
"2673","MATH","1401","Calculus I","Fall 2021",2021-08-23,2021-05-02,63
"2674","MATH","2411","Calculus II","Fall 2021",2021-08-23,2021-05-02,33
"2675","MATH","2830","Introductory Statistics","Fall 2021",2021-08-23,2021-05-02,45
"2676","MATH","1010","Math for Liberal Arts","Fall 2021",2021-08-23,2021-05-03,47
"2677","MATH","1060","Finite Mathematics","Fall 2021",2021-08-23,2021-05-03,31
"2678","MATH","1110","College Algebra","Fall 2021",2021-08-23,2021-05-03,10
"2679","MATH","1401","Calculus I","Fall 2021",2021-08-23,2021-05-03,64
"2680","MATH","2411","Calculus II","Fall 2021",2021-08-23,2021-05-03,32
"2681","MATH","2830","Introductory Statistics","Fall 2021",2021-08-23,2021-05-03,46
"2682","MATH","1010","Math for Liberal Arts","Fall 2021",2021-08-23,2021-05-04,48
"2683","MATH","1060","Finite Mathematics","Fall 2021",2021-08-23,2021-05-04,32
"2684","MATH","1110","College Algebra","Fall 2021",2021-08-23,2021-05-04,10
"2685","MATH","1401","Calculus I","Fall 2021",2021-08-23,2021-05-04,67
"2686","MATH","2411","Calculus II","Fall 2021",2021-08-23,2021-05-04,35
"2687","MATH","2830","Introductory Statistics","Fall 2021",2021-08-23,2021-05-04,47
"2688","MATH","1010","Math for Liberal Arts","Fall 2021",2021-08-23,2021-05-05,54
"2689","MATH","1060","Finite Mathematics","Fall 2021",2021-08-23,2021-05-05,33
"2690","MATH","1110","College Algebra","Fall 2021",2021-08-23,2021-05-05,10
"2691","MATH","1401","Calculus I","Fall 2021",2021-08-23,2021-05-05,70
"2692","MATH","2411","Calculus II","Fall 2021",2021-08-23,2021-05-05,36
"2693","MATH","2830","Introductory Statistics","Fall 2021",2021-08-23,2021-05-05,45
"2694","MATH","1010","Math for Liberal Arts","Fall 2021",2021-08-23,2021-05-06,54
"2695","MATH","1060","Finite Mathematics","Fall 2021",2021-08-23,2021-05-06,34
"2696","MATH","1110","College Algebra","Fall 2021",2021-08-23,2021-05-06,11
"2697","MATH","1401","Calculus I","Fall 2021",2021-08-23,2021-05-06,72
"2698","MATH","2411","Calculus II","Fall 2021",2021-08-23,2021-05-06,36
"2699","MATH","2830","Introductory Statistics","Fall 2021",2021-08-23,2021-05-06,45
"2700","MATH","1010","Math for Liberal Arts","Fall 2021",2021-08-23,2021-05-07,56
"2701","MATH","1060","Finite Mathematics","Fall 2021",2021-08-23,2021-05-07,34
"2702","MATH","1110","College Algebra","Fall 2021",2021-08-23,2021-05-07,10
"2703","MATH","1401","Calculus I","Fall 2021",2021-08-23,2021-05-07,73
"2704","MATH","2411","Calculus II","Fall 2021",2021-08-23,2021-05-07,36
"2705","MATH","2830","Introductory Statistics","Fall 2021",2021-08-23,2021-05-07,45
"2706","MATH","1010","Math for Liberal Arts","Fall 2021",2021-08-23,2021-05-08,56
"2707","MATH","1060","Finite Mathematics","Fall 2021",2021-08-23,2021-05-08,37
"2708","MATH","1110","College Algebra","Fall 2021",2021-08-23,2021-05-08,11
"2709","MATH","1401","Calculus I","Fall 2021",2021-08-23,2021-05-08,76
"2710","MATH","2411","Calculus II","Fall 2021",2021-08-23,2021-05-08,36
"2711","MATH","2830","Introductory Statistics","Fall 2021",2021-08-23,2021-05-08,46
"2712","MATH","1010","Math for Liberal Arts","Fall 2021",2021-08-23,2021-05-09,57
"2713","MATH","1060","Finite Mathematics","Fall 2021",2021-08-23,2021-05-09,37
"2714","MATH","1110","College Algebra","Fall 2021",2021-08-23,2021-05-09,11
"2715","MATH","1401","Calculus I","Fall 2021",2021-08-23,2021-05-09,76
"2716","MATH","2411","Calculus II","Fall 2021",2021-08-23,2021-05-09,36
"2717","MATH","2830","Introductory Statistics","Fall 2021",2021-08-23,2021-05-09,46
"2718","MATH","1010","Math for Liberal Arts","Fall 2021",2021-08-23,2021-05-10,57
"2719","MATH","1060","Finite Mathematics","Fall 2021",2021-08-23,2021-05-10,37
"2720","MATH","1110","College Algebra","Fall 2021",2021-08-23,2021-05-10,11
"2721","MATH","1401","Calculus I","Fall 2021",2021-08-23,2021-05-10,76
"2722","MATH","2411","Calculus II","Fall 2021",2021-08-23,2021-05-10,37
"2723","MATH","2830","Introductory Statistics","Fall 2021",2021-08-23,2021-05-10,46
"2724","MATH","1010","Math for Liberal Arts","Fall 2021",2021-08-23,2021-05-11,57
"2725","MATH","1060","Finite Mathematics","Fall 2021",2021-08-23,2021-05-11,37
"2726","MATH","1110","College Algebra","Fall 2021",2021-08-23,2021-05-11,15
"2727","MATH","1401","Calculus I","Fall 2021",2021-08-23,2021-05-11,76
"2728","MATH","2411","Calculus II","Fall 2021",2021-08-23,2021-05-11,37
"2729","MATH","2830","Introductory Statistics","Fall 2021",2021-08-23,2021-05-11,47
"2730","MATH","1010","Math for Liberal Arts","Fall 2021",2021-08-23,2021-05-12,57
"2731","MATH","1060","Finite Mathematics","Fall 2021",2021-08-23,2021-05-12,37
"2732","MATH","1110","College Algebra","Fall 2021",2021-08-23,2021-05-12,15
"2733","MATH","1401","Calculus I","Fall 2021",2021-08-23,2021-05-12,76
"2734","MATH","2411","Calculus II","Fall 2021",2021-08-23,2021-05-12,38
"2735","MATH","2830","Introductory Statistics","Fall 2021",2021-08-23,2021-05-12,47
"2736","MATH","1010","Math for Liberal Arts","Fall 2021",2021-08-23,2021-05-13,56
"2737","MATH","1060","Finite Mathematics","Fall 2021",2021-08-23,2021-05-13,38
"2738","MATH","1110","College Algebra","Fall 2021",2021-08-23,2021-05-13,15
"2739","MATH","1401","Calculus I","Fall 2021",2021-08-23,2021-05-13,76
"2740","MATH","2411","Calculus II","Fall 2021",2021-08-23,2021-05-13,39
"2741","MATH","2830","Introductory Statistics","Fall 2021",2021-08-23,2021-05-13,48
"2742","MATH","1010","Math for Liberal Arts","Fall 2021",2021-08-23,2021-05-14,56
"2743","MATH","1060","Finite Mathematics","Fall 2021",2021-08-23,2021-05-14,38
"2744","MATH","1110","College Algebra","Fall 2021",2021-08-23,2021-05-14,15
"2745","MATH","1401","Calculus I","Fall 2021",2021-08-23,2021-05-14,76
"2746","MATH","2411","Calculus II","Fall 2021",2021-08-23,2021-05-14,39
"2747","MATH","2830","Introductory Statistics","Fall 2021",2021-08-23,2021-05-14,48
"2748","MATH","1010","Math for Liberal Arts","Fall 2021",2021-08-23,2021-05-15,56
"2749","MATH","1060","Finite Mathematics","Fall 2021",2021-08-23,2021-05-15,38
"2750","MATH","1110","College Algebra","Fall 2021",2021-08-23,2021-05-15,15
"2751","MATH","1401","Calculus I","Fall 2021",2021-08-23,2021-05-15,77
"2752","MATH","2411","Calculus II","Fall 2021",2021-08-23,2021-05-15,40
"2753","MATH","2830","Introductory Statistics","Fall 2021",2021-08-23,2021-05-15,50
"2754","MATH","1010","Math for Liberal Arts","Fall 2021",2021-08-23,2021-05-16,56
"2755","MATH","1060","Finite Mathematics","Fall 2021",2021-08-23,2021-05-16,38
"2756","MATH","1110","College Algebra","Fall 2021",2021-08-23,2021-05-16,15
"2757","MATH","1401","Calculus I","Fall 2021",2021-08-23,2021-05-16,77
"2758","MATH","2411","Calculus II","Fall 2021",2021-08-23,2021-05-16,40
"2759","MATH","2830","Introductory Statistics","Fall 2021",2021-08-23,2021-05-16,50
"2760","MATH","1010","Math for Liberal Arts","Fall 2021",2021-08-23,2021-05-17,56
"2761","MATH","1060","Finite Mathematics","Fall 2021",2021-08-23,2021-05-17,39
"2762","MATH","1110","College Algebra","Fall 2021",2021-08-23,2021-05-17,16
"2763","MATH","1401","Calculus I","Fall 2021",2021-08-23,2021-05-17,77
"2764","MATH","2411","Calculus II","Fall 2021",2021-08-23,2021-05-17,41
"2765","MATH","2830","Introductory Statistics","Fall 2021",2021-08-23,2021-05-17,50
"2766","MATH","1010","Math for Liberal Arts","Fall 2021",2021-08-23,2021-05-18,57
"2767","MATH","1060","Finite Mathematics","Fall 2021",2021-08-23,2021-05-18,42
"2768","MATH","1110","College Algebra","Fall 2021",2021-08-23,2021-05-18,16
"2769","MATH","1401","Calculus I","Fall 2021",2021-08-23,2021-05-18,79
"2770","MATH","2411","Calculus II","Fall 2021",2021-08-23,2021-05-18,42
"2771","MATH","2830","Introductory Statistics","Fall 2021",2021-08-23,2021-05-18,51
"2772","MATH","1010","Math for Liberal Arts","Fall 2021",2021-08-23,2021-05-19,76
"2773","MATH","1060","Finite Mathematics","Fall 2021",2021-08-23,2021-05-19,59
"2774","MATH","1110","College Algebra","Fall 2021",2021-08-23,2021-05-19,19
"2775","MATH","1401","Calculus I","Fall 2021",2021-08-23,2021-05-19,81
"2776","MATH","2411","Calculus II","Fall 2021",2021-08-23,2021-05-19,42
"2777","MATH","2830","Introductory Statistics","Fall 2021",2021-08-23,2021-05-19,52
"2778","MATH","1010","Math for Liberal Arts","Fall 2021",2021-08-23,2021-05-20,76
"2779","MATH","1060","Finite Mathematics","Fall 2021",2021-08-23,2021-05-20,59
"2780","MATH","1110","College Algebra","Fall 2021",2021-08-23,2021-05-20,19
"2781","MATH","1401","Calculus I","Fall 2021",2021-08-23,2021-05-20,82
"2782","MATH","2411","Calculus II","Fall 2021",2021-08-23,2021-05-20,42
"2783","MATH","2830","Introductory Statistics","Fall 2021",2021-08-23,2021-05-20,52
"2784","MATH","1010","Math for Liberal Arts","Fall 2021",2021-08-23,2021-05-21,78
"2785","MATH","1060","Finite Mathematics","Fall 2021",2021-08-23,2021-05-21,60
"2786","MATH","1110","College Algebra","Fall 2021",2021-08-23,2021-05-21,20
"2787","MATH","1401","Calculus I","Fall 2021",2021-08-23,2021-05-21,85
"2788","MATH","2411","Calculus II","Fall 2021",2021-08-23,2021-05-21,44
"2789","MATH","2830","Introductory Statistics","Fall 2021",2021-08-23,2021-05-21,53
"2790","MATH","1010","Math for Liberal Arts","Fall 2021",2021-08-23,2021-05-22,79
"2791","MATH","1060","Finite Mathematics","Fall 2021",2021-08-23,2021-05-22,60
"2792","MATH","1110","College Algebra","Fall 2021",2021-08-23,2021-05-22,19
"2793","MATH","1401","Calculus I","Fall 2021",2021-08-23,2021-05-22,85
"2794","MATH","2411","Calculus II","Fall 2021",2021-08-23,2021-05-22,45
"2795","MATH","2830","Introductory Statistics","Fall 2021",2021-08-23,2021-05-22,53
"2796","MATH","1010","Math for Liberal Arts","Fall 2021",2021-08-23,2021-05-23,79
"2797","MATH","1060","Finite Mathematics","Fall 2021",2021-08-23,2021-05-23,60
"2798","MATH","1110","College Algebra","Fall 2021",2021-08-23,2021-05-23,20
"2799","MATH","1401","Calculus I","Fall 2021",2021-08-23,2021-05-23,87
"2800","MATH","2411","Calculus II","Fall 2021",2021-08-23,2021-05-23,45
"2801","MATH","2830","Introductory Statistics","Fall 2021",2021-08-23,2021-05-23,53
"2802","MATH","1010","Math for Liberal Arts","Fall 2021",2021-08-23,2021-05-24,80
"2803","MATH","1060","Finite Mathematics","Fall 2021",2021-08-23,2021-05-24,61
"2804","MATH","1110","College Algebra","Fall 2021",2021-08-23,2021-05-24,20
"2805","MATH","1401","Calculus I","Fall 2021",2021-08-23,2021-05-24,88
"2806","MATH","2411","Calculus II","Fall 2021",2021-08-23,2021-05-24,45
"2807","MATH","2830","Introductory Statistics","Fall 2021",2021-08-23,2021-05-24,54
"2808","MATH","1010","Math for Liberal Arts","Fall 2021",2021-08-23,2021-05-25,81
"2809","MATH","1060","Finite Mathematics","Fall 2021",2021-08-23,2021-05-25,62
"2810","MATH","1110","College Algebra","Fall 2021",2021-08-23,2021-05-25,20
"2811","MATH","1401","Calculus I","Fall 2021",2021-08-23,2021-05-25,88
"2812","MATH","2411","Calculus II","Fall 2021",2021-08-23,2021-05-25,45
"2813","MATH","2830","Introductory Statistics","Fall 2021",2021-08-23,2021-05-25,55
"2814","MATH","1010","Math for Liberal Arts","Fall 2021",2021-08-23,2021-05-26,94
"2815","MATH","1060","Finite Mathematics","Fall 2021",2021-08-23,2021-05-26,73
"2816","MATH","1110","College Algebra","Fall 2021",2021-08-23,2021-05-26,21
"2817","MATH","1401","Calculus I","Fall 2021",2021-08-23,2021-05-26,96
"2818","MATH","2411","Calculus II","Fall 2021",2021-08-23,2021-05-26,45
"2819","MATH","2830","Introductory Statistics","Fall 2021",2021-08-23,2021-05-26,59
"2820","MATH","1010","Math for Liberal Arts","Fall 2021",2021-08-23,2021-05-27,95
"2821","MATH","1060","Finite Mathematics","Fall 2021",2021-08-23,2021-05-27,75
"2822","MATH","1110","College Algebra","Fall 2021",2021-08-23,2021-05-27,21
"2823","MATH","1401","Calculus I","Fall 2021",2021-08-23,2021-05-27,96
"2824","MATH","2411","Calculus II","Fall 2021",2021-08-23,2021-05-27,45
"2825","MATH","2830","Introductory Statistics","Fall 2021",2021-08-23,2021-05-27,59
"2826","MATH","1010","Math for Liberal Arts","Fall 2021",2021-08-23,2021-05-28,99
"2827","MATH","1060","Finite Mathematics","Fall 2021",2021-08-23,2021-05-28,76
"2828","MATH","1110","College Algebra","Fall 2021",2021-08-23,2021-05-28,21
"2829","MATH","1401","Calculus I","Fall 2021",2021-08-23,2021-05-28,100
"2830","MATH","2411","Calculus II","Fall 2021",2021-08-23,2021-05-28,45
"2831","MATH","2830","Introductory Statistics","Fall 2021",2021-08-23,2021-05-28,59
"2832","MATH","1010","Math for Liberal Arts","Fall 2021",2021-08-23,2021-05-29,99
"2833","MATH","1060","Finite Mathematics","Fall 2021",2021-08-23,2021-05-29,76
"2834","MATH","1110","College Algebra","Fall 2021",2021-08-23,2021-05-29,22
"2835","MATH","1401","Calculus I","Fall 2021",2021-08-23,2021-05-29,101
"2836","MATH","2411","Calculus II","Fall 2021",2021-08-23,2021-05-29,47
"2837","MATH","2830","Introductory Statistics","Fall 2021",2021-08-23,2021-05-29,60
"2838","MATH","1010","Math for Liberal Arts","Fall 2021",2021-08-23,2021-05-30,100
"2839","MATH","1060","Finite Mathematics","Fall 2021",2021-08-23,2021-05-30,76
"2840","MATH","1110","College Algebra","Fall 2021",2021-08-23,2021-05-30,22
"2841","MATH","1401","Calculus I","Fall 2021",2021-08-23,2021-05-30,101
"2842","MATH","2411","Calculus II","Fall 2021",2021-08-23,2021-05-30,48
"2843","MATH","2830","Introductory Statistics","Fall 2021",2021-08-23,2021-05-30,60
"2844","MATH","1010","Math for Liberal Arts","Fall 2021",2021-08-23,2021-05-31,100
"2845","MATH","1060","Finite Mathematics","Fall 2021",2021-08-23,2021-05-31,77
"2846","MATH","1110","College Algebra","Fall 2021",2021-08-23,2021-05-31,22
"2847","MATH","1401","Calculus I","Fall 2021",2021-08-23,2021-05-31,101
"2848","MATH","2411","Calculus II","Fall 2021",2021-08-23,2021-05-31,48
"2849","MATH","2830","Introductory Statistics","Fall 2021",2021-08-23,2021-05-31,60
"2850","MATH","1010","Math for Liberal Arts","Fall 2021",2021-08-23,2021-06-01,100
"2851","MATH","1060","Finite Mathematics","Fall 2021",2021-08-23,2021-06-01,77
"2852","MATH","1110","College Algebra","Fall 2021",2021-08-23,2021-06-01,22
"2853","MATH","1401","Calculus I","Fall 2021",2021-08-23,2021-06-01,101
"2854","MATH","2411","Calculus II","Fall 2021",2021-08-23,2021-06-01,49
"2855","MATH","2830","Introductory Statistics","Fall 2021",2021-08-23,2021-06-01,60
"2856","MATH","1010","Math for Liberal Arts","Fall 2021",2021-08-23,2021-06-02,100
"2857","MATH","1060","Finite Mathematics","Fall 2021",2021-08-23,2021-06-02,77
"2858","MATH","1110","College Algebra","Fall 2021",2021-08-23,2021-06-02,22
"2859","MATH","1401","Calculus I","Fall 2021",2021-08-23,2021-06-02,102
"2860","MATH","2411","Calculus II","Fall 2021",2021-08-23,2021-06-02,49
"2861","MATH","2830","Introductory Statistics","Fall 2021",2021-08-23,2021-06-02,60
"2862","MATH","1010","Math for Liberal Arts","Fall 2021",2021-08-23,2021-06-03,99
"2863","MATH","1060","Finite Mathematics","Fall 2021",2021-08-23,2021-06-03,79
"2864","MATH","1110","College Algebra","Fall 2021",2021-08-23,2021-06-03,23
"2865","MATH","1401","Calculus I","Fall 2021",2021-08-23,2021-06-03,103
"2866","MATH","2411","Calculus II","Fall 2021",2021-08-23,2021-06-03,48
"2867","MATH","2830","Introductory Statistics","Fall 2021",2021-08-23,2021-06-03,61
"2868","MATH","1010","Math for Liberal Arts","Fall 2021",2021-08-23,2021-06-04,100
"2869","MATH","1060","Finite Mathematics","Fall 2021",2021-08-23,2021-06-04,79
"2870","MATH","1110","College Algebra","Fall 2021",2021-08-23,2021-06-04,23
"2871","MATH","1401","Calculus I","Fall 2021",2021-08-23,2021-06-04,104
"2872","MATH","2411","Calculus II","Fall 2021",2021-08-23,2021-06-04,48
"2873","MATH","2830","Introductory Statistics","Fall 2021",2021-08-23,2021-06-04,62
"2874","MATH","1010","Math for Liberal Arts","Fall 2021",2021-08-23,2021-06-05,100
"2875","MATH","1060","Finite Mathematics","Fall 2021",2021-08-23,2021-06-05,79
"2876","MATH","1110","College Algebra","Fall 2021",2021-08-23,2021-06-05,23
"2877","MATH","1401","Calculus I","Fall 2021",2021-08-23,2021-06-05,105
"2878","MATH","2411","Calculus II","Fall 2021",2021-08-23,2021-06-05,48
"2879","MATH","2830","Introductory Statistics","Fall 2021",2021-08-23,2021-06-05,63
"2880","MATH","1010","Math for Liberal Arts","Fall 2021",2021-08-23,2021-06-06,100
"2881","MATH","1060","Finite Mathematics","Fall 2021",2021-08-23,2021-06-06,79
"2882","MATH","1110","College Algebra","Fall 2021",2021-08-23,2021-06-06,23
"2883","MATH","1401","Calculus I","Fall 2021",2021-08-23,2021-06-06,105
"2884","MATH","2411","Calculus II","Fall 2021",2021-08-23,2021-06-06,49
"2885","MATH","2830","Introductory Statistics","Fall 2021",2021-08-23,2021-06-06,62
"2886","MATH","1010","Math for Liberal Arts","Fall 2021",2021-08-23,2021-06-07,98
"2887","MATH","1060","Finite Mathematics","Fall 2021",2021-08-23,2021-06-07,79
"2888","MATH","1110","College Algebra","Fall 2021",2021-08-23,2021-06-07,23
"2889","MATH","1401","Calculus I","Fall 2021",2021-08-23,2021-06-07,105
"2890","MATH","2411","Calculus II","Fall 2021",2021-08-23,2021-06-07,49
"2891","MATH","2830","Introductory Statistics","Fall 2021",2021-08-23,2021-06-07,63
"2892","MATH","1010","Math for Liberal Arts","Fall 2021",2021-08-23,2021-06-08,99
"2893","MATH","1060","Finite Mathematics","Fall 2021",2021-08-23,2021-06-08,79
"2894","MATH","1110","College Algebra","Fall 2021",2021-08-23,2021-06-08,23
"2895","MATH","1401","Calculus I","Fall 2021",2021-08-23,2021-06-08,105
"2896","MATH","2411","Calculus II","Fall 2021",2021-08-23,2021-06-08,49
"2897","MATH","2830","Introductory Statistics","Fall 2021",2021-08-23,2021-06-08,64
"2898","MATH","1010","Math for Liberal Arts","Fall 2021",2021-08-23,2021-06-09,116
"2899","MATH","1060","Finite Mathematics","Fall 2021",2021-08-23,2021-06-09,80
"2900","MATH","1110","College Algebra","Fall 2021",2021-08-23,2021-06-09,23
"2901","MATH","1401","Calculus I","Fall 2021",2021-08-23,2021-06-09,107
"2902","MATH","2411","Calculus II","Fall 2021",2021-08-23,2021-06-09,50
"2903","MATH","2830","Introductory Statistics","Fall 2021",2021-08-23,2021-06-09,68
"2904","MATH","1010","Math for Liberal Arts","Fall 2021",2021-08-23,2021-06-10,117
"2905","MATH","1060","Finite Mathematics","Fall 2021",2021-08-23,2021-06-10,80
"2906","MATH","1110","College Algebra","Fall 2021",2021-08-23,2021-06-10,25
"2907","MATH","1401","Calculus I","Fall 2021",2021-08-23,2021-06-10,106
"2908","MATH","2411","Calculus II","Fall 2021",2021-08-23,2021-06-10,50
"2909","MATH","2830","Introductory Statistics","Fall 2021",2021-08-23,2021-06-10,68
"2910","MATH","1010","Math for Liberal Arts","Fall 2021",2021-08-23,2021-06-11,122
"2911","MATH","1060","Finite Mathematics","Fall 2021",2021-08-23,2021-06-11,82
"2912","MATH","1110","College Algebra","Fall 2021",2021-08-23,2021-06-11,25
"2913","MATH","1401","Calculus I","Fall 2021",2021-08-23,2021-06-11,109
"2914","MATH","2411","Calculus II","Fall 2021",2021-08-23,2021-06-11,50
"2915","MATH","2830","Introductory Statistics","Fall 2021",2021-08-23,2021-06-11,68
"2916","MATH","1010","Math for Liberal Arts","Fall 2021",2021-08-23,2021-06-12,122
"2917","MATH","1060","Finite Mathematics","Fall 2021",2021-08-23,2021-06-12,83
"2918","MATH","1110","College Algebra","Fall 2021",2021-08-23,2021-06-12,26
"2919","MATH","1401","Calculus I","Fall 2021",2021-08-23,2021-06-12,110
"2920","MATH","2411","Calculus II","Fall 2021",2021-08-23,2021-06-12,50
"2921","MATH","2830","Introductory Statistics","Fall 2021",2021-08-23,2021-06-12,69
"2922","MATH","1010","Math for Liberal Arts","Fall 2021",2021-08-23,2021-06-13,122
"2923","MATH","1060","Finite Mathematics","Fall 2021",2021-08-23,2021-06-13,83
"2924","MATH","1110","College Algebra","Fall 2021",2021-08-23,2021-06-13,26
"2925","MATH","1401","Calculus I","Fall 2021",2021-08-23,2021-06-13,110
"2926","MATH","2411","Calculus II","Fall 2021",2021-08-23,2021-06-13,50
"2927","MATH","2830","Introductory Statistics","Fall 2021",2021-08-23,2021-06-13,69
"2928","MATH","1010","Math for Liberal Arts","Fall 2021",2021-08-23,2021-06-14,121
"2929","MATH","1060","Finite Mathematics","Fall 2021",2021-08-23,2021-06-14,84
"2930","MATH","1110","College Algebra","Fall 2021",2021-08-23,2021-06-14,26
"2931","MATH","1401","Calculus I","Fall 2021",2021-08-23,2021-06-14,110
"2932","MATH","2411","Calculus II","Fall 2021",2021-08-23,2021-06-14,50
"2933","MATH","2830","Introductory Statistics","Fall 2021",2021-08-23,2021-06-14,69
"2934","MATH","1010","Math for Liberal Arts","Fall 2021",2021-08-23,2021-06-15,121
"2935","MATH","1060","Finite Mathematics","Fall 2021",2021-08-23,2021-06-15,85
"2936","MATH","1110","College Algebra","Fall 2021",2021-08-23,2021-06-15,26
"2937","MATH","1401","Calculus I","Fall 2021",2021-08-23,2021-06-15,110
"2938","MATH","2411","Calculus II","Fall 2021",2021-08-23,2021-06-15,50
"2939","MATH","2830","Introductory Statistics","Fall 2021",2021-08-23,2021-06-15,70
"2940","MATH","1010","Math for Liberal Arts","Fall 2021",2021-08-23,2021-06-16,138
"2941","MATH","1060","Finite Mathematics","Fall 2021",2021-08-23,2021-06-16,95
"2942","MATH","1110","College Algebra","Fall 2021",2021-08-23,2021-06-16,27
"2943","MATH","1401","Calculus I","Fall 2021",2021-08-23,2021-06-16,113
"2944","MATH","2411","Calculus II","Fall 2021",2021-08-23,2021-06-16,50
"2945","MATH","2830","Introductory Statistics","Fall 2021",2021-08-23,2021-06-16,75
"2946","MATH","1010","Math for Liberal Arts","Fall 2021",2021-08-23,2021-06-17,138
"2947","MATH","1060","Finite Mathematics","Fall 2021",2021-08-23,2021-06-17,95
"2948","MATH","1110","College Algebra","Fall 2021",2021-08-23,2021-06-17,27
"2949","MATH","1401","Calculus I","Fall 2021",2021-08-23,2021-06-17,116
"2950","MATH","2411","Calculus II","Fall 2021",2021-08-23,2021-06-17,50
"2951","MATH","2830","Introductory Statistics","Fall 2021",2021-08-23,2021-06-17,75
"2952","MATH","1010","Math for Liberal Arts","Fall 2021",2021-08-23,2021-06-18,138
"2953","MATH","1060","Finite Mathematics","Fall 2021",2021-08-23,2021-06-18,95
"2954","MATH","1110","College Algebra","Fall 2021",2021-08-23,2021-06-18,27
"2955","MATH","1401","Calculus I","Fall 2021",2021-08-23,2021-06-18,118
"2956","MATH","2411","Calculus II","Fall 2021",2021-08-23,2021-06-18,50
"2957","MATH","2830","Introductory Statistics","Fall 2021",2021-08-23,2021-06-18,76
"2958","MATH","1010","Math for Liberal Arts","Fall 2021",2021-08-23,2021-06-19,140
"2959","MATH","1060","Finite Mathematics","Fall 2021",2021-08-23,2021-06-19,95
"2960","MATH","1110","College Algebra","Fall 2021",2021-08-23,2021-06-19,27
"2961","MATH","1401","Calculus I","Fall 2021",2021-08-23,2021-06-19,121
"2962","MATH","2411","Calculus II","Fall 2021",2021-08-23,2021-06-19,50
"2963","MATH","2830","Introductory Statistics","Fall 2021",2021-08-23,2021-06-19,77
"2964","MATH","1010","Math for Liberal Arts","Fall 2021",2021-08-23,2021-06-20,140
"2965","MATH","1060","Finite Mathematics","Fall 2021",2021-08-23,2021-06-20,95
"2966","MATH","1110","College Algebra","Fall 2021",2021-08-23,2021-06-20,28
"2967","MATH","1401","Calculus I","Fall 2021",2021-08-23,2021-06-20,121
"2968","MATH","2411","Calculus II","Fall 2021",2021-08-23,2021-06-20,50
"2969","MATH","2830","Introductory Statistics","Fall 2021",2021-08-23,2021-06-20,77
"2970","MATH","1010","Math for Liberal Arts","Fall 2021",2021-08-23,2021-06-21,140
"2971","MATH","1060","Finite Mathematics","Fall 2021",2021-08-23,2021-06-21,95
"2972","MATH","1110","College Algebra","Fall 2021",2021-08-23,2021-06-21,28
"2973","MATH","1401","Calculus I","Fall 2021",2021-08-23,2021-06-21,121
"2974","MATH","2411","Calculus II","Fall 2021",2021-08-23,2021-06-21,50
"2975","MATH","2830","Introductory Statistics","Fall 2021",2021-08-23,2021-06-21,77
"2976","MATH","1010","Math for Liberal Arts","Fall 2021",2021-08-23,2021-06-22,140
"2977","MATH","1060","Finite Mathematics","Fall 2021",2021-08-23,2021-06-22,96
"2978","MATH","1110","College Algebra","Fall 2021",2021-08-23,2021-06-22,28
"2979","MATH","1401","Calculus I","Fall 2021",2021-08-23,2021-06-22,121
"2980","MATH","2411","Calculus II","Fall 2021",2021-08-23,2021-06-22,50
"2981","MATH","2830","Introductory Statistics","Fall 2021",2021-08-23,2021-06-22,77
"2982","MATH","1010","Math for Liberal Arts","Fall 2021",2021-08-23,2021-06-23,150
"2983","MATH","1060","Finite Mathematics","Fall 2021",2021-08-23,2021-06-23,96
"2984","MATH","1110","College Algebra","Fall 2021",2021-08-23,2021-06-23,28
"2985","MATH","1401","Calculus I","Fall 2021",2021-08-23,2021-06-23,124
"2986","MATH","2411","Calculus II","Fall 2021",2021-08-23,2021-06-23,50
"2987","MATH","2830","Introductory Statistics","Fall 2021",2021-08-23,2021-06-23,81
"2988","MATH","1010","Math for Liberal Arts","Fall 2021",2021-08-23,2021-06-24,150
"2989","MATH","1060","Finite Mathematics","Fall 2021",2021-08-23,2021-06-24,96
"2990","MATH","1110","College Algebra","Fall 2021",2021-08-23,2021-06-24,29
"2991","MATH","1401","Calculus I","Fall 2021",2021-08-23,2021-06-24,125
"2992","MATH","2411","Calculus II","Fall 2021",2021-08-23,2021-06-24,50
"2993","MATH","2830","Introductory Statistics","Fall 2021",2021-08-23,2021-06-24,81
"2994","MATH","1010","Math for Liberal Arts","Fall 2021",2021-08-23,2021-06-25,152
"2995","MATH","1060","Finite Mathematics","Fall 2021",2021-08-23,2021-06-25,97
"2996","MATH","1110","College Algebra","Fall 2021",2021-08-23,2021-06-25,29
"2997","MATH","1401","Calculus I","Fall 2021",2021-08-23,2021-06-25,126
"2998","MATH","2411","Calculus II","Fall 2021",2021-08-23,2021-06-25,52
"2999","MATH","2830","Introductory Statistics","Fall 2021",2021-08-23,2021-06-25,84
"3000","MATH","1010","Math for Liberal Arts","Fall 2021",2021-08-23,2021-06-26,153
"3001","MATH","1060","Finite Mathematics","Fall 2021",2021-08-23,2021-06-26,97
"3002","MATH","1110","College Algebra","Fall 2021",2021-08-23,2021-06-26,30
"3003","MATH","1401","Calculus I","Fall 2021",2021-08-23,2021-06-26,127
"3004","MATH","2411","Calculus II","Fall 2021",2021-08-23,2021-06-26,52
"3005","MATH","2830","Introductory Statistics","Fall 2021",2021-08-23,2021-06-26,85
"3006","MATH","1010","Math for Liberal Arts","Fall 2021",2021-08-23,2021-06-27,153
"3007","MATH","1060","Finite Mathematics","Fall 2021",2021-08-23,2021-06-27,97
"3008","MATH","1110","College Algebra","Fall 2021",2021-08-23,2021-06-27,31
"3009","MATH","1401","Calculus I","Fall 2021",2021-08-23,2021-06-27,127
"3010","MATH","2411","Calculus II","Fall 2021",2021-08-23,2021-06-27,52
"3011","MATH","2830","Introductory Statistics","Fall 2021",2021-08-23,2021-06-27,85
"3012","MATH","1010","Math for Liberal Arts","Fall 2021",2021-08-23,2021-06-28,155
"3013","MATH","1060","Finite Mathematics","Fall 2021",2021-08-23,2021-06-28,98
"3014","MATH","1110","College Algebra","Fall 2021",2021-08-23,2021-06-28,31
"3015","MATH","1401","Calculus I","Fall 2021",2021-08-23,2021-06-28,127
"3016","MATH","2411","Calculus II","Fall 2021",2021-08-23,2021-06-28,52
"3017","MATH","2830","Introductory Statistics","Fall 2021",2021-08-23,2021-06-28,85
"3018","MATH","1010","Math for Liberal Arts","Fall 2021",2021-08-23,2021-06-29,155
"3019","MATH","1060","Finite Mathematics","Fall 2021",2021-08-23,2021-06-29,99
"3020","MATH","1110","College Algebra","Fall 2021",2021-08-23,2021-06-29,31
"3021","MATH","1401","Calculus I","Fall 2021",2021-08-23,2021-06-29,127
"3022","MATH","2411","Calculus II","Fall 2021",2021-08-23,2021-06-29,53
"3023","MATH","2830","Introductory Statistics","Fall 2021",2021-08-23,2021-06-29,85
"3024","MATH","1010","Math for Liberal Arts","Fall 2021",2021-08-23,2021-06-30,164
"3025","MATH","1060","Finite Mathematics","Fall 2021",2021-08-23,2021-06-30,105
"3026","MATH","1110","College Algebra","Fall 2021",2021-08-23,2021-06-30,33
"3027","MATH","1401","Calculus I","Fall 2021",2021-08-23,2021-06-30,130
"3028","MATH","2411","Calculus II","Fall 2021",2021-08-23,2021-06-30,53
"3029","MATH","2830","Introductory Statistics","Fall 2021",2021-08-23,2021-06-30,87
"3030","MATH","1010","Math for Liberal Arts","Fall 2021",2021-08-23,2021-07-01,164
"3031","MATH","1060","Finite Mathematics","Fall 2021",2021-08-23,2021-07-01,105
"3032","MATH","1110","College Algebra","Fall 2021",2021-08-23,2021-07-01,34
"3033","MATH","1401","Calculus I","Fall 2021",2021-08-23,2021-07-01,131
"3034","MATH","2411","Calculus II","Fall 2021",2021-08-23,2021-07-01,54
"3035","MATH","2830","Introductory Statistics","Fall 2021",2021-08-23,2021-07-01,87
"3036","MATH","1010","Math for Liberal Arts","Fall 2021",2021-08-23,2021-07-02,167
"3037","MATH","1060","Finite Mathematics","Fall 2021",2021-08-23,2021-07-02,106
"3038","MATH","1110","College Algebra","Fall 2021",2021-08-23,2021-07-02,35
"3039","MATH","1401","Calculus I","Fall 2021",2021-08-23,2021-07-02,131
"3040","MATH","2411","Calculus II","Fall 2021",2021-08-23,2021-07-02,54
"3041","MATH","2830","Introductory Statistics","Fall 2021",2021-08-23,2021-07-02,87
"3042","MATH","1010","Math for Liberal Arts","Fall 2021",2021-08-23,2021-07-03,168
"3043","MATH","1060","Finite Mathematics","Fall 2021",2021-08-23,2021-07-03,107
"3044","MATH","1110","College Algebra","Fall 2021",2021-08-23,2021-07-03,35
"3045","MATH","1401","Calculus I","Fall 2021",2021-08-23,2021-07-03,131
"3046","MATH","2411","Calculus II","Fall 2021",2021-08-23,2021-07-03,55
"3047","MATH","2830","Introductory Statistics","Fall 2021",2021-08-23,2021-07-03,87
"3048","MATH","1010","Math for Liberal Arts","Fall 2021",2021-08-23,2021-07-04,168
"3049","MATH","1060","Finite Mathematics","Fall 2021",2021-08-23,2021-07-04,107
"3050","MATH","1110","College Algebra","Fall 2021",2021-08-23,2021-07-04,35
"3051","MATH","1401","Calculus I","Fall 2021",2021-08-23,2021-07-04,131
"3052","MATH","2411","Calculus II","Fall 2021",2021-08-23,2021-07-04,55
"3053","MATH","2830","Introductory Statistics","Fall 2021",2021-08-23,2021-07-04,87
"3054","MATH","1010","Math for Liberal Arts","Fall 2021",2021-08-23,2021-07-05,168
"3055","MATH","1060","Finite Mathematics","Fall 2021",2021-08-23,2021-07-05,107
"3056","MATH","1110","College Algebra","Fall 2021",2021-08-23,2021-07-05,35
"3057","MATH","1401","Calculus I","Fall 2021",2021-08-23,2021-07-05,132
"3058","MATH","2411","Calculus II","Fall 2021",2021-08-23,2021-07-05,55
"3059","MATH","2830","Introductory Statistics","Fall 2021",2021-08-23,2021-07-05,87
"3060","MATH","1010","Math for Liberal Arts","Fall 2021",2021-08-23,2021-07-06,168
"3061","MATH","1060","Finite Mathematics","Fall 2021",2021-08-23,2021-07-06,107
"3062","MATH","1110","College Algebra","Fall 2021",2021-08-23,2021-07-06,35
"3063","MATH","1401","Calculus I","Fall 2021",2021-08-23,2021-07-06,132
"3064","MATH","2411","Calculus II","Fall 2021",2021-08-23,2021-07-06,55
"3065","MATH","2830","Introductory Statistics","Fall 2021",2021-08-23,2021-07-06,87
"3066","MATH","1010","Math for Liberal Arts","Fall 2021",2021-08-23,2021-07-07,168
"3067","MATH","1060","Finite Mathematics","Fall 2021",2021-08-23,2021-07-07,109
"3068","MATH","1110","College Algebra","Fall 2021",2021-08-23,2021-07-07,35
"3069","MATH","1401","Calculus I","Fall 2021",2021-08-23,2021-07-07,136
"3070","MATH","2411","Calculus II","Fall 2021",2021-08-23,2021-07-07,56
"3071","MATH","2830","Introductory Statistics","Fall 2021",2021-08-23,2021-07-07,88
"3072","MATH","1010","Math for Liberal Arts","Fall 2021",2021-08-23,2021-07-08,167
"3073","MATH","1060","Finite Mathematics","Fall 2021",2021-08-23,2021-07-08,108
"3074","MATH","1110","College Algebra","Fall 2021",2021-08-23,2021-07-08,34
"3075","MATH","1401","Calculus I","Fall 2021",2021-08-23,2021-07-08,136
"3076","MATH","2411","Calculus II","Fall 2021",2021-08-23,2021-07-08,57
"3077","MATH","2830","Introductory Statistics","Fall 2021",2021-08-23,2021-07-08,88
"3078","MATH","1010","Math for Liberal Arts","Fall 2021",2021-08-23,2021-07-09,167
"3079","MATH","1060","Finite Mathematics","Fall 2021",2021-08-23,2021-07-09,110
"3080","MATH","1110","College Algebra","Fall 2021",2021-08-23,2021-07-09,34
"3081","MATH","1401","Calculus I","Fall 2021",2021-08-23,2021-07-09,138
"3082","MATH","2411","Calculus II","Fall 2021",2021-08-23,2021-07-09,60
"3083","MATH","2830","Introductory Statistics","Fall 2021",2021-08-23,2021-07-09,89
"3084","MATH","1010","Math for Liberal Arts","Fall 2021",2021-08-23,2021-07-10,168
"3085","MATH","1060","Finite Mathematics","Fall 2021",2021-08-23,2021-07-10,110
"3086","MATH","1110","College Algebra","Fall 2021",2021-08-23,2021-07-10,34
"3087","MATH","1401","Calculus I","Fall 2021",2021-08-23,2021-07-10,138
"3088","MATH","2411","Calculus II","Fall 2021",2021-08-23,2021-07-10,62
"3089","MATH","2830","Introductory Statistics","Fall 2021",2021-08-23,2021-07-10,90
"3090","MATH","1010","Math for Liberal Arts","Fall 2021",2021-08-23,2021-07-11,168
"3091","MATH","1060","Finite Mathematics","Fall 2021",2021-08-23,2021-07-11,110
"3092","MATH","1110","College Algebra","Fall 2021",2021-08-23,2021-07-11,34
"3093","MATH","1401","Calculus I","Fall 2021",2021-08-23,2021-07-11,138
"3094","MATH","2411","Calculus II","Fall 2021",2021-08-23,2021-07-11,61
"3095","MATH","2830","Introductory Statistics","Fall 2021",2021-08-23,2021-07-11,91
"3096","MATH","1010","Math for Liberal Arts","Fall 2021",2021-08-23,2021-07-12,168
"3097","MATH","1060","Finite Mathematics","Fall 2021",2021-08-23,2021-07-12,112
"3098","MATH","1110","College Algebra","Fall 2021",2021-08-23,2021-07-12,34
"3099","MATH","1401","Calculus I","Fall 2021",2021-08-23,2021-07-12,139
"3100","MATH","2411","Calculus II","Fall 2021",2021-08-23,2021-07-12,61
"3101","MATH","2830","Introductory Statistics","Fall 2021",2021-08-23,2021-07-12,93
"3102","MATH","1010","Math for Liberal Arts","Fall 2021",2021-08-23,2021-07-13,180
"3103","MATH","1060","Finite Mathematics","Fall 2021",2021-08-23,2021-07-13,118
"3104","MATH","1110","College Algebra","Fall 2021",2021-08-23,2021-07-13,37
"3105","MATH","1401","Calculus I","Fall 2021",2021-08-23,2021-07-13,143
"3106","MATH","2411","Calculus II","Fall 2021",2021-08-23,2021-07-13,62
"3107","MATH","2830","Introductory Statistics","Fall 2021",2021-08-23,2021-07-13,99
"3108","MATH","1010","Math for Liberal Arts","Fall 2021",2021-08-23,2021-07-14,187
"3109","MATH","1060","Finite Mathematics","Fall 2021",2021-08-23,2021-07-14,123
"3110","MATH","1110","College Algebra","Fall 2021",2021-08-23,2021-07-14,37
"3111","MATH","1401","Calculus I","Fall 2021",2021-08-23,2021-07-14,142
"3112","MATH","2411","Calculus II","Fall 2021",2021-08-23,2021-07-14,58
"3113","MATH","2830","Introductory Statistics","Fall 2021",2021-08-23,2021-07-14,104
"3114","MATH","1010","Math for Liberal Arts","Fall 2021",2021-08-23,2021-07-15,188
"3115","MATH","1060","Finite Mathematics","Fall 2021",2021-08-23,2021-07-15,127
"3116","MATH","1110","College Algebra","Fall 2021",2021-08-23,2021-07-15,38
"3117","MATH","1401","Calculus I","Fall 2021",2021-08-23,2021-07-15,144
"3118","MATH","2411","Calculus II","Fall 2021",2021-08-23,2021-07-15,62
"3119","MATH","2830","Introductory Statistics","Fall 2021",2021-08-23,2021-07-15,107
"3120","MATH","1010","Math for Liberal Arts","Fall 2021",2021-08-23,2021-07-16,188
"3121","MATH","1060","Finite Mathematics","Fall 2021",2021-08-23,2021-07-16,129
"3122","MATH","1110","College Algebra","Fall 2021",2021-08-23,2021-07-16,38
"3123","MATH","1401","Calculus I","Fall 2021",2021-08-23,2021-07-16,144
"3124","MATH","2411","Calculus II","Fall 2021",2021-08-23,2021-07-16,63
"3125","MATH","2830","Introductory Statistics","Fall 2021",2021-08-23,2021-07-16,107
"3126","MATH","1010","Math for Liberal Arts","Fall 2021",2021-08-23,2021-07-17,188
"3127","MATH","1060","Finite Mathematics","Fall 2021",2021-08-23,2021-07-17,132
"3128","MATH","1110","College Algebra","Fall 2021",2021-08-23,2021-07-17,38
"3129","MATH","1401","Calculus I","Fall 2021",2021-08-23,2021-07-17,146
"3130","MATH","2411","Calculus II","Fall 2021",2021-08-23,2021-07-17,64
"3131","MATH","2830","Introductory Statistics","Fall 2021",2021-08-23,2021-07-17,108
"3132","MATH","1010","Math for Liberal Arts","Fall 2021",2021-08-23,2021-07-18,189
"3133","MATH","1060","Finite Mathematics","Fall 2021",2021-08-23,2021-07-18,133
"3134","MATH","1110","College Algebra","Fall 2021",2021-08-23,2021-07-18,41
"3135","MATH","1401","Calculus I","Fall 2021",2021-08-23,2021-07-18,146
"3136","MATH","2411","Calculus II","Fall 2021",2021-08-23,2021-07-18,64
"3137","MATH","2830","Introductory Statistics","Fall 2021",2021-08-23,2021-07-18,108
"3138","MATH","1010","Math for Liberal Arts","Fall 2021",2021-08-23,2021-07-19,189
"3139","MATH","1060","Finite Mathematics","Fall 2021",2021-08-23,2021-07-19,134
"3140","MATH","1110","College Algebra","Fall 2021",2021-08-23,2021-07-19,41
"3141","MATH","1401","Calculus I","Fall 2021",2021-08-23,2021-07-19,146
"3142","MATH","2411","Calculus II","Fall 2021",2021-08-23,2021-07-19,64
"3143","MATH","2830","Introductory Statistics","Fall 2021",2021-08-23,2021-07-19,108
"3144","MATH","1010","Math for Liberal Arts","Fall 2021",2021-08-23,2021-07-20,195
"3145","MATH","1060","Finite Mathematics","Fall 2021",2021-08-23,2021-07-20,134
"3146","MATH","1110","College Algebra","Fall 2021",2021-08-23,2021-07-20,42
"3147","MATH","1401","Calculus I","Fall 2021",2021-08-23,2021-07-20,148
"3148","MATH","2411","Calculus II","Fall 2021",2021-08-23,2021-07-20,66
"3149","MATH","2830","Introductory Statistics","Fall 2021",2021-08-23,2021-07-20,110
"3150","MATH","1010","Math for Liberal Arts","Fall 2021",2021-08-23,2021-07-21,197
"3151","MATH","1060","Finite Mathematics","Fall 2021",2021-08-23,2021-07-21,135
"3152","MATH","1110","College Algebra","Fall 2021",2021-08-23,2021-07-21,43
"3153","MATH","1401","Calculus I","Fall 2021",2021-08-23,2021-07-21,150
"3154","MATH","2411","Calculus II","Fall 2021",2021-08-23,2021-07-21,67
"3155","MATH","2830","Introductory Statistics","Fall 2021",2021-08-23,2021-07-21,114
"3156","MATH","1010","Math for Liberal Arts","Fall 2021",2021-08-23,2021-07-22,197
"3157","MATH","1060","Finite Mathematics","Fall 2021",2021-08-23,2021-07-22,136
"3158","MATH","1110","College Algebra","Fall 2021",2021-08-23,2021-07-22,44
"3159","MATH","1401","Calculus I","Fall 2021",2021-08-23,2021-07-22,152
"3160","MATH","2411","Calculus II","Fall 2021",2021-08-23,2021-07-22,68
"3161","MATH","2830","Introductory Statistics","Fall 2021",2021-08-23,2021-07-22,115
"3162","MATH","1010","Math for Liberal Arts","Fall 2021",2021-08-23,2021-07-23,197
"3163","MATH","1060","Finite Mathematics","Fall 2021",2021-08-23,2021-07-23,135
"3164","MATH","1110","College Algebra","Fall 2021",2021-08-23,2021-07-23,45
"3165","MATH","1401","Calculus I","Fall 2021",2021-08-23,2021-07-23,155
"3166","MATH","2411","Calculus II","Fall 2021",2021-08-23,2021-07-23,67
"3167","MATH","2830","Introductory Statistics","Fall 2021",2021-08-23,2021-07-23,115
"3168","MATH","1010","Math for Liberal Arts","Fall 2021",2021-08-23,2021-07-24,198
"3169","MATH","1060","Finite Mathematics","Fall 2021",2021-08-23,2021-07-24,138
"3170","MATH","1110","College Algebra","Fall 2021",2021-08-23,2021-07-24,46
"3171","MATH","1401","Calculus I","Fall 2021",2021-08-23,2021-07-24,157
"3172","MATH","2411","Calculus II","Fall 2021",2021-08-23,2021-07-24,67
"3173","MATH","2830","Introductory Statistics","Fall 2021",2021-08-23,2021-07-24,115
"3174","MATH","1010","Math for Liberal Arts","Fall 2021",2021-08-23,2021-07-25,198
"3175","MATH","1060","Finite Mathematics","Fall 2021",2021-08-23,2021-07-25,138
"3176","MATH","1110","College Algebra","Fall 2021",2021-08-23,2021-07-25,46
"3177","MATH","1401","Calculus I","Fall 2021",2021-08-23,2021-07-25,158
"3178","MATH","2411","Calculus II","Fall 2021",2021-08-23,2021-07-25,67
"3179","MATH","2830","Introductory Statistics","Fall 2021",2021-08-23,2021-07-25,116
"3180","MATH","1010","Math for Liberal Arts","Fall 2021",2021-08-23,2021-07-26,198
"3181","MATH","1060","Finite Mathematics","Fall 2021",2021-08-23,2021-07-26,138
"3182","MATH","1110","College Algebra","Fall 2021",2021-08-23,2021-07-26,49
"3183","MATH","1401","Calculus I","Fall 2021",2021-08-23,2021-07-26,158
"3184","MATH","2411","Calculus II","Fall 2021",2021-08-23,2021-07-26,67
"3185","MATH","2830","Introductory Statistics","Fall 2021",2021-08-23,2021-07-26,118
"3186","MATH","1010","Math for Liberal Arts","Fall 2021",2021-08-23,2021-07-27,199
"3187","MATH","1060","Finite Mathematics","Fall 2021",2021-08-23,2021-07-27,140
"3188","MATH","1110","College Algebra","Fall 2021",2021-08-23,2021-07-27,50
"3189","MATH","1401","Calculus I","Fall 2021",2021-08-23,2021-07-27,159
"3190","MATH","2411","Calculus II","Fall 2021",2021-08-23,2021-07-27,67
"3191","MATH","2830","Introductory Statistics","Fall 2021",2021-08-23,2021-07-27,120
"3192","MATH","1010","Math for Liberal Arts","Fall 2021",2021-08-23,2021-07-28,202
"3193","MATH","1060","Finite Mathematics","Fall 2021",2021-08-23,2021-07-28,139
"3194","MATH","1110","College Algebra","Fall 2021",2021-08-23,2021-07-28,50
"3195","MATH","1401","Calculus I","Fall 2021",2021-08-23,2021-07-28,161
"3196","MATH","2411","Calculus II","Fall 2021",2021-08-23,2021-07-28,67
"3197","MATH","2830","Introductory Statistics","Fall 2021",2021-08-23,2021-07-28,124
"3198","MATH","1010","Math for Liberal Arts","Fall 2021",2021-08-23,2021-07-29,202
"3199","MATH","1060","Finite Mathematics","Fall 2021",2021-08-23,2021-07-29,142
"3200","MATH","1110","College Algebra","Fall 2021",2021-08-23,2021-07-29,52
"3201","MATH","1401","Calculus I","Fall 2021",2021-08-23,2021-07-29,162
"3202","MATH","2411","Calculus II","Fall 2021",2021-08-23,2021-07-29,71
"3203","MATH","2830","Introductory Statistics","Fall 2021",2021-08-23,2021-07-29,127
"3204","MATH","1010","Math for Liberal Arts","Fall 2021",2021-08-23,2021-07-30,202
"3205","MATH","1060","Finite Mathematics","Fall 2021",2021-08-23,2021-07-30,142
"3206","MATH","1110","College Algebra","Fall 2021",2021-08-23,2021-07-30,52
"3207","MATH","1401","Calculus I","Fall 2021",2021-08-23,2021-07-30,162
"3208","MATH","2411","Calculus II","Fall 2021",2021-08-23,2021-07-30,71
"3209","MATH","2830","Introductory Statistics","Fall 2021",2021-08-23,2021-07-30,127
"3210","MATH","1010","Math for Liberal Arts","Fall 2021",2021-08-23,2021-07-31,202
"3211","MATH","1060","Finite Mathematics","Fall 2021",2021-08-23,2021-07-31,142
"3212","MATH","1110","College Algebra","Fall 2021",2021-08-23,2021-07-31,52
"3213","MATH","1401","Calculus I","Fall 2021",2021-08-23,2021-07-31,165
"3214","MATH","2411","Calculus II","Fall 2021",2021-08-23,2021-07-31,72
"3215","MATH","2830","Introductory Statistics","Fall 2021",2021-08-23,2021-07-31,127
"3216","MATH","1010","Math for Liberal Arts","Fall 2021",2021-08-23,2021-08-01,201
"3217","MATH","1060","Finite Mathematics","Fall 2021",2021-08-23,2021-08-01,142
"3218","MATH","1110","College Algebra","Fall 2021",2021-08-23,2021-08-01,52
"3219","MATH","1401","Calculus I","Fall 2021",2021-08-23,2021-08-01,165
"3220","MATH","2411","Calculus II","Fall 2021",2021-08-23,2021-08-01,72
"3221","MATH","2830","Introductory Statistics","Fall 2021",2021-08-23,2021-08-01,127
"3222","MATH","1010","Math for Liberal Arts","Fall 2021",2021-08-23,2021-08-02,201
"3223","MATH","1060","Finite Mathematics","Fall 2021",2021-08-23,2021-08-02,142
"3224","MATH","1110","College Algebra","Fall 2021",2021-08-23,2021-08-02,55
"3225","MATH","1401","Calculus I","Fall 2021",2021-08-23,2021-08-02,168
"3226","MATH","2411","Calculus II","Fall 2021",2021-08-23,2021-08-02,74
"3227","MATH","2830","Introductory Statistics","Fall 2021",2021-08-23,2021-08-02,129
"3228","MATH","1010","Math for Liberal Arts","Fall 2021",2021-08-23,2021-08-03,203
"3229","MATH","1060","Finite Mathematics","Fall 2021",2021-08-23,2021-08-03,144
"3230","MATH","1110","College Algebra","Fall 2021",2021-08-23,2021-08-03,57
"3231","MATH","1401","Calculus I","Fall 2021",2021-08-23,2021-08-03,169
"3232","MATH","2411","Calculus II","Fall 2021",2021-08-23,2021-08-03,74
"3233","MATH","2830","Introductory Statistics","Fall 2021",2021-08-23,2021-08-03,131
"3234","MATH","1010","Math for Liberal Arts","Fall 2021",2021-08-23,2021-08-04,207
"3235","MATH","1060","Finite Mathematics","Fall 2021",2021-08-23,2021-08-04,148
"3236","MATH","1110","College Algebra","Fall 2021",2021-08-23,2021-08-04,59
"3237","MATH","1401","Calculus I","Fall 2021",2021-08-23,2021-08-04,176
"3238","MATH","2411","Calculus II","Fall 2021",2021-08-23,2021-08-04,76
"3239","MATH","2830","Introductory Statistics","Fall 2021",2021-08-23,2021-08-04,132
"3240","MATH","1010","Math for Liberal Arts","Fall 2021",2021-08-23,2021-08-05,208
"3241","MATH","1060","Finite Mathematics","Fall 2021",2021-08-23,2021-08-05,150
"3242","MATH","1110","College Algebra","Fall 2021",2021-08-23,2021-08-05,60
"3243","MATH","1401","Calculus I","Fall 2021",2021-08-23,2021-08-05,180
"3244","MATH","2411","Calculus II","Fall 2021",2021-08-23,2021-08-05,77
"3245","MATH","2830","Introductory Statistics","Fall 2021",2021-08-23,2021-08-05,132
"3246","MATH","1010","Math for Liberal Arts","Fall 2021",2021-08-23,2021-08-06,208
"3247","MATH","1060","Finite Mathematics","Fall 2021",2021-08-23,2021-08-06,150
"3248","MATH","1110","College Algebra","Fall 2021",2021-08-23,2021-08-06,60
"3249","MATH","1401","Calculus I","Fall 2021",2021-08-23,2021-08-06,180
"3250","MATH","2411","Calculus II","Fall 2021",2021-08-23,2021-08-06,77
"3251","MATH","2830","Introductory Statistics","Fall 2021",2021-08-23,2021-08-06,132
"3252","MATH","1010","Math for Liberal Arts","Fall 2021",2021-08-23,2021-08-07,208
"3253","MATH","1060","Finite Mathematics","Fall 2021",2021-08-23,2021-08-07,150
"3254","MATH","1110","College Algebra","Fall 2021",2021-08-23,2021-08-07,61
"3255","MATH","1401","Calculus I","Fall 2021",2021-08-23,2021-08-07,181
"3256","MATH","2411","Calculus II","Fall 2021",2021-08-23,2021-08-07,78
"3257","MATH","2830","Introductory Statistics","Fall 2021",2021-08-23,2021-08-07,132
"3258","MATH","1010","Math for Liberal Arts","Fall 2021",2021-08-23,2021-08-08,208
"3259","MATH","1060","Finite Mathematics","Fall 2021",2021-08-23,2021-08-08,150
"3260","MATH","1110","College Algebra","Fall 2021",2021-08-23,2021-08-08,61
"3261","MATH","1401","Calculus I","Fall 2021",2021-08-23,2021-08-08,183
"3262","MATH","2411","Calculus II","Fall 2021",2021-08-23,2021-08-08,79
"3263","MATH","2830","Introductory Statistics","Fall 2021",2021-08-23,2021-08-08,132
"3264","MATH","1010","Math for Liberal Arts","Fall 2021",2021-08-23,2021-08-09,207
"3265","MATH","1060","Finite Mathematics","Fall 2021",2021-08-23,2021-08-09,150
"3266","MATH","1110","College Algebra","Fall 2021",2021-08-23,2021-08-09,60
"3267","MATH","1401","Calculus I","Fall 2021",2021-08-23,2021-08-09,183
"3268","MATH","2411","Calculus II","Fall 2021",2021-08-23,2021-08-09,78
"3269","MATH","2830","Introductory Statistics","Fall 2021",2021-08-23,2021-08-09,132
"3270","MATH","1010","Math for Liberal Arts","Fall 2021",2021-08-23,2021-08-10,207
"3271","MATH","1060","Finite Mathematics","Fall 2021",2021-08-23,2021-08-10,158
"3272","MATH","1110","College Algebra","Fall 2021",2021-08-23,2021-08-10,61
"3273","MATH","1401","Calculus I","Fall 2021",2021-08-23,2021-08-10,185
"3274","MATH","2411","Calculus II","Fall 2021",2021-08-23,2021-08-10,81
"3275","MATH","2830","Introductory Statistics","Fall 2021",2021-08-23,2021-08-10,131
"3276","MATH","1010","Math for Liberal Arts","Fall 2021",2021-08-23,2021-08-11,210
"3277","MATH","1060","Finite Mathematics","Fall 2021",2021-08-23,2021-08-11,160
"3278","MATH","1110","College Algebra","Fall 2021",2021-08-23,2021-08-11,63
"3279","MATH","1401","Calculus I","Fall 2021",2021-08-23,2021-08-11,185
"3280","MATH","2411","Calculus II","Fall 2021",2021-08-23,2021-08-11,81
"3281","MATH","2830","Introductory Statistics","Fall 2021",2021-08-23,2021-08-11,134
"3282","MATH","1010","Math for Liberal Arts","Fall 2021",2021-08-23,2021-08-12,210
"3283","MATH","1060","Finite Mathematics","Fall 2021",2021-08-23,2021-08-12,160
"3284","MATH","1110","College Algebra","Fall 2021",2021-08-23,2021-08-12,62
"3285","MATH","1401","Calculus I","Fall 2021",2021-08-23,2021-08-12,186
"3286","MATH","2411","Calculus II","Fall 2021",2021-08-23,2021-08-12,82
"3287","MATH","2830","Introductory Statistics","Fall 2021",2021-08-23,2021-08-12,134
"3288","MATH","1010","Math for Liberal Arts","Fall 2021",2021-08-23,2021-08-13,210
"3289","MATH","1060","Finite Mathematics","Fall 2021",2021-08-23,2021-08-13,160
"3290","MATH","1110","College Algebra","Fall 2021",2021-08-23,2021-08-13,66
"3291","MATH","1401","Calculus I","Fall 2021",2021-08-23,2021-08-13,188
"3292","MATH","2411","Calculus II","Fall 2021",2021-08-23,2021-08-13,82
"3293","MATH","2830","Introductory Statistics","Fall 2021",2021-08-23,2021-08-13,134
"3294","MATH","1010","Math for Liberal Arts","Fall 2021",2021-08-23,2021-08-14,210
"3295","MATH","1060","Finite Mathematics","Fall 2021",2021-08-23,2021-08-14,160
"3296","MATH","1110","College Algebra","Fall 2021",2021-08-23,2021-08-14,68
"3297","MATH","1401","Calculus I","Fall 2021",2021-08-23,2021-08-14,188
"3298","MATH","2411","Calculus II","Fall 2021",2021-08-23,2021-08-14,81
"3299","MATH","2830","Introductory Statistics","Fall 2021",2021-08-23,2021-08-14,134
"3300","MATH","1010","Math for Liberal Arts","Fall 2021",2021-08-23,2021-08-15,210
"3301","MATH","1060","Finite Mathematics","Fall 2021",2021-08-23,2021-08-15,160
"3302","MATH","1110","College Algebra","Fall 2021",2021-08-23,2021-08-15,68
"3303","MATH","1401","Calculus I","Fall 2021",2021-08-23,2021-08-15,189
"3304","MATH","2411","Calculus II","Fall 2021",2021-08-23,2021-08-15,81
"3305","MATH","2830","Introductory Statistics","Fall 2021",2021-08-23,2021-08-15,134
"3306","MATH","1010","Math for Liberal Arts","Fall 2021",2021-08-23,2021-08-16,218
"3307","MATH","1060","Finite Mathematics","Fall 2021",2021-08-23,2021-08-16,164
"3308","MATH","1110","College Algebra","Fall 2021",2021-08-23,2021-08-16,70
"3309","MATH","1401","Calculus I","Fall 2021",2021-08-23,2021-08-16,192
"3310","MATH","2411","Calculus II","Fall 2021",2021-08-23,2021-08-16,81
"3311","MATH","2830","Introductory Statistics","Fall 2021",2021-08-23,2021-08-16,135
"3312","MATH","1010","Math for Liberal Arts","Fall 2021",2021-08-23,2021-08-17,221
"3313","MATH","1060","Finite Mathematics","Fall 2021",2021-08-23,2021-08-17,170
"3314","MATH","1110","College Algebra","Fall 2021",2021-08-23,2021-08-17,70
"3315","MATH","1401","Calculus I","Fall 2021",2021-08-23,2021-08-17,194
"3316","MATH","2411","Calculus II","Fall 2021",2021-08-23,2021-08-17,81
"3317","MATH","2830","Introductory Statistics","Fall 2021",2021-08-23,2021-08-17,136
"3318","MATH","1010","Math for Liberal Arts","Fall 2021",2021-08-23,2021-08-18,220
"3319","MATH","1060","Finite Mathematics","Fall 2021",2021-08-23,2021-08-18,170
"3320","MATH","1110","College Algebra","Fall 2021",2021-08-23,2021-08-18,73
"3321","MATH","1401","Calculus I","Fall 2021",2021-08-23,2021-08-18,196
"3322","MATH","2411","Calculus II","Fall 2021",2021-08-23,2021-08-18,82
"3323","MATH","2830","Introductory Statistics","Fall 2021",2021-08-23,2021-08-18,135
"3324","MATH","1010","Math for Liberal Arts","Fall 2021",2021-08-23,2021-08-19,218
"3325","MATH","1060","Finite Mathematics","Fall 2021",2021-08-23,2021-08-19,170
"3326","MATH","1110","College Algebra","Fall 2021",2021-08-23,2021-08-19,76
"3327","MATH","1401","Calculus I","Fall 2021",2021-08-23,2021-08-19,196
"3328","MATH","2411","Calculus II","Fall 2021",2021-08-23,2021-08-19,83
"3329","MATH","2830","Introductory Statistics","Fall 2021",2021-08-23,2021-08-19,136
"3330","MATH","1010","Math for Liberal Arts","Fall 2021",2021-08-23,2021-08-20,220
"3331","MATH","1060","Finite Mathematics","Fall 2021",2021-08-23,2021-08-20,170
"3332","MATH","1110","College Algebra","Fall 2021",2021-08-23,2021-08-20,78
"3333","MATH","1401","Calculus I","Fall 2021",2021-08-23,2021-08-20,196
"3334","MATH","2411","Calculus II","Fall 2021",2021-08-23,2021-08-20,85
"3335","MATH","2830","Introductory Statistics","Fall 2021",2021-08-23,2021-08-20,138
"3336","MATH","1010","Math for Liberal Arts","Fall 2021",2021-08-23,2021-08-21,220
"3337","MATH","1060","Finite Mathematics","Fall 2021",2021-08-23,2021-08-21,169
"3338","MATH","1110","College Algebra","Fall 2021",2021-08-23,2021-08-21,78
"3339","MATH","1401","Calculus I","Fall 2021",2021-08-23,2021-08-21,196
"3340","MATH","2411","Calculus II","Fall 2021",2021-08-23,2021-08-21,86
"3341","MATH","2830","Introductory Statistics","Fall 2021",2021-08-23,2021-08-21,138
"3342","MATH","1010","Math for Liberal Arts","Fall 2021",2021-08-23,2021-08-22,221
"3343","MATH","1060","Finite Mathematics","Fall 2021",2021-08-23,2021-08-22,169
"3344","MATH","1110","College Algebra","Fall 2021",2021-08-23,2021-08-22,83
"3345","MATH","1401","Calculus I","Fall 2021",2021-08-23,2021-08-22,196
"3346","MATH","2411","Calculus II","Fall 2021",2021-08-23,2021-08-22,87
"3347","MATH","2830","Introductory Statistics","Fall 2021",2021-08-23,2021-08-22,139
"3348","MATH","1010","Math for Liberal Arts","Fall 2021",2021-08-23,2021-08-23,220
"3349","MATH","1060","Finite Mathematics","Fall 2021",2021-08-23,2021-08-23,170
"3350","MATH","1110","College Algebra","Fall 2021",2021-08-23,2021-08-23,89
"3351","MATH","1401","Calculus I","Fall 2021",2021-08-23,2021-08-23,196
"3352","MATH","2411","Calculus II","Fall 2021",2021-08-23,2021-08-23,89
"3353","MATH","2830","Introductory Statistics","Fall 2021",2021-08-23,2021-08-23,138
"3354","MATH","1010","Math for Liberal Arts","Fall 2021",2021-08-23,2021-08-24,221
"3355","MATH","1060","Finite Mathematics","Fall 2021",2021-08-23,2021-08-24,170
"3356","MATH","1110","College Algebra","Fall 2021",2021-08-23,2021-08-24,90
"3357","MATH","1401","Calculus I","Fall 2021",2021-08-23,2021-08-24,198
"3358","MATH","2411","Calculus II","Fall 2021",2021-08-23,2021-08-24,89
"3359","MATH","2830","Introductory Statistics","Fall 2021",2021-08-23,2021-08-24,140
"3360","MATH","1010","Math for Liberal Arts","Fall 2021",2021-08-23,2021-08-25,220
"3361","MATH","1060","Finite Mathematics","Fall 2021",2021-08-23,2021-08-25,169
"3362","MATH","1110","College Algebra","Fall 2021",2021-08-23,2021-08-25,90
"3363","MATH","1401","Calculus I","Fall 2021",2021-08-23,2021-08-25,198
"3364","MATH","2411","Calculus II","Fall 2021",2021-08-23,2021-08-25,89
"3365","MATH","2830","Introductory Statistics","Fall 2021",2021-08-23,2021-08-25,142
"3366","MATH","1010","Math for Liberal Arts","Fall 2021",2021-08-23,2021-08-26,218
"3367","MATH","1060","Finite Mathematics","Fall 2021",2021-08-23,2021-08-26,170
"3368","MATH","1110","College Algebra","Fall 2021",2021-08-23,2021-08-26,90
"3369","MATH","1401","Calculus I","Fall 2021",2021-08-23,2021-08-26,198
"3370","MATH","2411","Calculus II","Fall 2021",2021-08-23,2021-08-26,87
"3371","MATH","2830","Introductory Statistics","Fall 2021",2021-08-23,2021-08-26,141
"3372","MATH","1010","Math for Liberal Arts","Fall 2021",2021-08-23,2021-08-27,217
"3373","MATH","1060","Finite Mathematics","Fall 2021",2021-08-23,2021-08-27,172
"3374","MATH","1110","College Algebra","Fall 2021",2021-08-23,2021-08-27,90
"3375","MATH","1401","Calculus I","Fall 2021",2021-08-23,2021-08-27,201
"3376","MATH","2411","Calculus II","Fall 2021",2021-08-23,2021-08-27,87
"3377","MATH","2830","Introductory Statistics","Fall 2021",2021-08-23,2021-08-27,140
"3378","MATH","1010","Math for Liberal Arts","Fall 2021",2021-08-23,2021-08-28,217
"3379","MATH","1060","Finite Mathematics","Fall 2021",2021-08-23,2021-08-28,172
"3380","MATH","1110","College Algebra","Fall 2021",2021-08-23,2021-08-28,90
"3381","MATH","1401","Calculus I","Fall 2021",2021-08-23,2021-08-28,201
"3382","MATH","2411","Calculus II","Fall 2021",2021-08-23,2021-08-28,87
"3383","MATH","2830","Introductory Statistics","Fall 2021",2021-08-23,2021-08-28,140
"3384","MATH","1010","Math for Liberal Arts","Fall 2021",2021-08-23,2021-08-29,217
"3385","MATH","1060","Finite Mathematics","Fall 2021",2021-08-23,2021-08-29,171
"3386","MATH","1110","College Algebra","Fall 2021",2021-08-23,2021-08-29,90
"3387","MATH","1401","Calculus I","Fall 2021",2021-08-23,2021-08-29,201
"3388","MATH","2411","Calculus II","Fall 2021",2021-08-23,2021-08-29,88
"3389","MATH","2830","Introductory Statistics","Fall 2021",2021-08-23,2021-08-29,139
"3390","MATH","1010","Math for Liberal Arts","Fall 2021",2021-08-23,2021-08-30,216
"3391","MATH","1060","Finite Mathematics","Fall 2021",2021-08-23,2021-08-30,169
"3392","MATH","1110","College Algebra","Fall 2021",2021-08-23,2021-08-30,90
"3393","MATH","1401","Calculus I","Fall 2021",2021-08-23,2021-08-30,200
"3394","MATH","2411","Calculus II","Fall 2021",2021-08-23,2021-08-30,88
"3395","MATH","2830","Introductory Statistics","Fall 2021",2021-08-23,2021-08-30,139
"3396","MATH","1010","Math for Liberal Arts","Fall 2021",2021-08-23,2021-08-31,212
"3397","MATH","1060","Finite Mathematics","Fall 2021",2021-08-23,2021-08-31,168
"3398","MATH","1110","College Algebra","Fall 2021",2021-08-23,2021-08-31,89
"3399","MATH","1401","Calculus I","Fall 2021",2021-08-23,2021-08-31,198
"3400","MATH","2411","Calculus II","Fall 2021",2021-08-23,2021-08-31,87
"3401","MATH","2830","Introductory Statistics","Fall 2021",2021-08-23,2021-08-31,139
"3402","MATH","1010","Math for Liberal Arts","Fall 2021",2021-08-23,2021-09-01,212
"3403","MATH","1060","Finite Mathematics","Fall 2021",2021-08-23,2021-09-01,168
"3404","MATH","1110","College Algebra","Fall 2021",2021-08-23,2021-09-01,89
"3405","MATH","1401","Calculus I","Fall 2021",2021-08-23,2021-09-01,198
"3406","MATH","2411","Calculus II","Fall 2021",2021-08-23,2021-09-01,86
"3407","MATH","2830","Introductory Statistics","Fall 2021",2021-08-23,2021-09-01,139
"3408","MATH","1010","Math for Liberal Arts","Fall 2021",2021-08-23,2021-09-02,212
"3409","MATH","1060","Finite Mathematics","Fall 2021",2021-08-23,2021-09-02,167
"3410","MATH","1110","College Algebra","Fall 2021",2021-08-23,2021-09-02,89
"3411","MATH","1401","Calculus I","Fall 2021",2021-08-23,2021-09-02,199
"3412","MATH","2411","Calculus II","Fall 2021",2021-08-23,2021-09-02,85
"3413","MATH","2830","Introductory Statistics","Fall 2021",2021-08-23,2021-09-02,139
"3414","MATH","1010","Math for Liberal Arts","Fall 2021",2021-08-23,2021-09-03,212
"3415","MATH","1060","Finite Mathematics","Fall 2021",2021-08-23,2021-09-03,167
"3416","MATH","1110","College Algebra","Fall 2021",2021-08-23,2021-09-03,89
"3417","MATH","1401","Calculus I","Fall 2021",2021-08-23,2021-09-03,199
"3418","MATH","2411","Calculus II","Fall 2021",2021-08-23,2021-09-03,86
"3419","MATH","2830","Introductory Statistics","Fall 2021",2021-08-23,2021-09-03,139
"3420","MATH","1010","Math for Liberal Arts","Fall 2021",2021-08-23,2021-09-04,213
"3421","MATH","1060","Finite Mathematics","Fall 2021",2021-08-23,2021-09-04,169
"3422","MATH","1110","College Algebra","Fall 2021",2021-08-23,2021-09-04,91
"3423","MATH","1401","Calculus I","Fall 2021",2021-08-23,2021-09-04,199
"3424","MATH","2411","Calculus II","Fall 2021",2021-08-23,2021-09-04,86
"3425","MATH","2830","Introductory Statistics","Fall 2021",2021-08-23,2021-09-04,139
"3426","MATH","1010","Math for Liberal Arts","Fall 2021",2021-08-23,2021-09-05,213
"3427","MATH","1060","Finite Mathematics","Fall 2021",2021-08-23,2021-09-05,168
"3428","MATH","1110","College Algebra","Fall 2021",2021-08-23,2021-09-05,91
"3429","MATH","1401","Calculus I","Fall 2021",2021-08-23,2021-09-05,199
"3430","MATH","2411","Calculus II","Fall 2021",2021-08-23,2021-09-05,86
"3431","MATH","2830","Introductory Statistics","Fall 2021",2021-08-23,2021-09-05,138
"3432","MATH","1010","Math for Liberal Arts","Fall 2021",2021-08-23,2021-09-06,212
"3433","MATH","1060","Finite Mathematics","Fall 2021",2021-08-23,2021-09-06,168
"3434","MATH","1110","College Algebra","Fall 2021",2021-08-23,2021-09-06,91
"3435","MATH","1401","Calculus I","Fall 2021",2021-08-23,2021-09-06,199
"3436","MATH","2411","Calculus II","Fall 2021",2021-08-23,2021-09-06,86
"3437","MATH","2830","Introductory Statistics","Fall 2021",2021-08-23,2021-09-06,138
"3438","MATH","1010","Math for Liberal Arts","Fall 2021",2021-08-23,2021-09-07,212
"3439","MATH","1060","Finite Mathematics","Fall 2021",2021-08-23,2021-09-07,168
"3440","MATH","1110","College Algebra","Fall 2021",2021-08-23,2021-09-07,91
"3441","MATH","1401","Calculus I","Fall 2021",2021-08-23,2021-09-07,199
"3442","MATH","2411","Calculus II","Fall 2021",2021-08-23,2021-09-07,86
"3443","MATH","2830","Introductory Statistics","Fall 2021",2021-08-23,2021-09-07,138
"3444","MATH","1010","Math for Liberal Arts","Fall 2021",2021-08-23,2021-09-08,212
"3445","MATH","1060","Finite Mathematics","Fall 2021",2021-08-23,2021-09-08,166
"3446","MATH","1110","College Algebra","Fall 2021",2021-08-23,2021-09-08,91
"3447","MATH","1401","Calculus I","Fall 2021",2021-08-23,2021-09-08,200
"3448","MATH","2411","Calculus II","Fall 2021",2021-08-23,2021-09-08,84
"3449","MATH","2830","Introductory Statistics","Fall 2021",2021-08-23,2021-09-08,139
"3450","MATH","1010","Math for Liberal Arts","Fall 2021",2021-08-23,2021-09-09,210
"3451","MATH","1060","Finite Mathematics","Fall 2021",2021-08-23,2021-09-09,165
"3452","MATH","1110","College Algebra","Fall 2021",2021-08-23,2021-09-09,92
"3453","MATH","1401","Calculus I","Fall 2021",2021-08-23,2021-09-09,198
"3454","MATH","2411","Calculus II","Fall 2021",2021-08-23,2021-09-09,84
"3455","MATH","2830","Introductory Statistics","Fall 2021",2021-08-23,2021-09-09,141
"3456","MATH","1010","Math for Liberal Arts","Fall 2021",2021-08-23,2021-09-10,210
"3457","MATH","1060","Finite Mathematics","Fall 2021",2021-08-23,2021-09-10,165
"3458","MATH","1110","College Algebra","Fall 2021",2021-08-23,2021-09-10,92
"3459","MATH","1401","Calculus I","Fall 2021",2021-08-23,2021-09-10,198
"3460","MATH","2411","Calculus II","Fall 2021",2021-08-23,2021-09-10,84
"3461","MATH","2830","Introductory Statistics","Fall 2021",2021-08-23,2021-09-10,141
"3462","MATH","1010","Math for Liberal Arts","Fall 2021",2021-08-23,2021-09-11,210
"3463","MATH","1060","Finite Mathematics","Fall 2021",2021-08-23,2021-09-11,165
"3464","MATH","1110","College Algebra","Fall 2021",2021-08-23,2021-09-11,92
"3465","MATH","1401","Calculus I","Fall 2021",2021-08-23,2021-09-11,198
"3466","MATH","2411","Calculus II","Fall 2021",2021-08-23,2021-09-11,84
"3467","MATH","2830","Introductory Statistics","Fall 2021",2021-08-23,2021-09-11,141
"3468","MATH","1010","Math for Liberal Arts","Fall 2021",2021-08-23,2021-09-12,210
"3469","MATH","1060","Finite Mathematics","Fall 2021",2021-08-23,2021-09-12,165
"3470","MATH","1110","College Algebra","Fall 2021",2021-08-23,2021-09-12,92
"3471","MATH","1401","Calculus I","Fall 2021",2021-08-23,2021-09-12,198
"3472","MATH","2411","Calculus II","Fall 2021",2021-08-23,2021-09-12,84
"3473","MATH","2830","Introductory Statistics","Fall 2021",2021-08-23,2021-09-12,141
"3474","MATH","1010","Math for Liberal Arts","Fall 2021",2021-08-23,2021-09-13,210
"3475","MATH","1060","Finite Mathematics","Fall 2021",2021-08-23,2021-09-13,165
"3476","MATH","1110","College Algebra","Fall 2021",2021-08-23,2021-09-13,92
"3477","MATH","1401","Calculus I","Fall 2021",2021-08-23,2021-09-13,198
"3478","MATH","2411","Calculus II","Fall 2021",2021-08-23,2021-09-13,84
"3479","MATH","2830","Introductory Statistics","Fall 2021",2021-08-23,2021-09-13,141
"3480","MATH","1010","Math for Liberal Arts","Fall 2021",2021-08-23,2021-09-14,210
"3481","MATH","1060","Finite Mathematics","Fall 2021",2021-08-23,2021-09-14,165
"3482","MATH","1110","College Algebra","Fall 2021",2021-08-23,2021-09-14,92
"3483","MATH","1401","Calculus I","Fall 2021",2021-08-23,2021-09-14,198
"3484","MATH","2411","Calculus II","Fall 2021",2021-08-23,2021-09-14,84
"3485","MATH","2830","Introductory Statistics","Fall 2021",2021-08-23,2021-09-14,141
"3486","MATH","1010","Math for Liberal Arts","Fall 2021",2021-08-23,2021-09-15,210
"3487","MATH","1060","Finite Mathematics","Fall 2021",2021-08-23,2021-09-15,165
"3488","MATH","1110","College Algebra","Fall 2021",2021-08-23,2021-09-15,92
"3489","MATH","1401","Calculus I","Fall 2021",2021-08-23,2021-09-15,198
"3490","MATH","2411","Calculus II","Fall 2021",2021-08-23,2021-09-15,84
"3491","MATH","2830","Introductory Statistics","Fall 2021",2021-08-23,2021-09-15,141
"3492","MATH","1010","Math for Liberal Arts","Fall 2021",2021-08-23,2021-09-16,210
"3493","MATH","1060","Finite Mathematics","Fall 2021",2021-08-23,2021-09-16,165
"3494","MATH","1110","College Algebra","Fall 2021",2021-08-23,2021-09-16,92
"3495","MATH","1401","Calculus I","Fall 2021",2021-08-23,2021-09-16,199
"3496","MATH","2411","Calculus II","Fall 2021",2021-08-23,2021-09-16,84
"3497","MATH","2830","Introductory Statistics","Fall 2021",2021-08-23,2021-09-16,141
"3498","MATH","1010","Math for Liberal Arts","Fall 2021",2021-08-23,2021-09-17,210
"3499","MATH","1060","Finite Mathematics","Fall 2021",2021-08-23,2021-09-17,165
"3500","MATH","1110","College Algebra","Fall 2021",2021-08-23,2021-09-17,92
"3501","MATH","1401","Calculus I","Fall 2021",2021-08-23,2021-09-17,199
"3502","MATH","2411","Calculus II","Fall 2021",2021-08-23,2021-09-17,84
"3503","MATH","2830","Introductory Statistics","Fall 2021",2021-08-23,2021-09-17,141
"3504","MATH","1010","Math for Liberal Arts","Fall 2021",2021-08-23,2021-09-18,210
"3505","MATH","1060","Finite Mathematics","Fall 2021",2021-08-23,2021-09-18,165
"3506","MATH","1110","College Algebra","Fall 2021",2021-08-23,2021-09-18,92
"3507","MATH","1401","Calculus I","Fall 2021",2021-08-23,2021-09-18,199
"3508","MATH","2411","Calculus II","Fall 2021",2021-08-23,2021-09-18,84
"3509","MATH","2830","Introductory Statistics","Fall 2021",2021-08-23,2021-09-18,141
"3510","MATH","1010","Math for Liberal Arts","Fall 2021",2021-08-23,2021-09-19,210
"3511","MATH","1060","Finite Mathematics","Fall 2021",2021-08-23,2021-09-19,165
"3512","MATH","1110","College Algebra","Fall 2021",2021-08-23,2021-09-19,92
"3513","MATH","1401","Calculus I","Fall 2021",2021-08-23,2021-09-19,199
"3514","MATH","2411","Calculus II","Fall 2021",2021-08-23,2021-09-19,84
"3515","MATH","2830","Introductory Statistics","Fall 2021",2021-08-23,2021-09-19,141
"3516","MATH","1010","Math for Liberal Arts","Fall 2021",2021-08-23,2021-09-20,210
"3517","MATH","1060","Finite Mathematics","Fall 2021",2021-08-23,2021-09-20,165
"3518","MATH","1110","College Algebra","Fall 2021",2021-08-23,2021-09-20,92
"3519","MATH","1401","Calculus I","Fall 2021",2021-08-23,2021-09-20,199
"3520","MATH","2411","Calculus II","Fall 2021",2021-08-23,2021-09-20,84
"3521","MATH","2830","Introductory Statistics","Fall 2021",2021-08-23,2021-09-20,141
"3522","MATH","1010","Math for Liberal Arts","Spring 2022",2022-01-18,2021-11-02,2
"3523","MATH","1060","Finite Mathematics","Spring 2022",2022-01-18,2021-11-02,1
"3524","MATH","1110","College Algebra","Spring 2022",2022-01-18,2021-11-02,1
"3525","MATH","1401","Calculus I","Spring 2022",2022-01-18,2021-11-02,4
"3526","MATH","2411","Calculus II","Spring 2022",2022-01-18,2021-11-02,2
"3527","MATH","2830","Introductory Statistics","Spring 2022",2022-01-18,2021-11-02,6
"3528","MATH","1010","Math for Liberal Arts","Spring 2022",2022-01-18,2021-11-03,2
"3529","MATH","1060","Finite Mathematics","Spring 2022",2022-01-18,2021-11-03,2
"3530","MATH","1110","College Algebra","Spring 2022",2022-01-18,2021-11-03,1
"3531","MATH","1401","Calculus I","Spring 2022",2022-01-18,2021-11-03,6
"3532","MATH","2411","Calculus II","Spring 2022",2022-01-18,2021-11-03,2
"3533","MATH","2830","Introductory Statistics","Spring 2022",2022-01-18,2021-11-03,8
"3534","MATH","1010","Math for Liberal Arts","Spring 2022",2022-01-18,2021-11-04,2
"3535","MATH","1060","Finite Mathematics","Spring 2022",2022-01-18,2021-11-04,2
"3536","MATH","1110","College Algebra","Spring 2022",2022-01-18,2021-11-04,1
"3537","MATH","1401","Calculus I","Spring 2022",2022-01-18,2021-11-04,6
"3538","MATH","2411","Calculus II","Spring 2022",2022-01-18,2021-11-04,3
"3539","MATH","2830","Introductory Statistics","Spring 2022",2022-01-18,2021-11-04,9
"3540","MATH","1010","Math for Liberal Arts","Spring 2022",2022-01-18,2021-11-05,3
"3541","MATH","1060","Finite Mathematics","Spring 2022",2022-01-18,2021-11-05,5
"3542","MATH","1110","College Algebra","Spring 2022",2022-01-18,2021-11-05,1
"3543","MATH","1401","Calculus I","Spring 2022",2022-01-18,2021-11-05,6
"3544","MATH","2411","Calculus II","Spring 2022",2022-01-18,2021-11-05,5
"3545","MATH","2830","Introductory Statistics","Spring 2022",2022-01-18,2021-11-05,10
"3546","MATH","1010","Math for Liberal Arts","Spring 2022",2022-01-18,2021-11-06,4
"3547","MATH","1060","Finite Mathematics","Spring 2022",2022-01-18,2021-11-06,5
"3548","MATH","1110","College Algebra","Spring 2022",2022-01-18,2021-11-06,1
"3549","MATH","1401","Calculus I","Spring 2022",2022-01-18,2021-11-06,7
"3550","MATH","2411","Calculus II","Spring 2022",2022-01-18,2021-11-06,7
"3551","MATH","2830","Introductory Statistics","Spring 2022",2022-01-18,2021-11-06,11
"3552","MATH","1010","Math for Liberal Arts","Spring 2022",2022-01-18,2021-11-07,4
"3553","MATH","1060","Finite Mathematics","Spring 2022",2022-01-18,2021-11-07,5
"3554","MATH","1110","College Algebra","Spring 2022",2022-01-18,2021-11-07,1
"3555","MATH","1401","Calculus I","Spring 2022",2022-01-18,2021-11-07,8
"3556","MATH","2411","Calculus II","Spring 2022",2022-01-18,2021-11-07,7
"3557","MATH","2830","Introductory Statistics","Spring 2022",2022-01-18,2021-11-07,12
"3558","MATH","1010","Math for Liberal Arts","Spring 2022",2022-01-18,2021-11-08,4
"3559","MATH","1060","Finite Mathematics","Spring 2022",2022-01-18,2021-11-08,5
"3560","MATH","1110","College Algebra","Spring 2022",2022-01-18,2021-11-08,1
"3561","MATH","1401","Calculus I","Spring 2022",2022-01-18,2021-11-08,11
"3562","MATH","2411","Calculus II","Spring 2022",2022-01-18,2021-11-08,9
"3563","MATH","2830","Introductory Statistics","Spring 2022",2022-01-18,2021-11-08,13
"3564","MATH","1010","Math for Liberal Arts","Spring 2022",2022-01-18,2021-11-09,4
"3565","MATH","1060","Finite Mathematics","Spring 2022",2022-01-18,2021-11-09,5
"3566","MATH","1110","College Algebra","Spring 2022",2022-01-18,2021-11-09,1
"3567","MATH","1401","Calculus I","Spring 2022",2022-01-18,2021-11-09,13
"3568","MATH","2411","Calculus II","Spring 2022",2022-01-18,2021-11-09,10
"3569","MATH","2830","Introductory Statistics","Spring 2022",2022-01-18,2021-11-09,15
"3570","MATH","1010","Math for Liberal Arts","Spring 2022",2022-01-18,2021-11-10,5
"3571","MATH","1060","Finite Mathematics","Spring 2022",2022-01-18,2021-11-10,6
"3572","MATH","1110","College Algebra","Spring 2022",2022-01-18,2021-11-10,1
"3573","MATH","1401","Calculus I","Spring 2022",2022-01-18,2021-11-10,16
"3574","MATH","2411","Calculus II","Spring 2022",2022-01-18,2021-11-10,11
"3575","MATH","2830","Introductory Statistics","Spring 2022",2022-01-18,2021-11-10,16
"3576","MATH","1010","Math for Liberal Arts","Spring 2022",2022-01-18,2021-11-11,7
"3577","MATH","1060","Finite Mathematics","Spring 2022",2022-01-18,2021-11-11,6
"3578","MATH","1110","College Algebra","Spring 2022",2022-01-18,2021-11-11,2
"3579","MATH","1401","Calculus I","Spring 2022",2022-01-18,2021-11-11,19
"3580","MATH","2411","Calculus II","Spring 2022",2022-01-18,2021-11-11,15
"3581","MATH","2830","Introductory Statistics","Spring 2022",2022-01-18,2021-11-11,18
"3582","MATH","1010","Math for Liberal Arts","Spring 2022",2022-01-18,2021-11-12,9
"3583","MATH","1060","Finite Mathematics","Spring 2022",2022-01-18,2021-11-12,7
"3584","MATH","1110","College Algebra","Spring 2022",2022-01-18,2021-11-12,2
"3585","MATH","1401","Calculus I","Spring 2022",2022-01-18,2021-11-12,25
"3586","MATH","2411","Calculus II","Spring 2022",2022-01-18,2021-11-12,18
"3587","MATH","2830","Introductory Statistics","Spring 2022",2022-01-18,2021-11-12,23
"3588","MATH","1010","Math for Liberal Arts","Spring 2022",2022-01-18,2021-11-13,18
"3589","MATH","1060","Finite Mathematics","Spring 2022",2022-01-18,2021-11-13,9
"3590","MATH","1110","College Algebra","Spring 2022",2022-01-18,2021-11-13,2
"3591","MATH","1401","Calculus I","Spring 2022",2022-01-18,2021-11-13,39
"3592","MATH","2411","Calculus II","Spring 2022",2022-01-18,2021-11-13,37
"3593","MATH","2830","Introductory Statistics","Spring 2022",2022-01-18,2021-11-13,28
"3594","MATH","1010","Math for Liberal Arts","Spring 2022",2022-01-18,2021-11-14,18
"3595","MATH","1060","Finite Mathematics","Spring 2022",2022-01-18,2021-11-14,10
"3596","MATH","1110","College Algebra","Spring 2022",2022-01-18,2021-11-14,2
"3597","MATH","1401","Calculus I","Spring 2022",2022-01-18,2021-11-14,39
"3598","MATH","2411","Calculus II","Spring 2022",2022-01-18,2021-11-14,39
"3599","MATH","2830","Introductory Statistics","Spring 2022",2022-01-18,2021-11-14,29
"3600","MATH","1010","Math for Liberal Arts","Spring 2022",2022-01-18,2021-11-15,18
"3601","MATH","1060","Finite Mathematics","Spring 2022",2022-01-18,2021-11-15,12
"3602","MATH","1110","College Algebra","Spring 2022",2022-01-18,2021-11-15,2
"3603","MATH","1401","Calculus I","Spring 2022",2022-01-18,2021-11-15,39
"3604","MATH","2411","Calculus II","Spring 2022",2022-01-18,2021-11-15,41
"3605","MATH","2830","Introductory Statistics","Spring 2022",2022-01-18,2021-11-15,31
"3606","MATH","1010","Math for Liberal Arts","Spring 2022",2022-01-18,2021-11-16,36
"3607","MATH","1060","Finite Mathematics","Spring 2022",2022-01-18,2021-11-16,27
"3608","MATH","1110","College Algebra","Spring 2022",2022-01-18,2021-11-16,9
"3609","MATH","1401","Calculus I","Spring 2022",2022-01-18,2021-11-16,82
"3610","MATH","2411","Calculus II","Spring 2022",2022-01-18,2021-11-16,74
"3611","MATH","2830","Introductory Statistics","Spring 2022",2022-01-18,2021-11-16,49
"3612","MATH","1010","Math for Liberal Arts","Spring 2022",2022-01-18,2021-11-17,40
"3613","MATH","1060","Finite Mathematics","Spring 2022",2022-01-18,2021-11-17,33
"3614","MATH","1110","College Algebra","Spring 2022",2022-01-18,2021-11-17,12
"3615","MATH","1401","Calculus I","Spring 2022",2022-01-18,2021-11-17,90
"3616","MATH","2411","Calculus II","Spring 2022",2022-01-18,2021-11-17,80
"3617","MATH","2830","Introductory Statistics","Spring 2022",2022-01-18,2021-11-17,57
"3618","MATH","1010","Math for Liberal Arts","Spring 2022",2022-01-18,2021-11-18,42
"3619","MATH","1060","Finite Mathematics","Spring 2022",2022-01-18,2021-11-18,39
"3620","MATH","1110","College Algebra","Spring 2022",2022-01-18,2021-11-18,13
"3621","MATH","1401","Calculus I","Spring 2022",2022-01-18,2021-11-18,95
"3622","MATH","2411","Calculus II","Spring 2022",2022-01-18,2021-11-18,83
"3623","MATH","2830","Introductory Statistics","Spring 2022",2022-01-18,2021-11-18,59
"3624","MATH","1010","Math for Liberal Arts","Spring 2022",2022-01-18,2021-11-19,44
"3625","MATH","1060","Finite Mathematics","Spring 2022",2022-01-18,2021-11-19,44
"3626","MATH","1110","College Algebra","Spring 2022",2022-01-18,2021-11-19,13
"3627","MATH","1401","Calculus I","Spring 2022",2022-01-18,2021-11-19,99
"3628","MATH","2411","Calculus II","Spring 2022",2022-01-18,2021-11-19,86
"3629","MATH","2830","Introductory Statistics","Spring 2022",2022-01-18,2021-11-19,62
"3630","MATH","1010","Math for Liberal Arts","Spring 2022",2022-01-18,2021-11-20,45
"3631","MATH","1060","Finite Mathematics","Spring 2022",2022-01-18,2021-11-20,46
"3632","MATH","1110","College Algebra","Spring 2022",2022-01-18,2021-11-20,14
"3633","MATH","1401","Calculus I","Spring 2022",2022-01-18,2021-11-20,105
"3634","MATH","2411","Calculus II","Spring 2022",2022-01-18,2021-11-20,89
"3635","MATH","2830","Introductory Statistics","Spring 2022",2022-01-18,2021-11-20,64
"3636","MATH","1010","Math for Liberal Arts","Spring 2022",2022-01-18,2021-11-21,45
"3637","MATH","1060","Finite Mathematics","Spring 2022",2022-01-18,2021-11-21,46
"3638","MATH","1110","College Algebra","Spring 2022",2022-01-18,2021-11-21,14
"3639","MATH","1401","Calculus I","Spring 2022",2022-01-18,2021-11-21,105
"3640","MATH","2411","Calculus II","Spring 2022",2022-01-18,2021-11-21,91
"3641","MATH","2830","Introductory Statistics","Spring 2022",2022-01-18,2021-11-21,64
"3642","MATH","1010","Math for Liberal Arts","Spring 2022",2022-01-18,2021-11-22,46
"3643","MATH","1060","Finite Mathematics","Spring 2022",2022-01-18,2021-11-22,46
"3644","MATH","1110","College Algebra","Spring 2022",2022-01-18,2021-11-22,14
"3645","MATH","1401","Calculus I","Spring 2022",2022-01-18,2021-11-22,106
"3646","MATH","2411","Calculus II","Spring 2022",2022-01-18,2021-11-22,91
"3647","MATH","2830","Introductory Statistics","Spring 2022",2022-01-18,2021-11-22,64
"3648","MATH","1010","Math for Liberal Arts","Spring 2022",2022-01-18,2021-11-23,49
"3649","MATH","1060","Finite Mathematics","Spring 2022",2022-01-18,2021-11-23,46
"3650","MATH","1110","College Algebra","Spring 2022",2022-01-18,2021-11-23,15
"3651","MATH","1401","Calculus I","Spring 2022",2022-01-18,2021-11-23,107
"3652","MATH","2411","Calculus II","Spring 2022",2022-01-18,2021-11-23,91
"3653","MATH","2830","Introductory Statistics","Spring 2022",2022-01-18,2021-11-23,66
"3654","MATH","1010","Math for Liberal Arts","Spring 2022",2022-01-18,2021-11-24,50
"3655","MATH","1060","Finite Mathematics","Spring 2022",2022-01-18,2021-11-24,47
"3656","MATH","1110","College Algebra","Spring 2022",2022-01-18,2021-11-24,16
"3657","MATH","1401","Calculus I","Spring 2022",2022-01-18,2021-11-24,109
"3658","MATH","2411","Calculus II","Spring 2022",2022-01-18,2021-11-24,92
"3659","MATH","2830","Introductory Statistics","Spring 2022",2022-01-18,2021-11-24,66
"3660","MATH","1010","Math for Liberal Arts","Spring 2022",2022-01-18,2021-11-25,52
"3661","MATH","1060","Finite Mathematics","Spring 2022",2022-01-18,2021-11-25,49
"3662","MATH","1110","College Algebra","Spring 2022",2022-01-18,2021-11-25,16
"3663","MATH","1401","Calculus I","Spring 2022",2022-01-18,2021-11-25,109
"3664","MATH","2411","Calculus II","Spring 2022",2022-01-18,2021-11-25,92
"3665","MATH","2830","Introductory Statistics","Spring 2022",2022-01-18,2021-11-25,67
"3666","MATH","1010","Math for Liberal Arts","Spring 2022",2022-01-18,2021-11-26,52
"3667","MATH","1060","Finite Mathematics","Spring 2022",2022-01-18,2021-11-26,51
"3668","MATH","1110","College Algebra","Spring 2022",2022-01-18,2021-11-26,16
"3669","MATH","1401","Calculus I","Spring 2022",2022-01-18,2021-11-26,108
"3670","MATH","2411","Calculus II","Spring 2022",2022-01-18,2021-11-26,92
"3671","MATH","2830","Introductory Statistics","Spring 2022",2022-01-18,2021-11-26,67
"3672","MATH","1010","Math for Liberal Arts","Spring 2022",2022-01-18,2021-11-27,52
"3673","MATH","1060","Finite Mathematics","Spring 2022",2022-01-18,2021-11-27,52
"3674","MATH","1110","College Algebra","Spring 2022",2022-01-18,2021-11-27,17
"3675","MATH","1401","Calculus I","Spring 2022",2022-01-18,2021-11-27,109
"3676","MATH","2411","Calculus II","Spring 2022",2022-01-18,2021-11-27,92
"3677","MATH","2830","Introductory Statistics","Spring 2022",2022-01-18,2021-11-27,67
"3678","MATH","1010","Math for Liberal Arts","Spring 2022",2022-01-18,2021-11-28,52
"3679","MATH","1060","Finite Mathematics","Spring 2022",2022-01-18,2021-11-28,53
"3680","MATH","1110","College Algebra","Spring 2022",2022-01-18,2021-11-28,17
"3681","MATH","1401","Calculus I","Spring 2022",2022-01-18,2021-11-28,110
"3682","MATH","2411","Calculus II","Spring 2022",2022-01-18,2021-11-28,92
"3683","MATH","2830","Introductory Statistics","Spring 2022",2022-01-18,2021-11-28,66
"3684","MATH","1010","Math for Liberal Arts","Spring 2022",2022-01-18,2021-11-29,54
"3685","MATH","1060","Finite Mathematics","Spring 2022",2022-01-18,2021-11-29,54
"3686","MATH","1110","College Algebra","Spring 2022",2022-01-18,2021-11-29,17
"3687","MATH","1401","Calculus I","Spring 2022",2022-01-18,2021-11-29,110
"3688","MATH","2411","Calculus II","Spring 2022",2022-01-18,2021-11-29,91
"3689","MATH","2830","Introductory Statistics","Spring 2022",2022-01-18,2021-11-29,67
"3690","MATH","1010","Math for Liberal Arts","Spring 2022",2022-01-18,2021-11-30,55
"3691","MATH","1060","Finite Mathematics","Spring 2022",2022-01-18,2021-11-30,56
"3692","MATH","1110","College Algebra","Spring 2022",2022-01-18,2021-11-30,17
"3693","MATH","1401","Calculus I","Spring 2022",2022-01-18,2021-11-30,114
"3694","MATH","2411","Calculus II","Spring 2022",2022-01-18,2021-11-30,94
"3695","MATH","2830","Introductory Statistics","Spring 2022",2022-01-18,2021-11-30,73
"3696","MATH","1010","Math for Liberal Arts","Spring 2022",2022-01-18,2021-12-01,55
"3697","MATH","1060","Finite Mathematics","Spring 2022",2022-01-18,2021-12-01,56
"3698","MATH","1110","College Algebra","Spring 2022",2022-01-18,2021-12-01,18
"3699","MATH","1401","Calculus I","Spring 2022",2022-01-18,2021-12-01,117
"3700","MATH","2411","Calculus II","Spring 2022",2022-01-18,2021-12-01,94
"3701","MATH","2830","Introductory Statistics","Spring 2022",2022-01-18,2021-12-01,74
"3702","MATH","1010","Math for Liberal Arts","Spring 2022",2022-01-18,2021-12-02,59
"3703","MATH","1060","Finite Mathematics","Spring 2022",2022-01-18,2021-12-02,57
"3704","MATH","1110","College Algebra","Spring 2022",2022-01-18,2021-12-02,18
"3705","MATH","1401","Calculus I","Spring 2022",2022-01-18,2021-12-02,119
"3706","MATH","2411","Calculus II","Spring 2022",2022-01-18,2021-12-02,96
"3707","MATH","2830","Introductory Statistics","Spring 2022",2022-01-18,2021-12-02,73
"3708","MATH","1010","Math for Liberal Arts","Spring 2022",2022-01-18,2021-12-03,65
"3709","MATH","1060","Finite Mathematics","Spring 2022",2022-01-18,2021-12-03,55
"3710","MATH","1110","College Algebra","Spring 2022",2022-01-18,2021-12-03,18
"3711","MATH","1401","Calculus I","Spring 2022",2022-01-18,2021-12-03,121
"3712","MATH","2411","Calculus II","Spring 2022",2022-01-18,2021-12-03,98
"3713","MATH","2830","Introductory Statistics","Spring 2022",2022-01-18,2021-12-03,74
"3714","MATH","1010","Math for Liberal Arts","Spring 2022",2022-01-18,2021-12-04,67
"3715","MATH","1060","Finite Mathematics","Spring 2022",2022-01-18,2021-12-04,56
"3716","MATH","1110","College Algebra","Spring 2022",2022-01-18,2021-12-04,18
"3717","MATH","1401","Calculus I","Spring 2022",2022-01-18,2021-12-04,123
"3718","MATH","2411","Calculus II","Spring 2022",2022-01-18,2021-12-04,98
"3719","MATH","2830","Introductory Statistics","Spring 2022",2022-01-18,2021-12-04,75
"3720","MATH","1010","Math for Liberal Arts","Spring 2022",2022-01-18,2021-12-05,67
"3721","MATH","1060","Finite Mathematics","Spring 2022",2022-01-18,2021-12-05,57
"3722","MATH","1110","College Algebra","Spring 2022",2022-01-18,2021-12-05,18
"3723","MATH","1401","Calculus I","Spring 2022",2022-01-18,2021-12-05,122
"3724","MATH","2411","Calculus II","Spring 2022",2022-01-18,2021-12-05,98
"3725","MATH","2830","Introductory Statistics","Spring 2022",2022-01-18,2021-12-05,77
"3726","MATH","1010","Math for Liberal Arts","Spring 2022",2022-01-18,2021-12-06,67
"3727","MATH","1060","Finite Mathematics","Spring 2022",2022-01-18,2021-12-06,58
"3728","MATH","1110","College Algebra","Spring 2022",2022-01-18,2021-12-06,19
"3729","MATH","1401","Calculus I","Spring 2022",2022-01-18,2021-12-06,122
"3730","MATH","2411","Calculus II","Spring 2022",2022-01-18,2021-12-06,98
"3731","MATH","2830","Introductory Statistics","Spring 2022",2022-01-18,2021-12-06,76
"3732","MATH","1010","Math for Liberal Arts","Spring 2022",2022-01-18,2021-12-07,67
"3733","MATH","1060","Finite Mathematics","Spring 2022",2022-01-18,2021-12-07,61
"3734","MATH","1110","College Algebra","Spring 2022",2022-01-18,2021-12-07,18
"3735","MATH","1401","Calculus I","Spring 2022",2022-01-18,2021-12-07,123
"3736","MATH","2411","Calculus II","Spring 2022",2022-01-18,2021-12-07,99
"3737","MATH","2830","Introductory Statistics","Spring 2022",2022-01-18,2021-12-07,76
"3738","MATH","1010","Math for Liberal Arts","Spring 2022",2022-01-18,2021-12-08,68
"3739","MATH","1060","Finite Mathematics","Spring 2022",2022-01-18,2021-12-08,62
"3740","MATH","1110","College Algebra","Spring 2022",2022-01-18,2021-12-08,18
"3741","MATH","1401","Calculus I","Spring 2022",2022-01-18,2021-12-08,125
"3742","MATH","2411","Calculus II","Spring 2022",2022-01-18,2021-12-08,101
"3743","MATH","2830","Introductory Statistics","Spring 2022",2022-01-18,2021-12-08,77
"3744","MATH","1010","Math for Liberal Arts","Spring 2022",2022-01-18,2021-12-09,71
"3745","MATH","1060","Finite Mathematics","Spring 2022",2022-01-18,2021-12-09,64
"3746","MATH","1110","College Algebra","Spring 2022",2022-01-18,2021-12-09,19
"3747","MATH","1401","Calculus I","Spring 2022",2022-01-18,2021-12-09,126
"3748","MATH","2411","Calculus II","Spring 2022",2022-01-18,2021-12-09,100
"3749","MATH","2830","Introductory Statistics","Spring 2022",2022-01-18,2021-12-09,78
"3750","MATH","1010","Math for Liberal Arts","Spring 2022",2022-01-18,2021-12-10,73
"3751","MATH","1060","Finite Mathematics","Spring 2022",2022-01-18,2021-12-10,69
"3752","MATH","1110","College Algebra","Spring 2022",2022-01-18,2021-12-10,19
"3753","MATH","1401","Calculus I","Spring 2022",2022-01-18,2021-12-10,130
"3754","MATH","2411","Calculus II","Spring 2022",2022-01-18,2021-12-10,100
"3755","MATH","2830","Introductory Statistics","Spring 2022",2022-01-18,2021-12-10,78
"3756","MATH","1010","Math for Liberal Arts","Spring 2022",2022-01-18,2021-12-11,73
"3757","MATH","1060","Finite Mathematics","Spring 2022",2022-01-18,2021-12-11,69
"3758","MATH","1110","College Algebra","Spring 2022",2022-01-18,2021-12-11,20
"3759","MATH","1401","Calculus I","Spring 2022",2022-01-18,2021-12-11,130
"3760","MATH","2411","Calculus II","Spring 2022",2022-01-18,2021-12-11,100
"3761","MATH","2830","Introductory Statistics","Spring 2022",2022-01-18,2021-12-11,80
"3762","MATH","1010","Math for Liberal Arts","Spring 2022",2022-01-18,2021-12-12,73
"3763","MATH","1060","Finite Mathematics","Spring 2022",2022-01-18,2021-12-12,69
"3764","MATH","1110","College Algebra","Spring 2022",2022-01-18,2021-12-12,20
"3765","MATH","1401","Calculus I","Spring 2022",2022-01-18,2021-12-12,130
"3766","MATH","2411","Calculus II","Spring 2022",2022-01-18,2021-12-12,101
"3767","MATH","2830","Introductory Statistics","Spring 2022",2022-01-18,2021-12-12,80
"3768","MATH","1010","Math for Liberal Arts","Spring 2022",2022-01-18,2021-12-13,73
"3769","MATH","1060","Finite Mathematics","Spring 2022",2022-01-18,2021-12-13,69
"3770","MATH","1110","College Algebra","Spring 2022",2022-01-18,2021-12-13,20
"3771","MATH","1401","Calculus I","Spring 2022",2022-01-18,2021-12-13,130
"3772","MATH","2411","Calculus II","Spring 2022",2022-01-18,2021-12-13,101
"3773","MATH","2830","Introductory Statistics","Spring 2022",2022-01-18,2021-12-13,80
"3774","MATH","1010","Math for Liberal Arts","Spring 2022",2022-01-18,2021-12-14,74
"3775","MATH","1060","Finite Mathematics","Spring 2022",2022-01-18,2021-12-14,71
"3776","MATH","1110","College Algebra","Spring 2022",2022-01-18,2021-12-14,20
"3777","MATH","1401","Calculus I","Spring 2022",2022-01-18,2021-12-14,129
"3778","MATH","2411","Calculus II","Spring 2022",2022-01-18,2021-12-14,102
"3779","MATH","2830","Introductory Statistics","Spring 2022",2022-01-18,2021-12-14,81
"3780","MATH","1010","Math for Liberal Arts","Spring 2022",2022-01-18,2021-12-15,75
"3781","MATH","1060","Finite Mathematics","Spring 2022",2022-01-18,2021-12-15,71
"3782","MATH","1110","College Algebra","Spring 2022",2022-01-18,2021-12-15,21
"3783","MATH","1401","Calculus I","Spring 2022",2022-01-18,2021-12-15,129
"3784","MATH","2411","Calculus II","Spring 2022",2022-01-18,2021-12-15,102
"3785","MATH","2830","Introductory Statistics","Spring 2022",2022-01-18,2021-12-15,82
"3786","MATH","1010","Math for Liberal Arts","Spring 2022",2022-01-18,2021-12-16,77
"3787","MATH","1060","Finite Mathematics","Spring 2022",2022-01-18,2021-12-16,73
"3788","MATH","1110","College Algebra","Spring 2022",2022-01-18,2021-12-16,23
"3789","MATH","1401","Calculus I","Spring 2022",2022-01-18,2021-12-16,131
"3790","MATH","2411","Calculus II","Spring 2022",2022-01-18,2021-12-16,103
"3791","MATH","2830","Introductory Statistics","Spring 2022",2022-01-18,2021-12-16,81
"3792","MATH","1010","Math for Liberal Arts","Spring 2022",2022-01-18,2021-12-17,78
"3793","MATH","1060","Finite Mathematics","Spring 2022",2022-01-18,2021-12-17,73
"3794","MATH","1110","College Algebra","Spring 2022",2022-01-18,2021-12-17,23
"3795","MATH","1401","Calculus I","Spring 2022",2022-01-18,2021-12-17,132
"3796","MATH","2411","Calculus II","Spring 2022",2022-01-18,2021-12-17,106
"3797","MATH","2830","Introductory Statistics","Spring 2022",2022-01-18,2021-12-17,83
"3798","MATH","1010","Math for Liberal Arts","Spring 2022",2022-01-18,2021-12-18,80
"3799","MATH","1060","Finite Mathematics","Spring 2022",2022-01-18,2021-12-18,73
"3800","MATH","1110","College Algebra","Spring 2022",2022-01-18,2021-12-18,23
"3801","MATH","1401","Calculus I","Spring 2022",2022-01-18,2021-12-18,133
"3802","MATH","2411","Calculus II","Spring 2022",2022-01-18,2021-12-18,105
"3803","MATH","2830","Introductory Statistics","Spring 2022",2022-01-18,2021-12-18,84
"3804","MATH","1010","Math for Liberal Arts","Spring 2022",2022-01-18,2021-12-19,81
"3805","MATH","1060","Finite Mathematics","Spring 2022",2022-01-18,2021-12-19,73
"3806","MATH","1110","College Algebra","Spring 2022",2022-01-18,2021-12-19,23
"3807","MATH","1401","Calculus I","Spring 2022",2022-01-18,2021-12-19,133
"3808","MATH","2411","Calculus II","Spring 2022",2022-01-18,2021-12-19,105
"3809","MATH","2830","Introductory Statistics","Spring 2022",2022-01-18,2021-12-19,84
"3810","MATH","1010","Math for Liberal Arts","Spring 2022",2022-01-18,2021-12-20,84
"3811","MATH","1060","Finite Mathematics","Spring 2022",2022-01-18,2021-12-20,74
"3812","MATH","1110","College Algebra","Spring 2022",2022-01-18,2021-12-20,23
"3813","MATH","1401","Calculus I","Spring 2022",2022-01-18,2021-12-20,134
"3814","MATH","2411","Calculus II","Spring 2022",2022-01-18,2021-12-20,105
"3815","MATH","2830","Introductory Statistics","Spring 2022",2022-01-18,2021-12-20,86
"3816","MATH","1010","Math for Liberal Arts","Spring 2022",2022-01-18,2021-12-21,84
"3817","MATH","1060","Finite Mathematics","Spring 2022",2022-01-18,2021-12-21,74
"3818","MATH","1110","College Algebra","Spring 2022",2022-01-18,2021-12-21,23
"3819","MATH","1401","Calculus I","Spring 2022",2022-01-18,2021-12-21,134
"3820","MATH","2411","Calculus II","Spring 2022",2022-01-18,2021-12-21,104
"3821","MATH","2830","Introductory Statistics","Spring 2022",2022-01-18,2021-12-21,87
"3822","MATH","1010","Math for Liberal Arts","Spring 2022",2022-01-18,2021-12-22,84
"3823","MATH","1060","Finite Mathematics","Spring 2022",2022-01-18,2021-12-22,75
"3824","MATH","1110","College Algebra","Spring 2022",2022-01-18,2021-12-22,23
"3825","MATH","1401","Calculus I","Spring 2022",2022-01-18,2021-12-22,134
"3826","MATH","2411","Calculus II","Spring 2022",2022-01-18,2021-12-22,106
"3827","MATH","2830","Introductory Statistics","Spring 2022",2022-01-18,2021-12-22,88
"3828","MATH","1010","Math for Liberal Arts","Spring 2022",2022-01-18,2021-12-23,85
"3829","MATH","1060","Finite Mathematics","Spring 2022",2022-01-18,2021-12-23,77
"3830","MATH","1110","College Algebra","Spring 2022",2022-01-18,2021-12-23,23
"3831","MATH","1401","Calculus I","Spring 2022",2022-01-18,2021-12-23,135
"3832","MATH","2411","Calculus II","Spring 2022",2022-01-18,2021-12-23,107
"3833","MATH","2830","Introductory Statistics","Spring 2022",2022-01-18,2021-12-23,90
"3834","MATH","1010","Math for Liberal Arts","Spring 2022",2022-01-18,2021-12-24,87
"3835","MATH","1060","Finite Mathematics","Spring 2022",2022-01-18,2021-12-24,78
"3836","MATH","1110","College Algebra","Spring 2022",2022-01-18,2021-12-24,23
"3837","MATH","1401","Calculus I","Spring 2022",2022-01-18,2021-12-24,136
"3838","MATH","2411","Calculus II","Spring 2022",2022-01-18,2021-12-24,107
"3839","MATH","2830","Introductory Statistics","Spring 2022",2022-01-18,2021-12-24,90
"3840","MATH","1010","Math for Liberal Arts","Spring 2022",2022-01-18,2021-12-25,88
"3841","MATH","1060","Finite Mathematics","Spring 2022",2022-01-18,2021-12-25,78
"3842","MATH","1110","College Algebra","Spring 2022",2022-01-18,2021-12-25,23
"3843","MATH","1401","Calculus I","Spring 2022",2022-01-18,2021-12-25,136
"3844","MATH","2411","Calculus II","Spring 2022",2022-01-18,2021-12-25,108
"3845","MATH","2830","Introductory Statistics","Spring 2022",2022-01-18,2021-12-25,91
"3846","MATH","1010","Math for Liberal Arts","Spring 2022",2022-01-18,2021-12-26,89
"3847","MATH","1060","Finite Mathematics","Spring 2022",2022-01-18,2021-12-26,78
"3848","MATH","1110","College Algebra","Spring 2022",2022-01-18,2021-12-26,23
"3849","MATH","1401","Calculus I","Spring 2022",2022-01-18,2021-12-26,136
"3850","MATH","2411","Calculus II","Spring 2022",2022-01-18,2021-12-26,108
"3851","MATH","2830","Introductory Statistics","Spring 2022",2022-01-18,2021-12-26,91
"3852","MATH","1010","Math for Liberal Arts","Spring 2022",2022-01-18,2021-12-27,89
"3853","MATH","1060","Finite Mathematics","Spring 2022",2022-01-18,2021-12-27,79
"3854","MATH","1110","College Algebra","Spring 2022",2022-01-18,2021-12-27,24
"3855","MATH","1401","Calculus I","Spring 2022",2022-01-18,2021-12-27,136
"3856","MATH","2411","Calculus II","Spring 2022",2022-01-18,2021-12-27,108
"3857","MATH","2830","Introductory Statistics","Spring 2022",2022-01-18,2021-12-27,91
"3858","MATH","1010","Math for Liberal Arts","Spring 2022",2022-01-18,2021-12-28,89
"3859","MATH","1060","Finite Mathematics","Spring 2022",2022-01-18,2021-12-28,80
"3860","MATH","1110","College Algebra","Spring 2022",2022-01-18,2021-12-28,24
"3861","MATH","1401","Calculus I","Spring 2022",2022-01-18,2021-12-28,136
"3862","MATH","2411","Calculus II","Spring 2022",2022-01-18,2021-12-28,110
"3863","MATH","2830","Introductory Statistics","Spring 2022",2022-01-18,2021-12-28,91
"3864","MATH","1010","Math for Liberal Arts","Spring 2022",2022-01-18,2021-12-29,89
"3865","MATH","1060","Finite Mathematics","Spring 2022",2022-01-18,2021-12-29,80
"3866","MATH","1110","College Algebra","Spring 2022",2022-01-18,2021-12-29,24
"3867","MATH","1401","Calculus I","Spring 2022",2022-01-18,2021-12-29,138
"3868","MATH","2411","Calculus II","Spring 2022",2022-01-18,2021-12-29,110
"3869","MATH","2830","Introductory Statistics","Spring 2022",2022-01-18,2021-12-29,92
"3870","MATH","1010","Math for Liberal Arts","Spring 2022",2022-01-18,2021-12-30,89
"3871","MATH","1060","Finite Mathematics","Spring 2022",2022-01-18,2021-12-30,80
"3872","MATH","1110","College Algebra","Spring 2022",2022-01-18,2021-12-30,24
"3873","MATH","1401","Calculus I","Spring 2022",2022-01-18,2021-12-30,138
"3874","MATH","2411","Calculus II","Spring 2022",2022-01-18,2021-12-30,110
"3875","MATH","2830","Introductory Statistics","Spring 2022",2022-01-18,2021-12-30,93
"3876","MATH","1010","Math for Liberal Arts","Spring 2022",2022-01-18,2021-12-31,89
"3877","MATH","1060","Finite Mathematics","Spring 2022",2022-01-18,2021-12-31,80
"3878","MATH","1110","College Algebra","Spring 2022",2022-01-18,2021-12-31,24
"3879","MATH","1401","Calculus I","Spring 2022",2022-01-18,2021-12-31,138
"3880","MATH","2411","Calculus II","Spring 2022",2022-01-18,2021-12-31,111
"3881","MATH","2830","Introductory Statistics","Spring 2022",2022-01-18,2021-12-31,93
"3882","MATH","1010","Math for Liberal Arts","Spring 2022",2022-01-18,2022-01-01,89
"3883","MATH","1060","Finite Mathematics","Spring 2022",2022-01-18,2022-01-01,80
"3884","MATH","1110","College Algebra","Spring 2022",2022-01-18,2022-01-01,24
"3885","MATH","1401","Calculus I","Spring 2022",2022-01-18,2022-01-01,138
"3886","MATH","2411","Calculus II","Spring 2022",2022-01-18,2022-01-01,111
"3887","MATH","2830","Introductory Statistics","Spring 2022",2022-01-18,2022-01-01,94
"3888","MATH","1010","Math for Liberal Arts","Spring 2022",2022-01-18,2022-01-02,89
"3889","MATH","1060","Finite Mathematics","Spring 2022",2022-01-18,2022-01-02,79
"3890","MATH","1110","College Algebra","Spring 2022",2022-01-18,2022-01-02,24
"3891","MATH","1401","Calculus I","Spring 2022",2022-01-18,2022-01-02,137
"3892","MATH","2411","Calculus II","Spring 2022",2022-01-18,2022-01-02,111
"3893","MATH","2830","Introductory Statistics","Spring 2022",2022-01-18,2022-01-02,95
"3894","MATH","1010","Math for Liberal Arts","Spring 2022",2022-01-18,2022-01-03,90
"3895","MATH","1060","Finite Mathematics","Spring 2022",2022-01-18,2022-01-03,79
"3896","MATH","1110","College Algebra","Spring 2022",2022-01-18,2022-01-03,25
"3897","MATH","1401","Calculus I","Spring 2022",2022-01-18,2022-01-03,137
"3898","MATH","2411","Calculus II","Spring 2022",2022-01-18,2022-01-03,111
"3899","MATH","2830","Introductory Statistics","Spring 2022",2022-01-18,2022-01-03,95
"3900","MATH","1010","Math for Liberal Arts","Spring 2022",2022-01-18,2022-01-04,89
"3901","MATH","1060","Finite Mathematics","Spring 2022",2022-01-18,2022-01-04,82
"3902","MATH","1110","College Algebra","Spring 2022",2022-01-18,2022-01-04,26
"3903","MATH","1401","Calculus I","Spring 2022",2022-01-18,2022-01-04,138
"3904","MATH","2411","Calculus II","Spring 2022",2022-01-18,2022-01-04,111
"3905","MATH","2830","Introductory Statistics","Spring 2022",2022-01-18,2022-01-04,95
"3906","MATH","1010","Math for Liberal Arts","Spring 2022",2022-01-18,2022-01-05,90
"3907","MATH","1060","Finite Mathematics","Spring 2022",2022-01-18,2022-01-05,88
"3908","MATH","1110","College Algebra","Spring 2022",2022-01-18,2022-01-05,26
"3909","MATH","1401","Calculus I","Spring 2022",2022-01-18,2022-01-05,140
"3910","MATH","2411","Calculus II","Spring 2022",2022-01-18,2022-01-05,111
"3911","MATH","2830","Introductory Statistics","Spring 2022",2022-01-18,2022-01-05,96
"3912","MATH","1010","Math for Liberal Arts","Spring 2022",2022-01-18,2022-01-06,91
"3913","MATH","1060","Finite Mathematics","Spring 2022",2022-01-18,2022-01-06,91
"3914","MATH","1110","College Algebra","Spring 2022",2022-01-18,2022-01-06,28
"3915","MATH","1401","Calculus I","Spring 2022",2022-01-18,2022-01-06,140
"3916","MATH","2411","Calculus II","Spring 2022",2022-01-18,2022-01-06,111
"3917","MATH","2830","Introductory Statistics","Spring 2022",2022-01-18,2022-01-06,97
"3918","MATH","1010","Math for Liberal Arts","Spring 2022",2022-01-18,2022-01-07,91
"3919","MATH","1060","Finite Mathematics","Spring 2022",2022-01-18,2022-01-07,95
"3920","MATH","1110","College Algebra","Spring 2022",2022-01-18,2022-01-07,29
"3921","MATH","1401","Calculus I","Spring 2022",2022-01-18,2022-01-07,139
"3922","MATH","2411","Calculus II","Spring 2022",2022-01-18,2022-01-07,113
"3923","MATH","2830","Introductory Statistics","Spring 2022",2022-01-18,2022-01-07,98
"3924","MATH","1010","Math for Liberal Arts","Spring 2022",2022-01-18,2022-01-08,93
"3925","MATH","1060","Finite Mathematics","Spring 2022",2022-01-18,2022-01-08,100
"3926","MATH","1110","College Algebra","Spring 2022",2022-01-18,2022-01-08,30
"3927","MATH","1401","Calculus I","Spring 2022",2022-01-18,2022-01-08,141
"3928","MATH","2411","Calculus II","Spring 2022",2022-01-18,2022-01-08,116
"3929","MATH","2830","Introductory Statistics","Spring 2022",2022-01-18,2022-01-08,99
"3930","MATH","1010","Math for Liberal Arts","Spring 2022",2022-01-18,2022-01-09,94
"3931","MATH","1060","Finite Mathematics","Spring 2022",2022-01-18,2022-01-09,104
"3932","MATH","1110","College Algebra","Spring 2022",2022-01-18,2022-01-09,30
"3933","MATH","1401","Calculus I","Spring 2022",2022-01-18,2022-01-09,141
"3934","MATH","2411","Calculus II","Spring 2022",2022-01-18,2022-01-09,116
"3935","MATH","2830","Introductory Statistics","Spring 2022",2022-01-18,2022-01-09,98
"3936","MATH","1010","Math for Liberal Arts","Spring 2022",2022-01-18,2022-01-10,96
"3937","MATH","1060","Finite Mathematics","Spring 2022",2022-01-18,2022-01-10,104
"3938","MATH","1110","College Algebra","Spring 2022",2022-01-18,2022-01-10,30
"3939","MATH","1401","Calculus I","Spring 2022",2022-01-18,2022-01-10,142
"3940","MATH","2411","Calculus II","Spring 2022",2022-01-18,2022-01-10,117
"3941","MATH","2830","Introductory Statistics","Spring 2022",2022-01-18,2022-01-10,98
"3942","MATH","1010","Math for Liberal Arts","Spring 2022",2022-01-18,2022-01-11,96
"3943","MATH","1060","Finite Mathematics","Spring 2022",2022-01-18,2022-01-11,109
"3944","MATH","1110","College Algebra","Spring 2022",2022-01-18,2022-01-11,31
"3945","MATH","1401","Calculus I","Spring 2022",2022-01-18,2022-01-11,147
"3946","MATH","2411","Calculus II","Spring 2022",2022-01-18,2022-01-11,122
"3947","MATH","2830","Introductory Statistics","Spring 2022",2022-01-18,2022-01-11,99
"3948","MATH","1010","Math for Liberal Arts","Spring 2022",2022-01-18,2022-01-12,100
"3949","MATH","1060","Finite Mathematics","Spring 2022",2022-01-18,2022-01-12,110
"3950","MATH","1110","College Algebra","Spring 2022",2022-01-18,2022-01-12,32
"3951","MATH","1401","Calculus I","Spring 2022",2022-01-18,2022-01-12,150
"3952","MATH","2411","Calculus II","Spring 2022",2022-01-18,2022-01-12,122
"3953","MATH","2830","Introductory Statistics","Spring 2022",2022-01-18,2022-01-12,102
"3954","MATH","1010","Math for Liberal Arts","Spring 2022",2022-01-18,2022-01-13,100
"3955","MATH","1060","Finite Mathematics","Spring 2022",2022-01-18,2022-01-13,115
"3956","MATH","1110","College Algebra","Spring 2022",2022-01-18,2022-01-13,34
"3957","MATH","1401","Calculus I","Spring 2022",2022-01-18,2022-01-13,150
"3958","MATH","2411","Calculus II","Spring 2022",2022-01-18,2022-01-13,122
"3959","MATH","2830","Introductory Statistics","Spring 2022",2022-01-18,2022-01-13,101
"3960","MATH","1010","Math for Liberal Arts","Spring 2022",2022-01-18,2022-01-14,103
"3961","MATH","1060","Finite Mathematics","Spring 2022",2022-01-18,2022-01-14,123
"3962","MATH","1110","College Algebra","Spring 2022",2022-01-18,2022-01-14,37
"3963","MATH","1401","Calculus I","Spring 2022",2022-01-18,2022-01-14,153
"3964","MATH","2411","Calculus II","Spring 2022",2022-01-18,2022-01-14,123
"3965","MATH","2830","Introductory Statistics","Spring 2022",2022-01-18,2022-01-14,108
"3966","MATH","1010","Math for Liberal Arts","Spring 2022",2022-01-18,2022-01-15,104
"3967","MATH","1060","Finite Mathematics","Spring 2022",2022-01-18,2022-01-15,125
"3968","MATH","1110","College Algebra","Spring 2022",2022-01-18,2022-01-15,36
"3969","MATH","1401","Calculus I","Spring 2022",2022-01-18,2022-01-15,157
"3970","MATH","2411","Calculus II","Spring 2022",2022-01-18,2022-01-15,125
"3971","MATH","2830","Introductory Statistics","Spring 2022",2022-01-18,2022-01-15,107
"3972","MATH","1010","Math for Liberal Arts","Spring 2022",2022-01-18,2022-01-16,106
"3973","MATH","1060","Finite Mathematics","Spring 2022",2022-01-18,2022-01-16,127
"3974","MATH","1110","College Algebra","Spring 2022",2022-01-18,2022-01-16,37
"3975","MATH","1401","Calculus I","Spring 2022",2022-01-18,2022-01-16,158
"3976","MATH","2411","Calculus II","Spring 2022",2022-01-18,2022-01-16,125
"3977","MATH","2830","Introductory Statistics","Spring 2022",2022-01-18,2022-01-16,109
"3978","MATH","1010","Math for Liberal Arts","Spring 2022",2022-01-18,2022-01-17,106
"3979","MATH","1060","Finite Mathematics","Spring 2022",2022-01-18,2022-01-17,128
"3980","MATH","1110","College Algebra","Spring 2022",2022-01-18,2022-01-17,38
"3981","MATH","1401","Calculus I","Spring 2022",2022-01-18,2022-01-17,159
"3982","MATH","2411","Calculus II","Spring 2022",2022-01-18,2022-01-17,125
"3983","MATH","2830","Introductory Statistics","Spring 2022",2022-01-18,2022-01-17,108
"3984","MATH","1010","Math for Liberal Arts","Spring 2022",2022-01-18,2022-01-18,111
"3985","MATH","1060","Finite Mathematics","Spring 2022",2022-01-18,2022-01-18,128
"3986","MATH","1110","College Algebra","Spring 2022",2022-01-18,2022-01-18,42
"3987","MATH","1401","Calculus I","Spring 2022",2022-01-18,2022-01-18,171
"3988","MATH","2411","Calculus II","Spring 2022",2022-01-18,2022-01-18,128
"3989","MATH","2830","Introductory Statistics","Spring 2022",2022-01-18,2022-01-18,113
"3990","MATH","1010","Math for Liberal Arts","Spring 2022",2022-01-18,2022-01-19,111
"3991","MATH","1060","Finite Mathematics","Spring 2022",2022-01-18,2022-01-19,133
"3992","MATH","1110","College Algebra","Spring 2022",2022-01-18,2022-01-19,42
"3993","MATH","1401","Calculus I","Spring 2022",2022-01-18,2022-01-19,172
"3994","MATH","2411","Calculus II","Spring 2022",2022-01-18,2022-01-19,128
"3995","MATH","2830","Introductory Statistics","Spring 2022",2022-01-18,2022-01-19,114
"3996","MATH","1010","Math for Liberal Arts","Spring 2022",2022-01-18,2022-01-20,111
"3997","MATH","1060","Finite Mathematics","Spring 2022",2022-01-18,2022-01-20,135
"3998","MATH","1110","College Algebra","Spring 2022",2022-01-18,2022-01-20,43
"3999","MATH","1401","Calculus I","Spring 2022",2022-01-18,2022-01-20,173
"4000","MATH","2411","Calculus II","Spring 2022",2022-01-18,2022-01-20,130
"4001","MATH","2830","Introductory Statistics","Spring 2022",2022-01-18,2022-01-20,114
"4002","MATH","1010","Math for Liberal Arts","Spring 2022",2022-01-18,2022-01-21,111
"4003","MATH","1060","Finite Mathematics","Spring 2022",2022-01-18,2022-01-21,133
"4004","MATH","1110","College Algebra","Spring 2022",2022-01-18,2022-01-21,43
"4005","MATH","1401","Calculus I","Spring 2022",2022-01-18,2022-01-21,174
"4006","MATH","2411","Calculus II","Spring 2022",2022-01-18,2022-01-21,128
"4007","MATH","2830","Introductory Statistics","Spring 2022",2022-01-18,2022-01-21,113
"4008","MATH","1010","Math for Liberal Arts","Spring 2022",2022-01-18,2022-01-22,111
"4009","MATH","1060","Finite Mathematics","Spring 2022",2022-01-18,2022-01-22,133
"4010","MATH","1110","College Algebra","Spring 2022",2022-01-18,2022-01-22,43
"4011","MATH","1401","Calculus I","Spring 2022",2022-01-18,2022-01-22,173
"4012","MATH","2411","Calculus II","Spring 2022",2022-01-18,2022-01-22,131
"4013","MATH","2830","Introductory Statistics","Spring 2022",2022-01-18,2022-01-22,114
"4014","MATH","1010","Math for Liberal Arts","Spring 2022",2022-01-18,2022-01-23,111
"4015","MATH","1060","Finite Mathematics","Spring 2022",2022-01-18,2022-01-23,132
"4016","MATH","1110","College Algebra","Spring 2022",2022-01-18,2022-01-23,43
"4017","MATH","1401","Calculus I","Spring 2022",2022-01-18,2022-01-23,173
"4018","MATH","2411","Calculus II","Spring 2022",2022-01-18,2022-01-23,130
"4019","MATH","2830","Introductory Statistics","Spring 2022",2022-01-18,2022-01-23,114
"4020","MATH","1010","Math for Liberal Arts","Spring 2022",2022-01-18,2022-01-24,111
"4021","MATH","1060","Finite Mathematics","Spring 2022",2022-01-18,2022-01-24,133
"4022","MATH","1110","College Algebra","Spring 2022",2022-01-18,2022-01-24,43
"4023","MATH","1401","Calculus I","Spring 2022",2022-01-18,2022-01-24,173
"4024","MATH","2411","Calculus II","Spring 2022",2022-01-18,2022-01-24,131
"4025","MATH","2830","Introductory Statistics","Spring 2022",2022-01-18,2022-01-24,114
"4026","MATH","1010","Math for Liberal Arts","Spring 2022",2022-01-18,2022-01-25,110
"4027","MATH","1060","Finite Mathematics","Spring 2022",2022-01-18,2022-01-25,132
"4028","MATH","1110","College Algebra","Spring 2022",2022-01-18,2022-01-25,43
"4029","MATH","1401","Calculus I","Spring 2022",2022-01-18,2022-01-25,172
"4030","MATH","2411","Calculus II","Spring 2022",2022-01-18,2022-01-25,131
"4031","MATH","2830","Introductory Statistics","Spring 2022",2022-01-18,2022-01-25,114
"4032","MATH","1010","Math for Liberal Arts","Spring 2022",2022-01-18,2022-01-26,110
"4033","MATH","1060","Finite Mathematics","Spring 2022",2022-01-18,2022-01-26,132
"4034","MATH","1110","College Algebra","Spring 2022",2022-01-18,2022-01-26,43
"4035","MATH","1401","Calculus I","Spring 2022",2022-01-18,2022-01-26,171
"4036","MATH","2411","Calculus II","Spring 2022",2022-01-18,2022-01-26,131
"4037","MATH","2830","Introductory Statistics","Spring 2022",2022-01-18,2022-01-26,114
"4038","MATH","1010","Math for Liberal Arts","Spring 2022",2022-01-18,2022-01-27,109
"4039","MATH","1060","Finite Mathematics","Spring 2022",2022-01-18,2022-01-27,131
"4040","MATH","1110","College Algebra","Spring 2022",2022-01-18,2022-01-27,43
"4041","MATH","1401","Calculus I","Spring 2022",2022-01-18,2022-01-27,174
"4042","MATH","2411","Calculus II","Spring 2022",2022-01-18,2022-01-27,130
"4043","MATH","2830","Introductory Statistics","Spring 2022",2022-01-18,2022-01-27,114
"4044","MATH","1010","Math for Liberal Arts","Spring 2022",2022-01-18,2022-01-28,109
"4045","MATH","1060","Finite Mathematics","Spring 2022",2022-01-18,2022-01-28,130
"4046","MATH","1110","College Algebra","Spring 2022",2022-01-18,2022-01-28,43
"4047","MATH","1401","Calculus I","Spring 2022",2022-01-18,2022-01-28,173
"4048","MATH","2411","Calculus II","Spring 2022",2022-01-18,2022-01-28,130
"4049","MATH","2830","Introductory Statistics","Spring 2022",2022-01-18,2022-01-28,114
"4050","MATH","1010","Math for Liberal Arts","Spring 2022",2022-01-18,2022-01-29,109
"4051","MATH","1060","Finite Mathematics","Spring 2022",2022-01-18,2022-01-29,130
"4052","MATH","1110","College Algebra","Spring 2022",2022-01-18,2022-01-29,43
"4053","MATH","1401","Calculus I","Spring 2022",2022-01-18,2022-01-29,173
"4054","MATH","2411","Calculus II","Spring 2022",2022-01-18,2022-01-29,129
"4055","MATH","2830","Introductory Statistics","Spring 2022",2022-01-18,2022-01-29,116
"4056","MATH","1010","Math for Liberal Arts","Spring 2022",2022-01-18,2022-01-30,109
"4057","MATH","1060","Finite Mathematics","Spring 2022",2022-01-18,2022-01-30,130
"4058","MATH","1110","College Algebra","Spring 2022",2022-01-18,2022-01-30,43
"4059","MATH","1401","Calculus I","Spring 2022",2022-01-18,2022-01-30,173
"4060","MATH","2411","Calculus II","Spring 2022",2022-01-18,2022-01-30,129
"4061","MATH","2830","Introductory Statistics","Spring 2022",2022-01-18,2022-01-30,116
"4062","MATH","1010","Math for Liberal Arts","Spring 2022",2022-01-18,2022-01-31,109
"4063","MATH","1060","Finite Mathematics","Spring 2022",2022-01-18,2022-01-31,128
"4064","MATH","1110","College Algebra","Spring 2022",2022-01-18,2022-01-31,43
"4065","MATH","1401","Calculus I","Spring 2022",2022-01-18,2022-01-31,173
"4066","MATH","2411","Calculus II","Spring 2022",2022-01-18,2022-01-31,129
"4067","MATH","2830","Introductory Statistics","Spring 2022",2022-01-18,2022-01-31,116
"4068","MATH","1010","Math for Liberal Arts","Spring 2022",2022-01-18,2022-02-01,109
"4069","MATH","1060","Finite Mathematics","Spring 2022",2022-01-18,2022-02-01,126
"4070","MATH","1110","College Algebra","Spring 2022",2022-01-18,2022-02-01,43
"4071","MATH","1401","Calculus I","Spring 2022",2022-01-18,2022-02-01,171
"4072","MATH","2411","Calculus II","Spring 2022",2022-01-18,2022-02-01,129
"4073","MATH","2830","Introductory Statistics","Spring 2022",2022-01-18,2022-02-01,116
"4074","MATH","1010","Math for Liberal Arts","Spring 2022",2022-01-18,2022-02-02,107
"4075","MATH","1060","Finite Mathematics","Spring 2022",2022-01-18,2022-02-02,125
"4076","MATH","1110","College Algebra","Spring 2022",2022-01-18,2022-02-02,44
"4077","MATH","1401","Calculus I","Spring 2022",2022-01-18,2022-02-02,174
"4078","MATH","2411","Calculus II","Spring 2022",2022-01-18,2022-02-02,128
"4079","MATH","2830","Introductory Statistics","Spring 2022",2022-01-18,2022-02-02,114
"4080","MATH","1010","Math for Liberal Arts","Spring 2022",2022-01-18,2022-02-03,105
"4081","MATH","1060","Finite Mathematics","Spring 2022",2022-01-18,2022-02-03,122
"4082","MATH","1110","College Algebra","Spring 2022",2022-01-18,2022-02-03,44
"4083","MATH","1401","Calculus I","Spring 2022",2022-01-18,2022-02-03,175
"4084","MATH","2411","Calculus II","Spring 2022",2022-01-18,2022-02-03,128
"4085","MATH","2830","Introductory Statistics","Spring 2022",2022-01-18,2022-02-03,114
"4086","MATH","1010","Math for Liberal Arts","Spring 2022",2022-01-18,2022-02-04,105
"4087","MATH","1060","Finite Mathematics","Spring 2022",2022-01-18,2022-02-04,122
"4088","MATH","1110","College Algebra","Spring 2022",2022-01-18,2022-02-04,44
"4089","MATH","1401","Calculus I","Spring 2022",2022-01-18,2022-02-04,177
"4090","MATH","2411","Calculus II","Spring 2022",2022-01-18,2022-02-04,128
"4091","MATH","2830","Introductory Statistics","Spring 2022",2022-01-18,2022-02-04,115
"4092","MATH","1010","Math for Liberal Arts","Spring 2022",2022-01-18,2022-02-05,105
"4093","MATH","1060","Finite Mathematics","Spring 2022",2022-01-18,2022-02-05,122
"4094","MATH","1110","College Algebra","Spring 2022",2022-01-18,2022-02-05,44
"4095","MATH","1401","Calculus I","Spring 2022",2022-01-18,2022-02-05,177
"4096","MATH","2411","Calculus II","Spring 2022",2022-01-18,2022-02-05,128
"4097","MATH","2830","Introductory Statistics","Spring 2022",2022-01-18,2022-02-05,115
"4098","MATH","1010","Math for Liberal Arts","Spring 2022",2022-01-18,2022-02-06,105
"4099","MATH","1060","Finite Mathematics","Spring 2022",2022-01-18,2022-02-06,122
"4100","MATH","1110","College Algebra","Spring 2022",2022-01-18,2022-02-06,44
"4101","MATH","1401","Calculus I","Spring 2022",2022-01-18,2022-02-06,177
"4102","MATH","2411","Calculus II","Spring 2022",2022-01-18,2022-02-06,128
"4103","MATH","2830","Introductory Statistics","Spring 2022",2022-01-18,2022-02-06,115
"4104","MATH","1010","Math for Liberal Arts","Spring 2022",2022-01-18,2022-02-07,105
"4105","MATH","1060","Finite Mathematics","Spring 2022",2022-01-18,2022-02-07,122
"4106","MATH","1110","College Algebra","Spring 2022",2022-01-18,2022-02-07,44
"4107","MATH","1401","Calculus I","Spring 2022",2022-01-18,2022-02-07,177
"4108","MATH","2411","Calculus II","Spring 2022",2022-01-18,2022-02-07,128
"4109","MATH","2830","Introductory Statistics","Spring 2022",2022-01-18,2022-02-07,115
"4110","MATH","1010","Math for Liberal Arts","Spring 2022",2022-01-18,2022-02-08,105
"4111","MATH","1060","Finite Mathematics","Spring 2022",2022-01-18,2022-02-08,122
"4112","MATH","1110","College Algebra","Spring 2022",2022-01-18,2022-02-08,44
"4113","MATH","1401","Calculus I","Spring 2022",2022-01-18,2022-02-08,177
"4114","MATH","2411","Calculus II","Spring 2022",2022-01-18,2022-02-08,128
"4115","MATH","2830","Introductory Statistics","Spring 2022",2022-01-18,2022-02-08,115
"4116","MATH","1010","Math for Liberal Arts","Spring 2022",2022-01-18,2022-02-09,105
"4117","MATH","1060","Finite Mathematics","Spring 2022",2022-01-18,2022-02-09,122
"4118","MATH","1110","College Algebra","Spring 2022",2022-01-18,2022-02-09,44
"4119","MATH","1401","Calculus I","Spring 2022",2022-01-18,2022-02-09,177
"4120","MATH","2411","Calculus II","Spring 2022",2022-01-18,2022-02-09,128
"4121","MATH","2830","Introductory Statistics","Spring 2022",2022-01-18,2022-02-09,115
"4122","MATH","1010","Math for Liberal Arts","Spring 2022",2022-01-18,2022-02-10,105
"4123","MATH","1060","Finite Mathematics","Spring 2022",2022-01-18,2022-02-10,122
"4124","MATH","1110","College Algebra","Spring 2022",2022-01-18,2022-02-10,44
"4125","MATH","1401","Calculus I","Spring 2022",2022-01-18,2022-02-10,177
"4126","MATH","2411","Calculus II","Spring 2022",2022-01-18,2022-02-10,128
"4127","MATH","2830","Introductory Statistics","Spring 2022",2022-01-18,2022-02-10,115
"4128","MATH","1010","Math for Liberal Arts","Spring 2022",2022-01-18,2022-02-11,105
"4129","MATH","1060","Finite Mathematics","Spring 2022",2022-01-18,2022-02-11,122
"4130","MATH","1110","College Algebra","Spring 2022",2022-01-18,2022-02-11,44
"4131","MATH","1401","Calculus I","Spring 2022",2022-01-18,2022-02-11,177
"4132","MATH","2411","Calculus II","Spring 2022",2022-01-18,2022-02-11,128
"4133","MATH","2830","Introductory Statistics","Spring 2022",2022-01-18,2022-02-11,115
"4134","MATH","1010","Math for Liberal Arts","Spring 2022",2022-01-18,2022-02-12,105
"4135","MATH","1060","Finite Mathematics","Spring 2022",2022-01-18,2022-02-12,122
"4136","MATH","1110","College Algebra","Spring 2022",2022-01-18,2022-02-12,44
"4137","MATH","1401","Calculus I","Spring 2022",2022-01-18,2022-02-12,177
"4138","MATH","2411","Calculus II","Spring 2022",2022-01-18,2022-02-12,128
"4139","MATH","2830","Introductory Statistics","Spring 2022",2022-01-18,2022-02-12,115
"4140","MATH","1010","Math for Liberal Arts","Spring 2022",2022-01-18,2022-02-13,105
"4141","MATH","1060","Finite Mathematics","Spring 2022",2022-01-18,2022-02-13,122
"4142","MATH","1110","College Algebra","Spring 2022",2022-01-18,2022-02-13,44
"4143","MATH","1401","Calculus I","Spring 2022",2022-01-18,2022-02-13,177
"4144","MATH","2411","Calculus II","Spring 2022",2022-01-18,2022-02-13,128
"4145","MATH","2830","Introductory Statistics","Spring 2022",2022-01-18,2022-02-13,115
"4146","MATH","1010","Math for Liberal Arts","Spring 2022",2022-01-18,2022-02-14,105
"4147","MATH","1060","Finite Mathematics","Spring 2022",2022-01-18,2022-02-14,122
"4148","MATH","1110","College Algebra","Spring 2022",2022-01-18,2022-02-14,44
"4149","MATH","1401","Calculus I","Spring 2022",2022-01-18,2022-02-14,177
"4150","MATH","2411","Calculus II","Spring 2022",2022-01-18,2022-02-14,128
"4151","MATH","2830","Introductory Statistics","Spring 2022",2022-01-18,2022-02-14,115
"4152","MATH","1010","Math for Liberal Arts","Spring 2022",2022-01-18,2022-02-15,105
"4153","MATH","1060","Finite Mathematics","Spring 2022",2022-01-18,2022-02-15,122
"4154","MATH","1110","College Algebra","Spring 2022",2022-01-18,2022-02-15,44
"4155","MATH","1401","Calculus I","Spring 2022",2022-01-18,2022-02-15,177
"4156","MATH","2411","Calculus II","Spring 2022",2022-01-18,2022-02-15,128
"4157","MATH","2830","Introductory Statistics","Spring 2022",2022-01-18,2022-02-15,115
"4158","MATH","1010","Math for Liberal Arts","Fall 2022",2022-08-22,2022-04-02,2
"4159","MATH","1401","Calculus I","Fall 2022",2022-08-22,2022-04-02,6
"4160","MATH","1010","Math for Liberal Arts","Fall 2022",2022-08-22,2022-04-03,2
"4161","MATH","1401","Calculus I","Fall 2022",2022-08-22,2022-04-03,7
"4162","MATH","2830","Introductory Statistics","Fall 2022",2022-08-22,2022-04-03,1
"4163","MATH","1010","Math for Liberal Arts","Fall 2022",2022-08-22,2022-04-04,2
"4164","MATH","1401","Calculus I","Fall 2022",2022-08-22,2022-04-04,7
"4165","MATH","2830","Introductory Statistics","Fall 2022",2022-08-22,2022-04-04,1
"4166","MATH","1010","Math for Liberal Arts","Fall 2022",2022-08-22,2022-04-05,2
"4167","MATH","1110","College Algebra","Fall 2022",2022-08-22,2022-04-05,1
"4168","MATH","1401","Calculus I","Fall 2022",2022-08-22,2022-04-05,10
"4169","MATH","2411","Calculus II","Fall 2022",2022-08-22,2022-04-05,2
"4170","MATH","2830","Introductory Statistics","Fall 2022",2022-08-22,2022-04-05,1
"4171","MATH","1010","Math for Liberal Arts","Fall 2022",2022-08-22,2022-04-06,2
"4172","MATH","1110","College Algebra","Fall 2022",2022-08-22,2022-04-06,1
"4173","MATH","1401","Calculus I","Fall 2022",2022-08-22,2022-04-06,11
"4174","MATH","2411","Calculus II","Fall 2022",2022-08-22,2022-04-06,1
"4175","MATH","2830","Introductory Statistics","Fall 2022",2022-08-22,2022-04-06,2
"4176","MATH","1010","Math for Liberal Arts","Fall 2022",2022-08-22,2022-04-07,2
"4177","MATH","1110","College Algebra","Fall 2022",2022-08-22,2022-04-07,1
"4178","MATH","1401","Calculus I","Fall 2022",2022-08-22,2022-04-07,12
"4179","MATH","2411","Calculus II","Fall 2022",2022-08-22,2022-04-07,2
"4180","MATH","2830","Introductory Statistics","Fall 2022",2022-08-22,2022-04-07,2
"4181","MATH","1010","Math for Liberal Arts","Fall 2022",2022-08-22,2022-04-08,2
"4182","MATH","1110","College Algebra","Fall 2022",2022-08-22,2022-04-08,1
"4183","MATH","1401","Calculus I","Fall 2022",2022-08-22,2022-04-08,13
"4184","MATH","2411","Calculus II","Fall 2022",2022-08-22,2022-04-08,2
"4185","MATH","2830","Introductory Statistics","Fall 2022",2022-08-22,2022-04-08,2
"4186","MATH","1010","Math for Liberal Arts","Fall 2022",2022-08-22,2022-04-09,2
"4187","MATH","1110","College Algebra","Fall 2022",2022-08-22,2022-04-09,1
"4188","MATH","1401","Calculus I","Fall 2022",2022-08-22,2022-04-09,14
"4189","MATH","2411","Calculus II","Fall 2022",2022-08-22,2022-04-09,3
"4190","MATH","2830","Introductory Statistics","Fall 2022",2022-08-22,2022-04-09,3
"4191","MATH","1010","Math for Liberal Arts","Fall 2022",2022-08-22,2022-04-10,2
"4192","MATH","1110","College Algebra","Fall 2022",2022-08-22,2022-04-10,1
"4193","MATH","1401","Calculus I","Fall 2022",2022-08-22,2022-04-10,14
"4194","MATH","2411","Calculus II","Fall 2022",2022-08-22,2022-04-10,3
"4195","MATH","2830","Introductory Statistics","Fall 2022",2022-08-22,2022-04-10,3
"4196","MATH","1010","Math for Liberal Arts","Fall 2022",2022-08-22,2022-04-11,3
"4197","MATH","1110","College Algebra","Fall 2022",2022-08-22,2022-04-11,1
"4198","MATH","1401","Calculus I","Fall 2022",2022-08-22,2022-04-11,14
"4199","MATH","2411","Calculus II","Fall 2022",2022-08-22,2022-04-11,3
"4200","MATH","2830","Introductory Statistics","Fall 2022",2022-08-22,2022-04-11,3
"4201","MATH","1010","Math for Liberal Arts","Fall 2022",2022-08-22,2022-04-12,3
"4202","MATH","1110","College Algebra","Fall 2022",2022-08-22,2022-04-12,1
"4203","MATH","1401","Calculus I","Fall 2022",2022-08-22,2022-04-12,14
"4204","MATH","2411","Calculus II","Fall 2022",2022-08-22,2022-04-12,4
"4205","MATH","2830","Introductory Statistics","Fall 2022",2022-08-22,2022-04-12,3
"4206","MATH","1010","Math for Liberal Arts","Fall 2022",2022-08-22,2022-04-13,4
"4207","MATH","1060","Finite Mathematics","Fall 2022",2022-08-22,2022-04-13,1
"4208","MATH","1110","College Algebra","Fall 2022",2022-08-22,2022-04-13,1
"4209","MATH","1401","Calculus I","Fall 2022",2022-08-22,2022-04-13,14
"4210","MATH","2411","Calculus II","Fall 2022",2022-08-22,2022-04-13,5
"4211","MATH","2830","Introductory Statistics","Fall 2022",2022-08-22,2022-04-13,4
"4212","MATH","1010","Math for Liberal Arts","Fall 2022",2022-08-22,2022-04-14,5
"4213","MATH","1060","Finite Mathematics","Fall 2022",2022-08-22,2022-04-14,1
"4214","MATH","1110","College Algebra","Fall 2022",2022-08-22,2022-04-14,1
"4215","MATH","1401","Calculus I","Fall 2022",2022-08-22,2022-04-14,16
"4216","MATH","2411","Calculus II","Fall 2022",2022-08-22,2022-04-14,5
"4217","MATH","2830","Introductory Statistics","Fall 2022",2022-08-22,2022-04-14,5
"4218","MATH","1010","Math for Liberal Arts","Fall 2022",2022-08-22,2022-04-15,6
"4219","MATH","1060","Finite Mathematics","Fall 2022",2022-08-22,2022-04-15,4
"4220","MATH","1110","College Algebra","Fall 2022",2022-08-22,2022-04-15,2
"4221","MATH","1401","Calculus I","Fall 2022",2022-08-22,2022-04-15,32
"4222","MATH","2411","Calculus II","Fall 2022",2022-08-22,2022-04-15,11
"4223","MATH","2830","Introductory Statistics","Fall 2022",2022-08-22,2022-04-15,11
"4224","MATH","1010","Math for Liberal Arts","Fall 2022",2022-08-22,2022-04-16,9
"4225","MATH","1060","Finite Mathematics","Fall 2022",2022-08-22,2022-04-16,9
"4226","MATH","1110","College Algebra","Fall 2022",2022-08-22,2022-04-16,4
"4227","MATH","1401","Calculus I","Fall 2022",2022-08-22,2022-04-16,39
"4228","MATH","2411","Calculus II","Fall 2022",2022-08-22,2022-04-16,15
"4229","MATH","2830","Introductory Statistics","Fall 2022",2022-08-22,2022-04-16,16
"4230","MATH","1010","Math for Liberal Arts","Fall 2022",2022-08-22,2022-04-17,9
"4231","MATH","1060","Finite Mathematics","Fall 2022",2022-08-22,2022-04-17,9
"4232","MATH","1110","College Algebra","Fall 2022",2022-08-22,2022-04-17,4
"4233","MATH","1401","Calculus I","Fall 2022",2022-08-22,2022-04-17,40
"4234","MATH","2411","Calculus II","Fall 2022",2022-08-22,2022-04-17,16
"4235","MATH","2830","Introductory Statistics","Fall 2022",2022-08-22,2022-04-17,17
"4236","MATH","1010","Math for Liberal Arts","Fall 2022",2022-08-22,2022-04-18,9
"4237","MATH","1060","Finite Mathematics","Fall 2022",2022-08-22,2022-04-18,9
"4238","MATH","1110","College Algebra","Fall 2022",2022-08-22,2022-04-18,4
"4239","MATH","1401","Calculus I","Fall 2022",2022-08-22,2022-04-18,43
"4240","MATH","2411","Calculus II","Fall 2022",2022-08-22,2022-04-18,16
"4241","MATH","2830","Introductory Statistics","Fall 2022",2022-08-22,2022-04-18,17
"4242","MATH","1010","Math for Liberal Arts","Fall 2022",2022-08-22,2022-04-19,11
"4243","MATH","1060","Finite Mathematics","Fall 2022",2022-08-22,2022-04-19,13
"4244","MATH","1110","College Algebra","Fall 2022",2022-08-22,2022-04-19,4
"4245","MATH","1401","Calculus I","Fall 2022",2022-08-22,2022-04-19,45
"4246","MATH","2411","Calculus II","Fall 2022",2022-08-22,2022-04-19,17
"4247","MATH","2830","Introductory Statistics","Fall 2022",2022-08-22,2022-04-19,23
"4248","MATH","1010","Math for Liberal Arts","Fall 2022",2022-08-22,2022-04-20,29
"4249","MATH","1060","Finite Mathematics","Fall 2022",2022-08-22,2022-04-20,13
"4250","MATH","1110","College Algebra","Fall 2022",2022-08-22,2022-04-20,5
"4251","MATH","1401","Calculus I","Fall 2022",2022-08-22,2022-04-20,50
"4252","MATH","2411","Calculus II","Fall 2022",2022-08-22,2022-04-20,18
"4253","MATH","2830","Introductory Statistics","Fall 2022",2022-08-22,2022-04-20,27
"4254","MATH","1010","Math for Liberal Arts","Fall 2022",2022-08-22,2022-04-21,33
"4255","MATH","1060","Finite Mathematics","Fall 2022",2022-08-22,2022-04-21,14
"4256","MATH","1110","College Algebra","Fall 2022",2022-08-22,2022-04-21,5
"4257","MATH","1401","Calculus I","Fall 2022",2022-08-22,2022-04-21,53
"4258","MATH","2411","Calculus II","Fall 2022",2022-08-22,2022-04-21,20
"4259","MATH","2830","Introductory Statistics","Fall 2022",2022-08-22,2022-04-21,30
"4260","MATH","1010","Math for Liberal Arts","Fall 2022",2022-08-22,2022-04-22,35
"4261","MATH","1060","Finite Mathematics","Fall 2022",2022-08-22,2022-04-22,15
"4262","MATH","1110","College Algebra","Fall 2022",2022-08-22,2022-04-22,5
"4263","MATH","1401","Calculus I","Fall 2022",2022-08-22,2022-04-22,55
"4264","MATH","2411","Calculus II","Fall 2022",2022-08-22,2022-04-22,21
"4265","MATH","2830","Introductory Statistics","Fall 2022",2022-08-22,2022-04-22,30
"4266","MATH","1010","Math for Liberal Arts","Fall 2022",2022-08-22,2022-04-23,35
"4267","MATH","1060","Finite Mathematics","Fall 2022",2022-08-22,2022-04-23,15
"4268","MATH","1110","College Algebra","Fall 2022",2022-08-22,2022-04-23,6
"4269","MATH","1401","Calculus I","Fall 2022",2022-08-22,2022-04-23,55
"4270","MATH","2411","Calculus II","Fall 2022",2022-08-22,2022-04-23,22
"4271","MATH","2830","Introductory Statistics","Fall 2022",2022-08-22,2022-04-23,30
"4272","MATH","1010","Math for Liberal Arts","Fall 2022",2022-08-22,2022-04-24,35
"4273","MATH","1060","Finite Mathematics","Fall 2022",2022-08-22,2022-04-24,15
"4274","MATH","1110","College Algebra","Fall 2022",2022-08-22,2022-04-24,6
"4275","MATH","1401","Calculus I","Fall 2022",2022-08-22,2022-04-24,55
"4276","MATH","2411","Calculus II","Fall 2022",2022-08-22,2022-04-24,23
"4277","MATH","2830","Introductory Statistics","Fall 2022",2022-08-22,2022-04-24,30
"4278","MATH","1010","Math for Liberal Arts","Fall 2022",2022-08-22,2022-04-25,35
"4279","MATH","1060","Finite Mathematics","Fall 2022",2022-08-22,2022-04-25,16
"4280","MATH","1110","College Algebra","Fall 2022",2022-08-22,2022-04-25,6
"4281","MATH","1401","Calculus I","Fall 2022",2022-08-22,2022-04-25,56
"4282","MATH","2411","Calculus II","Fall 2022",2022-08-22,2022-04-25,23
"4283","MATH","2830","Introductory Statistics","Fall 2022",2022-08-22,2022-04-25,30
"4284","MATH","1010","Math for Liberal Arts","Fall 2022",2022-08-22,2022-04-26,35
"4285","MATH","1060","Finite Mathematics","Fall 2022",2022-08-22,2022-04-26,24
"4286","MATH","1110","College Algebra","Fall 2022",2022-08-22,2022-04-26,5
"4287","MATH","1401","Calculus I","Fall 2022",2022-08-22,2022-04-26,63
"4288","MATH","2411","Calculus II","Fall 2022",2022-08-22,2022-04-26,24
"4289","MATH","2830","Introductory Statistics","Fall 2022",2022-08-22,2022-04-26,30
"4290","MATH","1010","Math for Liberal Arts","Fall 2022",2022-08-22,2022-04-27,35
"4291","MATH","1060","Finite Mathematics","Fall 2022",2022-08-22,2022-04-27,44
"4292","MATH","1110","College Algebra","Fall 2022",2022-08-22,2022-04-27,5
"4293","MATH","1401","Calculus I","Fall 2022",2022-08-22,2022-04-27,63
"4294","MATH","2411","Calculus II","Fall 2022",2022-08-22,2022-04-27,25
"4295","MATH","2830","Introductory Statistics","Fall 2022",2022-08-22,2022-04-27,31
"4296","MATH","1010","Math for Liberal Arts","Fall 2022",2022-08-22,2022-04-28,35
"4297","MATH","1060","Finite Mathematics","Fall 2022",2022-08-22,2022-04-28,46
"4298","MATH","1110","College Algebra","Fall 2022",2022-08-22,2022-04-28,5
"4299","MATH","1401","Calculus I","Fall 2022",2022-08-22,2022-04-28,64
"4300","MATH","2411","Calculus II","Fall 2022",2022-08-22,2022-04-28,25
"4301","MATH","2830","Introductory Statistics","Fall 2022",2022-08-22,2022-04-28,31
"4302","MATH","1010","Math for Liberal Arts","Fall 2022",2022-08-22,2022-04-29,39
"4303","MATH","1060","Finite Mathematics","Fall 2022",2022-08-22,2022-04-29,46
"4304","MATH","1110","College Algebra","Fall 2022",2022-08-22,2022-04-29,5
"4305","MATH","1401","Calculus I","Fall 2022",2022-08-22,2022-04-29,66
"4306","MATH","2411","Calculus II","Fall 2022",2022-08-22,2022-04-29,26
"4307","MATH","2830","Introductory Statistics","Fall 2022",2022-08-22,2022-04-29,34
"4308","MATH","1010","Math for Liberal Arts","Fall 2022",2022-08-22,2022-04-30,40
"4309","MATH","1060","Finite Mathematics","Fall 2022",2022-08-22,2022-04-30,48
"4310","MATH","1110","College Algebra","Fall 2022",2022-08-22,2022-04-30,5
"4311","MATH","1401","Calculus I","Fall 2022",2022-08-22,2022-04-30,66
"4312","MATH","2411","Calculus II","Fall 2022",2022-08-22,2022-04-30,26
"4313","MATH","2830","Introductory Statistics","Fall 2022",2022-08-22,2022-04-30,35
"4314","MATH","1010","Math for Liberal Arts","Fall 2022",2022-08-22,2022-05-01,40
"4315","MATH","1060","Finite Mathematics","Fall 2022",2022-08-22,2022-05-01,48
"4316","MATH","1110","College Algebra","Fall 2022",2022-08-22,2022-05-01,5
"4317","MATH","1401","Calculus I","Fall 2022",2022-08-22,2022-05-01,66
"4318","MATH","2411","Calculus II","Fall 2022",2022-08-22,2022-05-01,26
"4319","MATH","2830","Introductory Statistics","Fall 2022",2022-08-22,2022-05-01,35
"4320","MATH","1010","Math for Liberal Arts","Fall 2022",2022-08-22,2022-05-02,40
"4321","MATH","1060","Finite Mathematics","Fall 2022",2022-08-22,2022-05-02,48
"4322","MATH","1110","College Algebra","Fall 2022",2022-08-22,2022-05-02,5
"4323","MATH","1401","Calculus I","Fall 2022",2022-08-22,2022-05-02,66
"4324","MATH","2411","Calculus II","Fall 2022",2022-08-22,2022-05-02,27
"4325","MATH","2830","Introductory Statistics","Fall 2022",2022-08-22,2022-05-02,35
"4326","MATH","1010","Math for Liberal Arts","Fall 2022",2022-08-22,2022-05-03,40
"4327","MATH","1060","Finite Mathematics","Fall 2022",2022-08-22,2022-05-03,50
"4328","MATH","1110","College Algebra","Fall 2022",2022-08-22,2022-05-03,5
"4329","MATH","1401","Calculus I","Fall 2022",2022-08-22,2022-05-03,65
"4330","MATH","2411","Calculus II","Fall 2022",2022-08-22,2022-05-03,28
"4331","MATH","2830","Introductory Statistics","Fall 2022",2022-08-22,2022-05-03,39
"4332","MATH","1010","Math for Liberal Arts","Fall 2022",2022-08-22,2022-05-04,50
"4333","MATH","1060","Finite Mathematics","Fall 2022",2022-08-22,2022-05-04,50
"4334","MATH","1110","College Algebra","Fall 2022",2022-08-22,2022-05-04,8
"4335","MATH","1401","Calculus I","Fall 2022",2022-08-22,2022-05-04,69
"4336","MATH","2411","Calculus II","Fall 2022",2022-08-22,2022-05-04,29
"4337","MATH","2830","Introductory Statistics","Fall 2022",2022-08-22,2022-05-04,43
"4338","MATH","1010","Math for Liberal Arts","Fall 2022",2022-08-22,2022-05-05,52
"4339","MATH","1060","Finite Mathematics","Fall 2022",2022-08-22,2022-05-05,50
"4340","MATH","1110","College Algebra","Fall 2022",2022-08-22,2022-05-05,8
"4341","MATH","1401","Calculus I","Fall 2022",2022-08-22,2022-05-05,77
"4342","MATH","2411","Calculus II","Fall 2022",2022-08-22,2022-05-05,32
"4343","MATH","2830","Introductory Statistics","Fall 2022",2022-08-22,2022-05-05,45
"4344","MATH","1010","Math for Liberal Arts","Fall 2022",2022-08-22,2022-05-06,52
"4345","MATH","1060","Finite Mathematics","Fall 2022",2022-08-22,2022-05-06,50
"4346","MATH","1110","College Algebra","Fall 2022",2022-08-22,2022-05-06,8
"4347","MATH","1401","Calculus I","Fall 2022",2022-08-22,2022-05-06,78
"4348","MATH","2411","Calculus II","Fall 2022",2022-08-22,2022-05-06,34
"4349","MATH","2830","Introductory Statistics","Fall 2022",2022-08-22,2022-05-06,45
"4350","MATH","1010","Math for Liberal Arts","Fall 2022",2022-08-22,2022-05-07,51
"4351","MATH","1060","Finite Mathematics","Fall 2022",2022-08-22,2022-05-07,51
"4352","MATH","1110","College Algebra","Fall 2022",2022-08-22,2022-05-07,8
"4353","MATH","1401","Calculus I","Fall 2022",2022-08-22,2022-05-07,78
"4354","MATH","2411","Calculus II","Fall 2022",2022-08-22,2022-05-07,34
"4355","MATH","2830","Introductory Statistics","Fall 2022",2022-08-22,2022-05-07,47
"4356","MATH","1010","Math for Liberal Arts","Fall 2022",2022-08-22,2022-05-08,51
"4357","MATH","1060","Finite Mathematics","Fall 2022",2022-08-22,2022-05-08,51
"4358","MATH","1110","College Algebra","Fall 2022",2022-08-22,2022-05-08,8
"4359","MATH","1401","Calculus I","Fall 2022",2022-08-22,2022-05-08,78
"4360","MATH","2411","Calculus II","Fall 2022",2022-08-22,2022-05-08,33
"4361","MATH","2830","Introductory Statistics","Fall 2022",2022-08-22,2022-05-08,47
"4362","MATH","1010","Math for Liberal Arts","Fall 2022",2022-08-22,2022-05-09,53
"4363","MATH","1060","Finite Mathematics","Fall 2022",2022-08-22,2022-05-09,51
"4364","MATH","1110","College Algebra","Fall 2022",2022-08-22,2022-05-09,8
"4365","MATH","1401","Calculus I","Fall 2022",2022-08-22,2022-05-09,79
"4366","MATH","2411","Calculus II","Fall 2022",2022-08-22,2022-05-09,34
"4367","MATH","2830","Introductory Statistics","Fall 2022",2022-08-22,2022-05-09,47
"4368","MATH","1010","Math for Liberal Arts","Fall 2022",2022-08-22,2022-05-10,53
"4369","MATH","1060","Finite Mathematics","Fall 2022",2022-08-22,2022-05-10,51
"4370","MATH","1110","College Algebra","Fall 2022",2022-08-22,2022-05-10,9
"4371","MATH","1401","Calculus I","Fall 2022",2022-08-22,2022-05-10,79
"4372","MATH","2411","Calculus II","Fall 2022",2022-08-22,2022-05-10,35
"4373","MATH","2830","Introductory Statistics","Fall 2022",2022-08-22,2022-05-10,48
"4374","MATH","1010","Math for Liberal Arts","Fall 2022",2022-08-22,2022-05-11,53
"4375","MATH","1060","Finite Mathematics","Fall 2022",2022-08-22,2022-05-11,53
"4376","MATH","1110","College Algebra","Fall 2022",2022-08-22,2022-05-11,9
"4377","MATH","1401","Calculus I","Fall 2022",2022-08-22,2022-05-11,79
"4378","MATH","2411","Calculus II","Fall 2022",2022-08-22,2022-05-11,36
"4379","MATH","2830","Introductory Statistics","Fall 2022",2022-08-22,2022-05-11,51
"4380","MATH","1010","Math for Liberal Arts","Fall 2022",2022-08-22,2022-05-12,53
"4381","MATH","1060","Finite Mathematics","Fall 2022",2022-08-22,2022-05-12,53
"4382","MATH","1110","College Algebra","Fall 2022",2022-08-22,2022-05-12,10
"4383","MATH","1401","Calculus I","Fall 2022",2022-08-22,2022-05-12,79
"4384","MATH","2411","Calculus II","Fall 2022",2022-08-22,2022-05-12,37
"4385","MATH","2830","Introductory Statistics","Fall 2022",2022-08-22,2022-05-12,51
"4386","MATH","1010","Math for Liberal Arts","Fall 2022",2022-08-22,2022-05-13,54
"4387","MATH","1060","Finite Mathematics","Fall 2022",2022-08-22,2022-05-13,53
"4388","MATH","1110","College Algebra","Fall 2022",2022-08-22,2022-05-13,10
"4389","MATH","1401","Calculus I","Fall 2022",2022-08-22,2022-05-13,79
"4390","MATH","2411","Calculus II","Fall 2022",2022-08-22,2022-05-13,37
"4391","MATH","2830","Introductory Statistics","Fall 2022",2022-08-22,2022-05-13,52
"4392","MATH","1010","Math for Liberal Arts","Fall 2022",2022-08-22,2022-05-14,54
"4393","MATH","1060","Finite Mathematics","Fall 2022",2022-08-22,2022-05-14,53
"4394","MATH","1110","College Algebra","Fall 2022",2022-08-22,2022-05-14,10
"4395","MATH","1401","Calculus I","Fall 2022",2022-08-22,2022-05-14,80
"4396","MATH","2411","Calculus II","Fall 2022",2022-08-22,2022-05-14,38
"4397","MATH","2830","Introductory Statistics","Fall 2022",2022-08-22,2022-05-14,52
"4398","MATH","1010","Math for Liberal Arts","Fall 2022",2022-08-22,2022-05-15,54
"4399","MATH","1060","Finite Mathematics","Fall 2022",2022-08-22,2022-05-15,53
"4400","MATH","1110","College Algebra","Fall 2022",2022-08-22,2022-05-15,11
"4401","MATH","1401","Calculus I","Fall 2022",2022-08-22,2022-05-15,81
"4402","MATH","2411","Calculus II","Fall 2022",2022-08-22,2022-05-15,38
"4403","MATH","2830","Introductory Statistics","Fall 2022",2022-08-22,2022-05-15,52
"4404","MATH","1010","Math for Liberal Arts","Fall 2022",2022-08-22,2022-05-16,54
"4405","MATH","1060","Finite Mathematics","Fall 2022",2022-08-22,2022-05-16,53
"4406","MATH","1110","College Algebra","Fall 2022",2022-08-22,2022-05-16,11
"4407","MATH","1401","Calculus I","Fall 2022",2022-08-22,2022-05-16,82
"4408","MATH","2411","Calculus II","Fall 2022",2022-08-22,2022-05-16,38
"4409","MATH","2830","Introductory Statistics","Fall 2022",2022-08-22,2022-05-16,52
"4410","MATH","1010","Math for Liberal Arts","Fall 2022",2022-08-22,2022-05-17,54
"4411","MATH","1060","Finite Mathematics","Fall 2022",2022-08-22,2022-05-17,54
"4412","MATH","1110","College Algebra","Fall 2022",2022-08-22,2022-05-17,11
"4413","MATH","1401","Calculus I","Fall 2022",2022-08-22,2022-05-17,82
"4414","MATH","2411","Calculus II","Fall 2022",2022-08-22,2022-05-17,37
"4415","MATH","2830","Introductory Statistics","Fall 2022",2022-08-22,2022-05-17,52
"4416","MATH","1010","Math for Liberal Arts","Fall 2022",2022-08-22,2022-05-18,54
"4417","MATH","1060","Finite Mathematics","Fall 2022",2022-08-22,2022-05-18,74
"4418","MATH","1110","College Algebra","Fall 2022",2022-08-22,2022-05-18,11
"4419","MATH","1401","Calculus I","Fall 2022",2022-08-22,2022-05-18,83
"4420","MATH","2411","Calculus II","Fall 2022",2022-08-22,2022-05-18,37
"4421","MATH","2830","Introductory Statistics","Fall 2022",2022-08-22,2022-05-18,53
"4422","MATH","1010","Math for Liberal Arts","Fall 2022",2022-08-22,2022-05-19,57
"4423","MATH","1060","Finite Mathematics","Fall 2022",2022-08-22,2022-05-19,76
"4424","MATH","1110","College Algebra","Fall 2022",2022-08-22,2022-05-19,14
"4425","MATH","1401","Calculus I","Fall 2022",2022-08-22,2022-05-19,86
"4426","MATH","2411","Calculus II","Fall 2022",2022-08-22,2022-05-19,39
"4427","MATH","2830","Introductory Statistics","Fall 2022",2022-08-22,2022-05-19,54
"4428","MATH","1010","Math for Liberal Arts","Fall 2022",2022-08-22,2022-05-20,59
"4429","MATH","1060","Finite Mathematics","Fall 2022",2022-08-22,2022-05-20,77
"4430","MATH","1110","College Algebra","Fall 2022",2022-08-22,2022-05-20,14
"4431","MATH","1401","Calculus I","Fall 2022",2022-08-22,2022-05-20,87
"4432","MATH","2411","Calculus II","Fall 2022",2022-08-22,2022-05-20,41
"4433","MATH","2830","Introductory Statistics","Fall 2022",2022-08-22,2022-05-20,55
"4434","MATH","1010","Math for Liberal Arts","Fall 2022",2022-08-22,2022-05-21,59
"4435","MATH","1060","Finite Mathematics","Fall 2022",2022-08-22,2022-05-21,77
"4436","MATH","1110","College Algebra","Fall 2022",2022-08-22,2022-05-21,14
"4437","MATH","1401","Calculus I","Fall 2022",2022-08-22,2022-05-21,88
"4438","MATH","2411","Calculus II","Fall 2022",2022-08-22,2022-05-21,41
"4439","MATH","2830","Introductory Statistics","Fall 2022",2022-08-22,2022-05-21,55
"4440","MATH","1010","Math for Liberal Arts","Fall 2022",2022-08-22,2022-05-22,59
"4441","MATH","1060","Finite Mathematics","Fall 2022",2022-08-22,2022-05-22,77
"4442","MATH","1110","College Algebra","Fall 2022",2022-08-22,2022-05-22,15
"4443","MATH","1401","Calculus I","Fall 2022",2022-08-22,2022-05-22,89
"4444","MATH","2411","Calculus II","Fall 2022",2022-08-22,2022-05-22,42
"4445","MATH","2830","Introductory Statistics","Fall 2022",2022-08-22,2022-05-22,57
"4446","MATH","1010","Math for Liberal Arts","Fall 2022",2022-08-22,2022-05-23,59
"4447","MATH","1060","Finite Mathematics","Fall 2022",2022-08-22,2022-05-23,77
"4448","MATH","1110","College Algebra","Fall 2022",2022-08-22,2022-05-23,15
"4449","MATH","1401","Calculus I","Fall 2022",2022-08-22,2022-05-23,89
"4450","MATH","2411","Calculus II","Fall 2022",2022-08-22,2022-05-23,42
"4451","MATH","2830","Introductory Statistics","Fall 2022",2022-08-22,2022-05-23,58
"4452","MATH","1010","Math for Liberal Arts","Fall 2022",2022-08-22,2022-05-24,72
"4453","MATH","1060","Finite Mathematics","Fall 2022",2022-08-22,2022-05-24,78
"4454","MATH","1110","College Algebra","Fall 2022",2022-08-22,2022-05-24,20
"4455","MATH","1401","Calculus I","Fall 2022",2022-08-22,2022-05-24,92
"4456","MATH","2411","Calculus II","Fall 2022",2022-08-22,2022-05-24,41
"4457","MATH","2830","Introductory Statistics","Fall 2022",2022-08-22,2022-05-24,60
"4458","MATH","1010","Math for Liberal Arts","Fall 2022",2022-08-22,2022-05-25,82
"4459","MATH","1060","Finite Mathematics","Fall 2022",2022-08-22,2022-05-25,78
"4460","MATH","1110","College Algebra","Fall 2022",2022-08-22,2022-05-25,21
"4461","MATH","1401","Calculus I","Fall 2022",2022-08-22,2022-05-25,93
"4462","MATH","2411","Calculus II","Fall 2022",2022-08-22,2022-05-25,41
"4463","MATH","2830","Introductory Statistics","Fall 2022",2022-08-22,2022-05-25,64
"4464","MATH","1010","Math for Liberal Arts","Fall 2022",2022-08-22,2022-05-26,87
"4465","MATH","1060","Finite Mathematics","Fall 2022",2022-08-22,2022-05-26,79
"4466","MATH","1110","College Algebra","Fall 2022",2022-08-22,2022-05-26,22
"4467","MATH","1401","Calculus I","Fall 2022",2022-08-22,2022-05-26,99
"4468","MATH","2411","Calculus II","Fall 2022",2022-08-22,2022-05-26,42
"4469","MATH","2830","Introductory Statistics","Fall 2022",2022-08-22,2022-05-26,64
"4470","MATH","1010","Math for Liberal Arts","Fall 2022",2022-08-22,2022-05-27,87
"4471","MATH","1060","Finite Mathematics","Fall 2022",2022-08-22,2022-05-27,80
"4472","MATH","1110","College Algebra","Fall 2022",2022-08-22,2022-05-27,24
"4473","MATH","1401","Calculus I","Fall 2022",2022-08-22,2022-05-27,100
"4474","MATH","2411","Calculus II","Fall 2022",2022-08-22,2022-05-27,42
"4475","MATH","2830","Introductory Statistics","Fall 2022",2022-08-22,2022-05-27,64
"4476","MATH","1010","Math for Liberal Arts","Fall 2022",2022-08-22,2022-05-28,88
"4477","MATH","1060","Finite Mathematics","Fall 2022",2022-08-22,2022-05-28,82
"4478","MATH","1110","College Algebra","Fall 2022",2022-08-22,2022-05-28,25
"4479","MATH","1401","Calculus I","Fall 2022",2022-08-22,2022-05-28,102
"4480","MATH","2411","Calculus II","Fall 2022",2022-08-22,2022-05-28,42
"4481","MATH","2830","Introductory Statistics","Fall 2022",2022-08-22,2022-05-28,64
"4482","MATH","1010","Math for Liberal Arts","Fall 2022",2022-08-22,2022-05-29,89
"4483","MATH","1060","Finite Mathematics","Fall 2022",2022-08-22,2022-05-29,82
"4484","MATH","1110","College Algebra","Fall 2022",2022-08-22,2022-05-29,25
"4485","MATH","1401","Calculus I","Fall 2022",2022-08-22,2022-05-29,102
"4486","MATH","2411","Calculus II","Fall 2022",2022-08-22,2022-05-29,42
"4487","MATH","2830","Introductory Statistics","Fall 2022",2022-08-22,2022-05-29,64
"4488","MATH","1010","Math for Liberal Arts","Fall 2022",2022-08-22,2022-05-30,89
"4489","MATH","1060","Finite Mathematics","Fall 2022",2022-08-22,2022-05-30,82
"4490","MATH","1110","College Algebra","Fall 2022",2022-08-22,2022-05-30,25
"4491","MATH","1401","Calculus I","Fall 2022",2022-08-22,2022-05-30,102
"4492","MATH","2411","Calculus II","Fall 2022",2022-08-22,2022-05-30,42
"4493","MATH","2830","Introductory Statistics","Fall 2022",2022-08-22,2022-05-30,65
"4494","MATH","1010","Math for Liberal Arts","Fall 2022",2022-08-22,2022-05-31,89
"4495","MATH","1060","Finite Mathematics","Fall 2022",2022-08-22,2022-05-31,82
"4496","MATH","1110","College Algebra","Fall 2022",2022-08-22,2022-05-31,25
"4497","MATH","1401","Calculus I","Fall 2022",2022-08-22,2022-05-31,102
"4498","MATH","2411","Calculus II","Fall 2022",2022-08-22,2022-05-31,43
"4499","MATH","2830","Introductory Statistics","Fall 2022",2022-08-22,2022-05-31,68
"4500","MATH","1010","Math for Liberal Arts","Fall 2022",2022-08-22,2022-06-01,104
"4501","MATH","1060","Finite Mathematics","Fall 2022",2022-08-22,2022-06-01,82
"4502","MATH","1110","College Algebra","Fall 2022",2022-08-22,2022-06-01,26
"4503","MATH","1401","Calculus I","Fall 2022",2022-08-22,2022-06-01,108
"4504","MATH","2411","Calculus II","Fall 2022",2022-08-22,2022-06-01,43
"4505","MATH","2830","Introductory Statistics","Fall 2022",2022-08-22,2022-06-01,79
"4506","MATH","1010","Math for Liberal Arts","Fall 2022",2022-08-22,2022-06-02,105
"4507","MATH","1060","Finite Mathematics","Fall 2022",2022-08-22,2022-06-02,82
"4508","MATH","1110","College Algebra","Fall 2022",2022-08-22,2022-06-02,27
"4509","MATH","1401","Calculus I","Fall 2022",2022-08-22,2022-06-02,109
"4510","MATH","2411","Calculus II","Fall 2022",2022-08-22,2022-06-02,43
"4511","MATH","2830","Introductory Statistics","Fall 2022",2022-08-22,2022-06-02,80
"4512","MATH","1010","Math for Liberal Arts","Fall 2022",2022-08-22,2022-06-03,110
"4513","MATH","1060","Finite Mathematics","Fall 2022",2022-08-22,2022-06-03,83
"4514","MATH","1110","College Algebra","Fall 2022",2022-08-22,2022-06-03,28
"4515","MATH","1401","Calculus I","Fall 2022",2022-08-22,2022-06-03,111
"4516","MATH","2411","Calculus II","Fall 2022",2022-08-22,2022-06-03,44
"4517","MATH","2830","Introductory Statistics","Fall 2022",2022-08-22,2022-06-03,84
"4518","MATH","1010","Math for Liberal Arts","Fall 2022",2022-08-22,2022-06-04,112
"4519","MATH","1060","Finite Mathematics","Fall 2022",2022-08-22,2022-06-04,83
"4520","MATH","1110","College Algebra","Fall 2022",2022-08-22,2022-06-04,28
"4521","MATH","1401","Calculus I","Fall 2022",2022-08-22,2022-06-04,111
"4522","MATH","2411","Calculus II","Fall 2022",2022-08-22,2022-06-04,44
"4523","MATH","2830","Introductory Statistics","Fall 2022",2022-08-22,2022-06-04,84
"4524","MATH","1010","Math for Liberal Arts","Fall 2022",2022-08-22,2022-06-05,113
"4525","MATH","1060","Finite Mathematics","Fall 2022",2022-08-22,2022-06-05,84
"4526","MATH","1110","College Algebra","Fall 2022",2022-08-22,2022-06-05,28
"4527","MATH","1401","Calculus I","Fall 2022",2022-08-22,2022-06-05,112
"4528","MATH","2411","Calculus II","Fall 2022",2022-08-22,2022-06-05,44
"4529","MATH","2830","Introductory Statistics","Fall 2022",2022-08-22,2022-06-05,84
"4530","MATH","1010","Math for Liberal Arts","Fall 2022",2022-08-22,2022-06-06,114
"4531","MATH","1060","Finite Mathematics","Fall 2022",2022-08-22,2022-06-06,84
"4532","MATH","1110","College Algebra","Fall 2022",2022-08-22,2022-06-06,29
"4533","MATH","1401","Calculus I","Fall 2022",2022-08-22,2022-06-06,114
"4534","MATH","2411","Calculus II","Fall 2022",2022-08-22,2022-06-06,45
"4535","MATH","2830","Introductory Statistics","Fall 2022",2022-08-22,2022-06-06,85
"4536","MATH","1010","Math for Liberal Arts","Fall 2022",2022-08-22,2022-06-07,114
"4537","MATH","1060","Finite Mathematics","Fall 2022",2022-08-22,2022-06-07,84
"4538","MATH","1110","College Algebra","Fall 2022",2022-08-22,2022-06-07,29
"4539","MATH","1401","Calculus I","Fall 2022",2022-08-22,2022-06-07,117
"4540","MATH","2411","Calculus II","Fall 2022",2022-08-22,2022-06-07,46
"4541","MATH","2830","Introductory Statistics","Fall 2022",2022-08-22,2022-06-07,87
"4542","MATH","1010","Math for Liberal Arts","Fall 2022",2022-08-22,2022-06-08,134
"4543","MATH","1060","Finite Mathematics","Fall 2022",2022-08-22,2022-06-08,86
"4544","MATH","1110","College Algebra","Fall 2022",2022-08-22,2022-06-08,31
"4545","MATH","1401","Calculus I","Fall 2022",2022-08-22,2022-06-08,122
"4546","MATH","2411","Calculus II","Fall 2022",2022-08-22,2022-06-08,48
"4547","MATH","2830","Introductory Statistics","Fall 2022",2022-08-22,2022-06-08,98
"4548","MATH","1010","Math for Liberal Arts","Fall 2022",2022-08-22,2022-06-09,141
"4549","MATH","1060","Finite Mathematics","Fall 2022",2022-08-22,2022-06-09,87
"4550","MATH","1110","College Algebra","Fall 2022",2022-08-22,2022-06-09,34
"4551","MATH","1401","Calculus I","Fall 2022",2022-08-22,2022-06-09,122
"4552","MATH","2411","Calculus II","Fall 2022",2022-08-22,2022-06-09,49
"4553","MATH","2830","Introductory Statistics","Fall 2022",2022-08-22,2022-06-09,98
"4554","MATH","1010","Math for Liberal Arts","Fall 2022",2022-08-22,2022-06-10,144
"4555","MATH","1060","Finite Mathematics","Fall 2022",2022-08-22,2022-06-10,89
"4556","MATH","1110","College Algebra","Fall 2022",2022-08-22,2022-06-10,34
"4557","MATH","1401","Calculus I","Fall 2022",2022-08-22,2022-06-10,126
"4558","MATH","2411","Calculus II","Fall 2022",2022-08-22,2022-06-10,49
"4559","MATH","2830","Introductory Statistics","Fall 2022",2022-08-22,2022-06-10,100
"4560","MATH","1010","Math for Liberal Arts","Fall 2022",2022-08-22,2022-06-11,144
"4561","MATH","1060","Finite Mathematics","Fall 2022",2022-08-22,2022-06-11,89
"4562","MATH","1110","College Algebra","Fall 2022",2022-08-22,2022-06-11,35
"4563","MATH","1401","Calculus I","Fall 2022",2022-08-22,2022-06-11,124
"4564","MATH","2411","Calculus II","Fall 2022",2022-08-22,2022-06-11,49
"4565","MATH","2830","Introductory Statistics","Fall 2022",2022-08-22,2022-06-11,100
"4566","MATH","1010","Math for Liberal Arts","Fall 2022",2022-08-22,2022-06-12,144
"4567","MATH","1060","Finite Mathematics","Fall 2022",2022-08-22,2022-06-12,89
"4568","MATH","1110","College Algebra","Fall 2022",2022-08-22,2022-06-12,35
"4569","MATH","1401","Calculus I","Fall 2022",2022-08-22,2022-06-12,124
"4570","MATH","2411","Calculus II","Fall 2022",2022-08-22,2022-06-12,50
"4571","MATH","2830","Introductory Statistics","Fall 2022",2022-08-22,2022-06-12,100
"4572","MATH","1010","Math for Liberal Arts","Fall 2022",2022-08-22,2022-06-13,144
"4573","MATH","1060","Finite Mathematics","Fall 2022",2022-08-22,2022-06-13,90
"4574","MATH","1110","College Algebra","Fall 2022",2022-08-22,2022-06-13,36
"4575","MATH","1401","Calculus I","Fall 2022",2022-08-22,2022-06-13,128
"4576","MATH","2411","Calculus II","Fall 2022",2022-08-22,2022-06-13,49
"4577","MATH","2830","Introductory Statistics","Fall 2022",2022-08-22,2022-06-13,100
"4578","MATH","1010","Math for Liberal Arts","Fall 2022",2022-08-22,2022-06-14,144
"4579","MATH","1060","Finite Mathematics","Fall 2022",2022-08-22,2022-06-14,91
"4580","MATH","1110","College Algebra","Fall 2022",2022-08-22,2022-06-14,36
"4581","MATH","1401","Calculus I","Fall 2022",2022-08-22,2022-06-14,128
"4582","MATH","2411","Calculus II","Fall 2022",2022-08-22,2022-06-14,49
"4583","MATH","2830","Introductory Statistics","Fall 2022",2022-08-22,2022-06-14,101
"4584","MATH","1010","Math for Liberal Arts","Fall 2022",2022-08-22,2022-06-15,162
"4585","MATH","1060","Finite Mathematics","Fall 2022",2022-08-22,2022-06-15,94
"4586","MATH","1110","College Algebra","Fall 2022",2022-08-22,2022-06-15,39
"4587","MATH","1401","Calculus I","Fall 2022",2022-08-22,2022-06-15,130
"4588","MATH","2411","Calculus II","Fall 2022",2022-08-22,2022-06-15,50
"4589","MATH","2830","Introductory Statistics","Fall 2022",2022-08-22,2022-06-15,109
"4590","MATH","1010","Math for Liberal Arts","Fall 2022",2022-08-22,2022-06-16,165
"4591","MATH","1060","Finite Mathematics","Fall 2022",2022-08-22,2022-06-16,120
"4592","MATH","1110","College Algebra","Fall 2022",2022-08-22,2022-06-16,41
"4593","MATH","1401","Calculus I","Fall 2022",2022-08-22,2022-06-16,133
"4594","MATH","2411","Calculus II","Fall 2022",2022-08-22,2022-06-16,51
"4595","MATH","2830","Introductory Statistics","Fall 2022",2022-08-22,2022-06-16,109
"4596","MATH","1010","Math for Liberal Arts","Fall 2022",2022-08-22,2022-06-17,166
"4597","MATH","1060","Finite Mathematics","Fall 2022",2022-08-22,2022-06-17,123
"4598","MATH","1110","College Algebra","Fall 2022",2022-08-22,2022-06-17,43
"4599","MATH","1401","Calculus I","Fall 2022",2022-08-22,2022-06-17,135
"4600","MATH","2411","Calculus II","Fall 2022",2022-08-22,2022-06-17,53
"4601","MATH","2830","Introductory Statistics","Fall 2022",2022-08-22,2022-06-17,110
"4602","MATH","1010","Math for Liberal Arts","Fall 2022",2022-08-22,2022-06-18,165
"4603","MATH","1060","Finite Mathematics","Fall 2022",2022-08-22,2022-06-18,124
"4604","MATH","1110","College Algebra","Fall 2022",2022-08-22,2022-06-18,43
"4605","MATH","1401","Calculus I","Fall 2022",2022-08-22,2022-06-18,137
"4606","MATH","2411","Calculus II","Fall 2022",2022-08-22,2022-06-18,55
"4607","MATH","2830","Introductory Statistics","Fall 2022",2022-08-22,2022-06-18,109
"4608","MATH","1010","Math for Liberal Arts","Fall 2022",2022-08-22,2022-06-19,165
"4609","MATH","1060","Finite Mathematics","Fall 2022",2022-08-22,2022-06-19,123
"4610","MATH","1110","College Algebra","Fall 2022",2022-08-22,2022-06-19,43
"4611","MATH","1401","Calculus I","Fall 2022",2022-08-22,2022-06-19,137
"4612","MATH","2411","Calculus II","Fall 2022",2022-08-22,2022-06-19,55
"4613","MATH","2830","Introductory Statistics","Fall 2022",2022-08-22,2022-06-19,109
"4614","MATH","1010","Math for Liberal Arts","Fall 2022",2022-08-22,2022-06-20,166
"4615","MATH","1060","Finite Mathematics","Fall 2022",2022-08-22,2022-06-20,126
"4616","MATH","1110","College Algebra","Fall 2022",2022-08-22,2022-06-20,44
"4617","MATH","1401","Calculus I","Fall 2022",2022-08-22,2022-06-20,139
"4618","MATH","2411","Calculus II","Fall 2022",2022-08-22,2022-06-20,57
"4619","MATH","2830","Introductory Statistics","Fall 2022",2022-08-22,2022-06-20,109
"4620","MATH","1010","Math for Liberal Arts","Fall 2022",2022-08-22,2022-06-21,166
"4621","MATH","1060","Finite Mathematics","Fall 2022",2022-08-22,2022-06-21,124
"4622","MATH","1110","College Algebra","Fall 2022",2022-08-22,2022-06-21,43
"4623","MATH","1401","Calculus I","Fall 2022",2022-08-22,2022-06-21,140
"4624","MATH","2411","Calculus II","Fall 2022",2022-08-22,2022-06-21,58
"4625","MATH","2830","Introductory Statistics","Fall 2022",2022-08-22,2022-06-21,111
"4626","MATH","1010","Math for Liberal Arts","Fall 2022",2022-08-22,2022-06-22,180
"4627","MATH","1060","Finite Mathematics","Fall 2022",2022-08-22,2022-06-22,128
"4628","MATH","1110","College Algebra","Fall 2022",2022-08-22,2022-06-22,45
"4629","MATH","1401","Calculus I","Fall 2022",2022-08-22,2022-06-22,143
"4630","MATH","2411","Calculus II","Fall 2022",2022-08-22,2022-06-22,59
"4631","MATH","2830","Introductory Statistics","Fall 2022",2022-08-22,2022-06-22,118
"4632","MATH","1010","Math for Liberal Arts","Fall 2022",2022-08-22,2022-06-23,184
"4633","MATH","1060","Finite Mathematics","Fall 2022",2022-08-22,2022-06-23,129
"4634","MATH","1110","College Algebra","Fall 2022",2022-08-22,2022-06-23,47
"4635","MATH","1401","Calculus I","Fall 2022",2022-08-22,2022-06-23,147
"4636","MATH","2411","Calculus II","Fall 2022",2022-08-22,2022-06-23,59
"4637","MATH","2830","Introductory Statistics","Fall 2022",2022-08-22,2022-06-23,118
"4638","MATH","1010","Math for Liberal Arts","Fall 2022",2022-08-22,2022-06-24,185
"4639","MATH","1060","Finite Mathematics","Fall 2022",2022-08-22,2022-06-24,134
"4640","MATH","1110","College Algebra","Fall 2022",2022-08-22,2022-06-24,50
"4641","MATH","1401","Calculus I","Fall 2022",2022-08-22,2022-06-24,148
"4642","MATH","2411","Calculus II","Fall 2022",2022-08-22,2022-06-24,63
"4643","MATH","2830","Introductory Statistics","Fall 2022",2022-08-22,2022-06-24,118
"4644","MATH","1010","Math for Liberal Arts","Fall 2022",2022-08-22,2022-06-25,185
"4645","MATH","1060","Finite Mathematics","Fall 2022",2022-08-22,2022-06-25,134
"4646","MATH","1110","College Algebra","Fall 2022",2022-08-22,2022-06-25,50
"4647","MATH","1401","Calculus I","Fall 2022",2022-08-22,2022-06-25,148
"4648","MATH","2411","Calculus II","Fall 2022",2022-08-22,2022-06-25,63
"4649","MATH","2830","Introductory Statistics","Fall 2022",2022-08-22,2022-06-25,117
"4650","MATH","1010","Math for Liberal Arts","Fall 2022",2022-08-22,2022-06-26,186
"4651","MATH","1060","Finite Mathematics","Fall 2022",2022-08-22,2022-06-26,134
"4652","MATH","1110","College Algebra","Fall 2022",2022-08-22,2022-06-26,50
"4653","MATH","1401","Calculus I","Fall 2022",2022-08-22,2022-06-26,148
"4654","MATH","2411","Calculus II","Fall 2022",2022-08-22,2022-06-26,63
"4655","MATH","2830","Introductory Statistics","Fall 2022",2022-08-22,2022-06-26,117
"4656","MATH","1010","Math for Liberal Arts","Fall 2022",2022-08-22,2022-06-27,187
"4657","MATH","1060","Finite Mathematics","Fall 2022",2022-08-22,2022-06-27,135
"4658","MATH","1110","College Algebra","Fall 2022",2022-08-22,2022-06-27,50
"4659","MATH","1401","Calculus I","Fall 2022",2022-08-22,2022-06-27,151
"4660","MATH","2411","Calculus II","Fall 2022",2022-08-22,2022-06-27,63
"4661","MATH","2830","Introductory Statistics","Fall 2022",2022-08-22,2022-06-27,117
"4662","MATH","1010","Math for Liberal Arts","Fall 2022",2022-08-22,2022-06-28,187
"4663","MATH","1060","Finite Mathematics","Fall 2022",2022-08-22,2022-06-28,135
"4664","MATH","1110","College Algebra","Fall 2022",2022-08-22,2022-06-28,50
"4665","MATH","1401","Calculus I","Fall 2022",2022-08-22,2022-06-28,152
"4666","MATH","2411","Calculus II","Fall 2022",2022-08-22,2022-06-28,63
"4667","MATH","2830","Introductory Statistics","Fall 2022",2022-08-22,2022-06-28,117
"4668","MATH","1010","Math for Liberal Arts","Fall 2022",2022-08-22,2022-06-29,187
"4669","MATH","1060","Finite Mathematics","Fall 2022",2022-08-22,2022-06-29,162
"4670","MATH","1110","College Algebra","Fall 2022",2022-08-22,2022-06-29,51
"4671","MATH","1401","Calculus I","Fall 2022",2022-08-22,2022-06-29,154
"4672","MATH","2411","Calculus II","Fall 2022",2022-08-22,2022-06-29,64
"4673","MATH","2830","Introductory Statistics","Fall 2022",2022-08-22,2022-06-29,117
"4674","MATH","1010","Math for Liberal Arts","Fall 2022",2022-08-22,2022-06-30,191
"4675","MATH","1060","Finite Mathematics","Fall 2022",2022-08-22,2022-06-30,162
"4676","MATH","1110","College Algebra","Fall 2022",2022-08-22,2022-06-30,51
"4677","MATH","1401","Calculus I","Fall 2022",2022-08-22,2022-06-30,156
"4678","MATH","2411","Calculus II","Fall 2022",2022-08-22,2022-06-30,66
"4679","MATH","2830","Introductory Statistics","Fall 2022",2022-08-22,2022-06-30,119
"4680","MATH","1010","Math for Liberal Arts","Fall 2022",2022-08-22,2022-07-01,192
"4681","MATH","1060","Finite Mathematics","Fall 2022",2022-08-22,2022-07-01,162
"4682","MATH","1110","College Algebra","Fall 2022",2022-08-22,2022-07-01,51
"4683","MATH","1401","Calculus I","Fall 2022",2022-08-22,2022-07-01,157
"4684","MATH","2411","Calculus II","Fall 2022",2022-08-22,2022-07-01,67
"4685","MATH","2830","Introductory Statistics","Fall 2022",2022-08-22,2022-07-01,119
"4686","MATH","1010","Math for Liberal Arts","Fall 2022",2022-08-22,2022-07-02,192
"4687","MATH","1060","Finite Mathematics","Fall 2022",2022-08-22,2022-07-02,163
"4688","MATH","1110","College Algebra","Fall 2022",2022-08-22,2022-07-02,51
"4689","MATH","1401","Calculus I","Fall 2022",2022-08-22,2022-07-02,160
"4690","MATH","2411","Calculus II","Fall 2022",2022-08-22,2022-07-02,68
"4691","MATH","2830","Introductory Statistics","Fall 2022",2022-08-22,2022-07-02,119
"4692","MATH","1010","Math for Liberal Arts","Fall 2022",2022-08-22,2022-07-03,192
"4693","MATH","1060","Finite Mathematics","Fall 2022",2022-08-22,2022-07-03,164
"4694","MATH","1110","College Algebra","Fall 2022",2022-08-22,2022-07-03,51
"4695","MATH","1401","Calculus I","Fall 2022",2022-08-22,2022-07-03,160
"4696","MATH","2411","Calculus II","Fall 2022",2022-08-22,2022-07-03,69
"4697","MATH","2830","Introductory Statistics","Fall 2022",2022-08-22,2022-07-03,119
"4698","MATH","1010","Math for Liberal Arts","Fall 2022",2022-08-22,2022-07-04,192
"4699","MATH","1060","Finite Mathematics","Fall 2022",2022-08-22,2022-07-04,165
"4700","MATH","1110","College Algebra","Fall 2022",2022-08-22,2022-07-04,51
"4701","MATH","1401","Calculus I","Fall 2022",2022-08-22,2022-07-04,160
"4702","MATH","2411","Calculus II","Fall 2022",2022-08-22,2022-07-04,69
"4703","MATH","2830","Introductory Statistics","Fall 2022",2022-08-22,2022-07-04,119
"4704","MATH","1010","Math for Liberal Arts","Fall 2022",2022-08-22,2022-07-05,192
"4705","MATH","1060","Finite Mathematics","Fall 2022",2022-08-22,2022-07-05,166
"4706","MATH","1110","College Algebra","Fall 2022",2022-08-22,2022-07-05,51
"4707","MATH","1401","Calculus I","Fall 2022",2022-08-22,2022-07-05,160
"4708","MATH","2411","Calculus II","Fall 2022",2022-08-22,2022-07-05,69
"4709","MATH","2830","Introductory Statistics","Fall 2022",2022-08-22,2022-07-05,119
"4710","MATH","1010","Math for Liberal Arts","Fall 2022",2022-08-22,2022-07-06,192
"4711","MATH","1060","Finite Mathematics","Fall 2022",2022-08-22,2022-07-06,168
"4712","MATH","1110","College Algebra","Fall 2022",2022-08-22,2022-07-06,51
"4713","MATH","1401","Calculus I","Fall 2022",2022-08-22,2022-07-06,161
"4714","MATH","2411","Calculus II","Fall 2022",2022-08-22,2022-07-06,70
"4715","MATH","2830","Introductory Statistics","Fall 2022",2022-08-22,2022-07-06,119
"4716","MATH","1010","Math for Liberal Arts","Fall 2022",2022-08-22,2022-07-07,194
"4717","MATH","1060","Finite Mathematics","Fall 2022",2022-08-22,2022-07-07,169
"4718","MATH","1110","College Algebra","Fall 2022",2022-08-22,2022-07-07,52
"4719","MATH","1401","Calculus I","Fall 2022",2022-08-22,2022-07-07,161
"4720","MATH","2411","Calculus II","Fall 2022",2022-08-22,2022-07-07,70
"4721","MATH","2830","Introductory Statistics","Fall 2022",2022-08-22,2022-07-07,120
"4722","MATH","1010","Math for Liberal Arts","Fall 2022",2022-08-22,2022-07-08,195
"4723","MATH","1060","Finite Mathematics","Fall 2022",2022-08-22,2022-07-08,169
"4724","MATH","1110","College Algebra","Fall 2022",2022-08-22,2022-07-08,53
"4725","MATH","1401","Calculus I","Fall 2022",2022-08-22,2022-07-08,162
"4726","MATH","2411","Calculus II","Fall 2022",2022-08-22,2022-07-08,71
"4727","MATH","2830","Introductory Statistics","Fall 2022",2022-08-22,2022-07-08,120
"4728","MATH","1010","Math for Liberal Arts","Fall 2022",2022-08-22,2022-07-09,194
"4729","MATH","1060","Finite Mathematics","Fall 2022",2022-08-22,2022-07-09,170
"4730","MATH","1110","College Algebra","Fall 2022",2022-08-22,2022-07-09,54
"4731","MATH","1401","Calculus I","Fall 2022",2022-08-22,2022-07-09,165
"4732","MATH","2411","Calculus II","Fall 2022",2022-08-22,2022-07-09,71
"4733","MATH","2830","Introductory Statistics","Fall 2022",2022-08-22,2022-07-09,120
"4734","MATH","1010","Math for Liberal Arts","Fall 2022",2022-08-22,2022-07-10,194
"4735","MATH","1060","Finite Mathematics","Fall 2022",2022-08-22,2022-07-10,171
"4736","MATH","1110","College Algebra","Fall 2022",2022-08-22,2022-07-10,55
"4737","MATH","1401","Calculus I","Fall 2022",2022-08-22,2022-07-10,166
"4738","MATH","2411","Calculus II","Fall 2022",2022-08-22,2022-07-10,72
"4739","MATH","2830","Introductory Statistics","Fall 2022",2022-08-22,2022-07-10,120
"4740","MATH","1010","Math for Liberal Arts","Fall 2022",2022-08-22,2022-07-11,193
"4741","MATH","1060","Finite Mathematics","Fall 2022",2022-08-22,2022-07-11,171
"4742","MATH","1110","College Algebra","Fall 2022",2022-08-22,2022-07-11,56
"4743","MATH","1401","Calculus I","Fall 2022",2022-08-22,2022-07-11,168
"4744","MATH","2411","Calculus II","Fall 2022",2022-08-22,2022-07-11,72
"4745","MATH","2830","Introductory Statistics","Fall 2022",2022-08-22,2022-07-11,121
"4746","MATH","1010","Math for Liberal Arts","Fall 2022",2022-08-22,2022-07-12,194
"4747","MATH","1060","Finite Mathematics","Fall 2022",2022-08-22,2022-07-12,171
"4748","MATH","1110","College Algebra","Fall 2022",2022-08-22,2022-07-12,59
"4749","MATH","1401","Calculus I","Fall 2022",2022-08-22,2022-07-12,171
"4750","MATH","2411","Calculus II","Fall 2022",2022-08-22,2022-07-12,72
"4751","MATH","2830","Introductory Statistics","Fall 2022",2022-08-22,2022-07-12,123
"4752","MATH","1010","Math for Liberal Arts","Fall 2022",2022-08-22,2022-07-13,200
"4753","MATH","1060","Finite Mathematics","Fall 2022",2022-08-22,2022-07-13,173
"4754","MATH","1110","College Algebra","Fall 2022",2022-08-22,2022-07-13,60
"4755","MATH","1401","Calculus I","Fall 2022",2022-08-22,2022-07-13,175
"4756","MATH","2411","Calculus II","Fall 2022",2022-08-22,2022-07-13,73
"4757","MATH","2830","Introductory Statistics","Fall 2022",2022-08-22,2022-07-13,133
"4758","MATH","1010","Math for Liberal Arts","Fall 2022",2022-08-22,2022-07-14,201
"4759","MATH","1060","Finite Mathematics","Fall 2022",2022-08-22,2022-07-14,176
"4760","MATH","1110","College Algebra","Fall 2022",2022-08-22,2022-07-14,61
"4761","MATH","1401","Calculus I","Fall 2022",2022-08-22,2022-07-14,182
"4762","MATH","2411","Calculus II","Fall 2022",2022-08-22,2022-07-14,73
"4763","MATH","2830","Introductory Statistics","Fall 2022",2022-08-22,2022-07-14,136
"4764","MATH","1010","Math for Liberal Arts","Fall 2022",2022-08-22,2022-07-15,206
"4765","MATH","1060","Finite Mathematics","Fall 2022",2022-08-22,2022-07-15,179
"4766","MATH","1110","College Algebra","Fall 2022",2022-08-22,2022-07-15,60
"4767","MATH","1401","Calculus I","Fall 2022",2022-08-22,2022-07-15,181
"4768","MATH","2411","Calculus II","Fall 2022",2022-08-22,2022-07-15,73
"4769","MATH","2830","Introductory Statistics","Fall 2022",2022-08-22,2022-07-15,136
"4770","MATH","1010","Math for Liberal Arts","Fall 2022",2022-08-22,2022-07-16,205
"4771","MATH","1060","Finite Mathematics","Fall 2022",2022-08-22,2022-07-16,178
"4772","MATH","1110","College Algebra","Fall 2022",2022-08-22,2022-07-16,61
"4773","MATH","1401","Calculus I","Fall 2022",2022-08-22,2022-07-16,181
"4774","MATH","2411","Calculus II","Fall 2022",2022-08-22,2022-07-16,75
"4775","MATH","2830","Introductory Statistics","Fall 2022",2022-08-22,2022-07-16,136
"4776","MATH","1010","Math for Liberal Arts","Fall 2022",2022-08-22,2022-07-17,206
"4777","MATH","1060","Finite Mathematics","Fall 2022",2022-08-22,2022-07-17,177
"4778","MATH","1110","College Algebra","Fall 2022",2022-08-22,2022-07-17,61
"4779","MATH","1401","Calculus I","Fall 2022",2022-08-22,2022-07-17,182
"4780","MATH","2411","Calculus II","Fall 2022",2022-08-22,2022-07-17,76
"4781","MATH","2830","Introductory Statistics","Fall 2022",2022-08-22,2022-07-17,136
"4782","MATH","1010","Math for Liberal Arts","Fall 2022",2022-08-22,2022-07-18,206
"4783","MATH","1060","Finite Mathematics","Fall 2022",2022-08-22,2022-07-18,177
"4784","MATH","1110","College Algebra","Fall 2022",2022-08-22,2022-07-18,61
"4785","MATH","1401","Calculus I","Fall 2022",2022-08-22,2022-07-18,182
"4786","MATH","2411","Calculus II","Fall 2022",2022-08-22,2022-07-18,76
"4787","MATH","2830","Introductory Statistics","Fall 2022",2022-08-22,2022-07-18,136
"4788","MATH","1010","Math for Liberal Arts","Fall 2022",2022-08-22,2022-07-19,208
"4789","MATH","1060","Finite Mathematics","Fall 2022",2022-08-22,2022-07-19,178
"4790","MATH","1110","College Algebra","Fall 2022",2022-08-22,2022-07-19,62
"4791","MATH","1401","Calculus I","Fall 2022",2022-08-22,2022-07-19,182
"4792","MATH","2411","Calculus II","Fall 2022",2022-08-22,2022-07-19,79
"4793","MATH","2830","Introductory Statistics","Fall 2022",2022-08-22,2022-07-19,137
"4794","MATH","1010","Math for Liberal Arts","Fall 2022",2022-08-22,2022-07-20,212
"4795","MATH","1060","Finite Mathematics","Fall 2022",2022-08-22,2022-07-20,186
"4796","MATH","1110","College Algebra","Fall 2022",2022-08-22,2022-07-20,65
"4797","MATH","1401","Calculus I","Fall 2022",2022-08-22,2022-07-20,188
"4798","MATH","2411","Calculus II","Fall 2022",2022-08-22,2022-07-20,77
"4799","MATH","2830","Introductory Statistics","Fall 2022",2022-08-22,2022-07-20,143
"4800","MATH","1010","Math for Liberal Arts","Fall 2022",2022-08-22,2022-07-21,213
"4801","MATH","1060","Finite Mathematics","Fall 2022",2022-08-22,2022-07-21,196
"4802","MATH","1110","College Algebra","Fall 2022",2022-08-22,2022-07-21,65
"4803","MATH","1401","Calculus I","Fall 2022",2022-08-22,2022-07-21,191
"4804","MATH","2411","Calculus II","Fall 2022",2022-08-22,2022-07-21,76
"4805","MATH","2830","Introductory Statistics","Fall 2022",2022-08-22,2022-07-21,145
"4806","MATH","1010","Math for Liberal Arts","Fall 2022",2022-08-22,2022-07-22,214
"4807","MATH","1060","Finite Mathematics","Fall 2022",2022-08-22,2022-07-22,199
"4808","MATH","1110","College Algebra","Fall 2022",2022-08-22,2022-07-22,65
"4809","MATH","1401","Calculus I","Fall 2022",2022-08-22,2022-07-22,190
"4810","MATH","2411","Calculus II","Fall 2022",2022-08-22,2022-07-22,78
"4811","MATH","2830","Introductory Statistics","Fall 2022",2022-08-22,2022-07-22,145
"4812","MATH","1010","Math for Liberal Arts","Fall 2022",2022-08-22,2022-07-23,213
"4813","MATH","1060","Finite Mathematics","Fall 2022",2022-08-22,2022-07-23,200
"4814","MATH","1110","College Algebra","Fall 2022",2022-08-22,2022-07-23,64
"4815","MATH","1401","Calculus I","Fall 2022",2022-08-22,2022-07-23,191
"4816","MATH","2411","Calculus II","Fall 2022",2022-08-22,2022-07-23,80
"4817","MATH","2830","Introductory Statistics","Fall 2022",2022-08-22,2022-07-23,146
"4818","MATH","1010","Math for Liberal Arts","Fall 2022",2022-08-22,2022-07-24,213
"4819","MATH","1060","Finite Mathematics","Fall 2022",2022-08-22,2022-07-24,200
"4820","MATH","1110","College Algebra","Fall 2022",2022-08-22,2022-07-24,64
"4821","MATH","1401","Calculus I","Fall 2022",2022-08-22,2022-07-24,191
"4822","MATH","2411","Calculus II","Fall 2022",2022-08-22,2022-07-24,81
"4823","MATH","2830","Introductory Statistics","Fall 2022",2022-08-22,2022-07-24,146
"4824","MATH","1010","Math for Liberal Arts","Fall 2022",2022-08-22,2022-07-25,213
"4825","MATH","1060","Finite Mathematics","Fall 2022",2022-08-22,2022-07-25,202
"4826","MATH","1110","College Algebra","Fall 2022",2022-08-22,2022-07-25,64
"4827","MATH","1401","Calculus I","Fall 2022",2022-08-22,2022-07-25,193
"4828","MATH","2411","Calculus II","Fall 2022",2022-08-22,2022-07-25,83
"4829","MATH","2830","Introductory Statistics","Fall 2022",2022-08-22,2022-07-25,146
"4830","MATH","1010","Math for Liberal Arts","Fall 2022",2022-08-22,2022-07-26,213
"4831","MATH","1060","Finite Mathematics","Fall 2022",2022-08-22,2022-07-26,203
"4832","MATH","1110","College Algebra","Fall 2022",2022-08-22,2022-07-26,63
"4833","MATH","1401","Calculus I","Fall 2022",2022-08-22,2022-07-26,192
"4834","MATH","2411","Calculus II","Fall 2022",2022-08-22,2022-07-26,83
"4835","MATH","2830","Introductory Statistics","Fall 2022",2022-08-22,2022-07-26,145
"4836","MATH","1010","Math for Liberal Arts","Fall 2022",2022-08-22,2022-07-27,221
"4837","MATH","1060","Finite Mathematics","Fall 2022",2022-08-22,2022-07-27,205
"4838","MATH","1110","College Algebra","Fall 2022",2022-08-22,2022-07-27,65
"4839","MATH","1401","Calculus I","Fall 2022",2022-08-22,2022-07-27,200
"4840","MATH","2411","Calculus II","Fall 2022",2022-08-22,2022-07-27,83
"4841","MATH","2830","Introductory Statistics","Fall 2022",2022-08-22,2022-07-27,153
"4842","MATH","1010","Math for Liberal Arts","Fall 2022",2022-08-22,2022-07-28,222
"4843","MATH","1060","Finite Mathematics","Fall 2022",2022-08-22,2022-07-28,206
"4844","MATH","1110","College Algebra","Fall 2022",2022-08-22,2022-07-28,68
"4845","MATH","1401","Calculus I","Fall 2022",2022-08-22,2022-07-28,209
"4846","MATH","2411","Calculus II","Fall 2022",2022-08-22,2022-07-28,85
"4847","MATH","2830","Introductory Statistics","Fall 2022",2022-08-22,2022-07-28,155
"4848","MATH","1010","Math for Liberal Arts","Fall 2022",2022-08-22,2022-07-29,225
"4849","MATH","1060","Finite Mathematics","Fall 2022",2022-08-22,2022-07-29,210
"4850","MATH","1110","College Algebra","Fall 2022",2022-08-22,2022-07-29,68
"4851","MATH","1401","Calculus I","Fall 2022",2022-08-22,2022-07-29,214
"4852","MATH","2411","Calculus II","Fall 2022",2022-08-22,2022-07-29,86
"4853","MATH","2830","Introductory Statistics","Fall 2022",2022-08-22,2022-07-29,155
"4854","MATH","1010","Math for Liberal Arts","Fall 2022",2022-08-22,2022-07-30,229
"4855","MATH","1060","Finite Mathematics","Fall 2022",2022-08-22,2022-07-30,209
"4856","MATH","1110","College Algebra","Fall 2022",2022-08-22,2022-07-30,70
"4857","MATH","1401","Calculus I","Fall 2022",2022-08-22,2022-07-30,217
"4858","MATH","2411","Calculus II","Fall 2022",2022-08-22,2022-07-30,86
"4859","MATH","2830","Introductory Statistics","Fall 2022",2022-08-22,2022-07-30,156
"4860","MATH","1010","Math for Liberal Arts","Fall 2022",2022-08-22,2022-07-31,229
"4861","MATH","1060","Finite Mathematics","Fall 2022",2022-08-22,2022-07-31,210
"4862","MATH","1110","College Algebra","Fall 2022",2022-08-22,2022-07-31,71
"4863","MATH","1401","Calculus I","Fall 2022",2022-08-22,2022-07-31,216
"4864","MATH","2411","Calculus II","Fall 2022",2022-08-22,2022-07-31,85
"4865","MATH","2830","Introductory Statistics","Fall 2022",2022-08-22,2022-07-31,156
"4866","MATH","1010","Math for Liberal Arts","Fall 2022",2022-08-22,2022-08-01,227
"4867","MATH","1060","Finite Mathematics","Fall 2022",2022-08-22,2022-08-01,211
"4868","MATH","1110","College Algebra","Fall 2022",2022-08-22,2022-08-01,71
"4869","MATH","1401","Calculus I","Fall 2022",2022-08-22,2022-08-01,217
"4870","MATH","2411","Calculus II","Fall 2022",2022-08-22,2022-08-01,85
"4871","MATH","2830","Introductory Statistics","Fall 2022",2022-08-22,2022-08-01,156
"4872","MATH","1010","Math for Liberal Arts","Fall 2022",2022-08-22,2022-08-02,228
"4873","MATH","1060","Finite Mathematics","Fall 2022",2022-08-22,2022-08-02,214
"4874","MATH","1110","College Algebra","Fall 2022",2022-08-22,2022-08-02,74
"4875","MATH","1401","Calculus I","Fall 2022",2022-08-22,2022-08-02,218
"4876","MATH","2411","Calculus II","Fall 2022",2022-08-22,2022-08-02,87
"4877","MATH","2830","Introductory Statistics","Fall 2022",2022-08-22,2022-08-02,161
"4878","MATH","1010","Math for Liberal Arts","Fall 2022",2022-08-22,2022-08-03,240
"4879","MATH","1060","Finite Mathematics","Fall 2022",2022-08-22,2022-08-03,221
"4880","MATH","1110","College Algebra","Fall 2022",2022-08-22,2022-08-03,75
"4881","MATH","1401","Calculus I","Fall 2022",2022-08-22,2022-08-03,221
"4882","MATH","2411","Calculus II","Fall 2022",2022-08-22,2022-08-03,88
"4883","MATH","2830","Introductory Statistics","Fall 2022",2022-08-22,2022-08-03,167
"4884","MATH","1010","Math for Liberal Arts","Fall 2022",2022-08-22,2022-08-04,241
"4885","MATH","1060","Finite Mathematics","Fall 2022",2022-08-22,2022-08-04,226
"4886","MATH","1110","College Algebra","Fall 2022",2022-08-22,2022-08-04,76
"4887","MATH","1401","Calculus I","Fall 2022",2022-08-22,2022-08-04,224
"4888","MATH","2411","Calculus II","Fall 2022",2022-08-22,2022-08-04,88
"4889","MATH","2830","Introductory Statistics","Fall 2022",2022-08-22,2022-08-04,168
"4890","MATH","1010","Math for Liberal Arts","Fall 2022",2022-08-22,2022-08-05,246
"4891","MATH","1060","Finite Mathematics","Fall 2022",2022-08-22,2022-08-05,229
"4892","MATH","1110","College Algebra","Fall 2022",2022-08-22,2022-08-05,79
"4893","MATH","1401","Calculus I","Fall 2022",2022-08-22,2022-08-05,227
"4894","MATH","2411","Calculus II","Fall 2022",2022-08-22,2022-08-05,92
"4895","MATH","2830","Introductory Statistics","Fall 2022",2022-08-22,2022-08-05,170
"4896","MATH","1010","Math for Liberal Arts","Fall 2022",2022-08-22,2022-08-06,250
"4897","MATH","1060","Finite Mathematics","Fall 2022",2022-08-22,2022-08-06,236
"4898","MATH","1110","College Algebra","Fall 2022",2022-08-22,2022-08-06,81
"4899","MATH","1401","Calculus I","Fall 2022",2022-08-22,2022-08-06,227
"4900","MATH","2411","Calculus II","Fall 2022",2022-08-22,2022-08-06,94
"4901","MATH","2830","Introductory Statistics","Fall 2022",2022-08-22,2022-08-06,175
"4902","MATH","1010","Math for Liberal Arts","Fall 2022",2022-08-22,2022-08-07,251
"4903","MATH","1060","Finite Mathematics","Fall 2022",2022-08-22,2022-08-07,236
"4904","MATH","1110","College Algebra","Fall 2022",2022-08-22,2022-08-07,82
"4905","MATH","1401","Calculus I","Fall 2022",2022-08-22,2022-08-07,228
"4906","MATH","2411","Calculus II","Fall 2022",2022-08-22,2022-08-07,94
"4907","MATH","2830","Introductory Statistics","Fall 2022",2022-08-22,2022-08-07,175
"4908","MATH","1010","Math for Liberal Arts","Fall 2022",2022-08-22,2022-08-08,251
"4909","MATH","1060","Finite Mathematics","Fall 2022",2022-08-22,2022-08-08,236
"4910","MATH","1110","College Algebra","Fall 2022",2022-08-22,2022-08-08,83
"4911","MATH","1401","Calculus I","Fall 2022",2022-08-22,2022-08-08,228
"4912","MATH","2411","Calculus II","Fall 2022",2022-08-22,2022-08-08,94
"4913","MATH","2830","Introductory Statistics","Fall 2022",2022-08-22,2022-08-08,176
"4914","MATH","1010","Math for Liberal Arts","Fall 2022",2022-08-22,2022-08-09,251
"4915","MATH","1060","Finite Mathematics","Fall 2022",2022-08-22,2022-08-09,238
"4916","MATH","1110","College Algebra","Fall 2022",2022-08-22,2022-08-09,83
"4917","MATH","1401","Calculus I","Fall 2022",2022-08-22,2022-08-09,227
"4918","MATH","2411","Calculus II","Fall 2022",2022-08-22,2022-08-09,97
"4919","MATH","2830","Introductory Statistics","Fall 2022",2022-08-22,2022-08-09,175
"4920","MATH","1010","Math for Liberal Arts","Fall 2022",2022-08-22,2022-08-10,256
"4921","MATH","1060","Finite Mathematics","Fall 2022",2022-08-22,2022-08-10,241
"4922","MATH","1110","College Algebra","Fall 2022",2022-08-22,2022-08-10,85
"4923","MATH","1401","Calculus I","Fall 2022",2022-08-22,2022-08-10,228
"4924","MATH","2411","Calculus II","Fall 2022",2022-08-22,2022-08-10,98
"4925","MATH","2830","Introductory Statistics","Fall 2022",2022-08-22,2022-08-10,171
"4926","MATH","1010","Math for Liberal Arts","Fall 2022",2022-08-22,2022-08-11,260
"4927","MATH","1060","Finite Mathematics","Fall 2022",2022-08-22,2022-08-11,246
"4928","MATH","1110","College Algebra","Fall 2022",2022-08-22,2022-08-11,86
"4929","MATH","1401","Calculus I","Fall 2022",2022-08-22,2022-08-11,228
"4930","MATH","2411","Calculus II","Fall 2022",2022-08-22,2022-08-11,99
"4931","MATH","2830","Introductory Statistics","Fall 2022",2022-08-22,2022-08-11,170
"4932","MATH","1010","Math for Liberal Arts","Fall 2022",2022-08-22,2022-08-12,264
"4933","MATH","1060","Finite Mathematics","Fall 2022",2022-08-22,2022-08-12,249
"4934","MATH","1110","College Algebra","Fall 2022",2022-08-22,2022-08-12,90
"4935","MATH","1401","Calculus I","Fall 2022",2022-08-22,2022-08-12,228
"4936","MATH","2411","Calculus II","Fall 2022",2022-08-22,2022-08-12,100
"4937","MATH","2830","Introductory Statistics","Fall 2022",2022-08-22,2022-08-12,175
"4938","MATH","1010","Math for Liberal Arts","Fall 2022",2022-08-22,2022-08-13,265
"4939","MATH","1060","Finite Mathematics","Fall 2022",2022-08-22,2022-08-13,255
"4940","MATH","1110","College Algebra","Fall 2022",2022-08-22,2022-08-13,90
"4941","MATH","1401","Calculus I","Fall 2022",2022-08-22,2022-08-13,228
"4942","MATH","2411","Calculus II","Fall 2022",2022-08-22,2022-08-13,100
"4943","MATH","2830","Introductory Statistics","Fall 2022",2022-08-22,2022-08-13,174
"4944","MATH","1010","Math for Liberal Arts","Fall 2022",2022-08-22,2022-08-14,266
"4945","MATH","1060","Finite Mathematics","Fall 2022",2022-08-22,2022-08-14,256
"4946","MATH","1110","College Algebra","Fall 2022",2022-08-22,2022-08-14,89
"4947","MATH","1401","Calculus I","Fall 2022",2022-08-22,2022-08-14,228
"4948","MATH","2411","Calculus II","Fall 2022",2022-08-22,2022-08-14,100
"4949","MATH","2830","Introductory Statistics","Fall 2022",2022-08-22,2022-08-14,172
"4950","MATH","1010","Math for Liberal Arts","Fall 2022",2022-08-22,2022-08-15,267
"4951","MATH","1060","Finite Mathematics","Fall 2022",2022-08-22,2022-08-15,256
"4952","MATH","1110","College Algebra","Fall 2022",2022-08-22,2022-08-15,89
"4953","MATH","1401","Calculus I","Fall 2022",2022-08-22,2022-08-15,227
"4954","MATH","2411","Calculus II","Fall 2022",2022-08-22,2022-08-15,102
"4955","MATH","2830","Introductory Statistics","Fall 2022",2022-08-22,2022-08-15,173
"4956","MATH","1010","Math for Liberal Arts","Fall 2022",2022-08-22,2022-08-16,271
"4957","MATH","1060","Finite Mathematics","Fall 2022",2022-08-22,2022-08-16,258
"4958","MATH","1110","College Algebra","Fall 2022",2022-08-22,2022-08-16,88
"4959","MATH","1401","Calculus I","Fall 2022",2022-08-22,2022-08-16,229
"4960","MATH","2411","Calculus II","Fall 2022",2022-08-22,2022-08-16,105
"4961","MATH","2830","Introductory Statistics","Fall 2022",2022-08-22,2022-08-16,173
"4962","MATH","1010","Math for Liberal Arts","Fall 2022",2022-08-22,2022-08-17,271
"4963","MATH","1060","Finite Mathematics","Fall 2022",2022-08-22,2022-08-17,261
"4964","MATH","1110","College Algebra","Fall 2022",2022-08-22,2022-08-17,95
"4965","MATH","1401","Calculus I","Fall 2022",2022-08-22,2022-08-17,234
"4966","MATH","2411","Calculus II","Fall 2022",2022-08-22,2022-08-17,108
"4967","MATH","2830","Introductory Statistics","Fall 2022",2022-08-22,2022-08-17,178
"4968","MATH","1010","Math for Liberal Arts","Fall 2022",2022-08-22,2022-08-18,273
"4969","MATH","1060","Finite Mathematics","Fall 2022",2022-08-22,2022-08-18,263
"4970","MATH","1110","College Algebra","Fall 2022",2022-08-22,2022-08-18,101
"4971","MATH","1401","Calculus I","Fall 2022",2022-08-22,2022-08-18,236
"4972","MATH","2411","Calculus II","Fall 2022",2022-08-22,2022-08-18,107
"4973","MATH","2830","Introductory Statistics","Fall 2022",2022-08-22,2022-08-18,179
"4974","MATH","1010","Math for Liberal Arts","Fall 2022",2022-08-22,2022-08-19,276
"4975","MATH","1060","Finite Mathematics","Fall 2022",2022-08-22,2022-08-19,270
"4976","MATH","1110","College Algebra","Fall 2022",2022-08-22,2022-08-19,105
"4977","MATH","1401","Calculus I","Fall 2022",2022-08-22,2022-08-19,244
"4978","MATH","2411","Calculus II","Fall 2022",2022-08-22,2022-08-19,109
"4979","MATH","2830","Introductory Statistics","Fall 2022",2022-08-22,2022-08-19,179
"4980","MATH","1010","Math for Liberal Arts","Fall 2022",2022-08-22,2022-08-20,278
"4981","MATH","1060","Finite Mathematics","Fall 2022",2022-08-22,2022-08-20,270
"4982","MATH","1110","College Algebra","Fall 2022",2022-08-22,2022-08-20,105
"4983","MATH","1401","Calculus I","Fall 2022",2022-08-22,2022-08-20,247
"4984","MATH","2411","Calculus II","Fall 2022",2022-08-22,2022-08-20,112
"4985","MATH","2830","Introductory Statistics","Fall 2022",2022-08-22,2022-08-20,181
"4986","MATH","1010","Math for Liberal Arts","Fall 2022",2022-08-22,2022-08-21,278
"4987","MATH","1060","Finite Mathematics","Fall 2022",2022-08-22,2022-08-21,274
"4988","MATH","1110","College Algebra","Fall 2022",2022-08-22,2022-08-21,104
"4989","MATH","1401","Calculus I","Fall 2022",2022-08-22,2022-08-21,247
"4990","MATH","2411","Calculus II","Fall 2022",2022-08-22,2022-08-21,111
"4991","MATH","2830","Introductory Statistics","Fall 2022",2022-08-22,2022-08-21,179
"4992","MATH","1010","Math for Liberal Arts","Fall 2022",2022-08-22,2022-08-22,279
"4993","MATH","1060","Finite Mathematics","Fall 2022",2022-08-22,2022-08-22,274
"4994","MATH","1110","College Algebra","Fall 2022",2022-08-22,2022-08-22,104
"4995","MATH","1401","Calculus I","Fall 2022",2022-08-22,2022-08-22,246
"4996","MATH","2411","Calculus II","Fall 2022",2022-08-22,2022-08-22,109
"4997","MATH","2830","Introductory Statistics","Fall 2022",2022-08-22,2022-08-22,184
"4998","MATH","1010","Math for Liberal Arts","Fall 2022",2022-08-22,2022-08-23,278
"4999","MATH","1060","Finite Mathematics","Fall 2022",2022-08-22,2022-08-23,276
"5000","MATH","1110","College Algebra","Fall 2022",2022-08-22,2022-08-23,106
"5001","MATH","1401","Calculus I","Fall 2022",2022-08-22,2022-08-23,253
"5002","MATH","2411","Calculus II","Fall 2022",2022-08-22,2022-08-23,105
"5003","MATH","2830","Introductory Statistics","Fall 2022",2022-08-22,2022-08-23,189
"5004","MATH","1010","Math for Liberal Arts","Fall 2022",2022-08-22,2022-08-24,279
"5005","MATH","1060","Finite Mathematics","Fall 2022",2022-08-22,2022-08-24,277
"5006","MATH","1110","College Algebra","Fall 2022",2022-08-22,2022-08-24,109
"5007","MATH","1401","Calculus I","Fall 2022",2022-08-22,2022-08-24,258
"5008","MATH","2411","Calculus II","Fall 2022",2022-08-22,2022-08-24,110
"5009","MATH","2830","Introductory Statistics","Fall 2022",2022-08-22,2022-08-24,190
"5010","MATH","1010","Math for Liberal Arts","Fall 2022",2022-08-22,2022-08-25,274
"5011","MATH","1060","Finite Mathematics","Fall 2022",2022-08-22,2022-08-25,274
"5012","MATH","1110","College Algebra","Fall 2022",2022-08-22,2022-08-25,111
"5013","MATH","1401","Calculus I","Fall 2022",2022-08-22,2022-08-25,260
"5014","MATH","2411","Calculus II","Fall 2022",2022-08-22,2022-08-25,108
"5015","MATH","2830","Introductory Statistics","Fall 2022",2022-08-22,2022-08-25,188
"5016","MATH","1010","Math for Liberal Arts","Fall 2022",2022-08-22,2022-08-26,275
"5017","MATH","1060","Finite Mathematics","Fall 2022",2022-08-22,2022-08-26,272
"5018","MATH","1110","College Algebra","Fall 2022",2022-08-22,2022-08-26,111
"5019","MATH","1401","Calculus I","Fall 2022",2022-08-22,2022-08-26,258
"5020","MATH","2411","Calculus II","Fall 2022",2022-08-22,2022-08-26,108
"5021","MATH","2830","Introductory Statistics","Fall 2022",2022-08-22,2022-08-26,187
"5022","MATH","1010","Math for Liberal Arts","Fall 2022",2022-08-22,2022-08-27,275
"5023","MATH","1060","Finite Mathematics","Fall 2022",2022-08-22,2022-08-27,274
"5024","MATH","1110","College Algebra","Fall 2022",2022-08-22,2022-08-27,115
"5025","MATH","1401","Calculus I","Fall 2022",2022-08-22,2022-08-27,256
"5026","MATH","2411","Calculus II","Fall 2022",2022-08-22,2022-08-27,108
"5027","MATH","2830","Introductory Statistics","Fall 2022",2022-08-22,2022-08-27,188
"5028","MATH","1010","Math for Liberal Arts","Fall 2022",2022-08-22,2022-08-28,275
"5029","MATH","1060","Finite Mathematics","Fall 2022",2022-08-22,2022-08-28,274
"5030","MATH","1110","College Algebra","Fall 2022",2022-08-22,2022-08-28,114
"5031","MATH","1401","Calculus I","Fall 2022",2022-08-22,2022-08-28,257
"5032","MATH","2411","Calculus II","Fall 2022",2022-08-22,2022-08-28,107
"5033","MATH","2830","Introductory Statistics","Fall 2022",2022-08-22,2022-08-28,187
"5034","MATH","1010","Math for Liberal Arts","Fall 2022",2022-08-22,2022-08-29,277
"5035","MATH","1060","Finite Mathematics","Fall 2022",2022-08-22,2022-08-29,273
"5036","MATH","1110","College Algebra","Fall 2022",2022-08-22,2022-08-29,116
"5037","MATH","1401","Calculus I","Fall 2022",2022-08-22,2022-08-29,256
"5038","MATH","2411","Calculus II","Fall 2022",2022-08-22,2022-08-29,107
"5039","MATH","2830","Introductory Statistics","Fall 2022",2022-08-22,2022-08-29,188
"5040","MATH","1010","Math for Liberal Arts","Fall 2022",2022-08-22,2022-08-30,277
"5041","MATH","1060","Finite Mathematics","Fall 2022",2022-08-22,2022-08-30,270
"5042","MATH","1110","College Algebra","Fall 2022",2022-08-22,2022-08-30,115
"5043","MATH","1401","Calculus I","Fall 2022",2022-08-22,2022-08-30,254
"5044","MATH","2411","Calculus II","Fall 2022",2022-08-22,2022-08-30,107
"5045","MATH","2830","Introductory Statistics","Fall 2022",2022-08-22,2022-08-30,188
"5046","MATH","1010","Math for Liberal Arts","Fall 2022",2022-08-22,2022-08-31,277
"5047","MATH","1060","Finite Mathematics","Fall 2022",2022-08-22,2022-08-31,269
"5048","MATH","1110","College Algebra","Fall 2022",2022-08-22,2022-08-31,114
"5049","MATH","1401","Calculus I","Fall 2022",2022-08-22,2022-08-31,254
"5050","MATH","2411","Calculus II","Fall 2022",2022-08-22,2022-08-31,109
"5051","MATH","2830","Introductory Statistics","Fall 2022",2022-08-22,2022-08-31,187
"5052","MATH","1010","Math for Liberal Arts","Fall 2022",2022-08-22,2022-09-01,276
"5053","MATH","1060","Finite Mathematics","Fall 2022",2022-08-22,2022-09-01,268
"5054","MATH","1110","College Algebra","Fall 2022",2022-08-22,2022-09-01,113
"5055","MATH","1401","Calculus I","Fall 2022",2022-08-22,2022-09-01,254
"5056","MATH","2411","Calculus II","Fall 2022",2022-08-22,2022-09-01,110
"5057","MATH","2830","Introductory Statistics","Fall 2022",2022-08-22,2022-09-01,187
"5058","MATH","1010","Math for Liberal Arts","Fall 2022",2022-08-22,2022-09-02,275
"5059","MATH","1060","Finite Mathematics","Fall 2022",2022-08-22,2022-09-02,268
"5060","MATH","1110","College Algebra","Fall 2022",2022-08-22,2022-09-02,113
"5061","MATH","1401","Calculus I","Fall 2022",2022-08-22,2022-09-02,255
"5062","MATH","2411","Calculus II","Fall 2022",2022-08-22,2022-09-02,109
"5063","MATH","2830","Introductory Statistics","Fall 2022",2022-08-22,2022-09-02,187
"5064","MATH","1010","Math for Liberal Arts","Fall 2022",2022-08-22,2022-09-03,274
"5065","MATH","1060","Finite Mathematics","Fall 2022",2022-08-22,2022-09-03,270
"5066","MATH","1110","College Algebra","Fall 2022",2022-08-22,2022-09-03,113
"5067","MATH","1401","Calculus I","Fall 2022",2022-08-22,2022-09-03,255
"5068","MATH","2411","Calculus II","Fall 2022",2022-08-22,2022-09-03,108
"5069","MATH","2830","Introductory Statistics","Fall 2022",2022-08-22,2022-09-03,187
"5070","MATH","1010","Math for Liberal Arts","Fall 2022",2022-08-22,2022-09-04,273
"5071","MATH","1060","Finite Mathematics","Fall 2022",2022-08-22,2022-09-04,270
"5072","MATH","1110","College Algebra","Fall 2022",2022-08-22,2022-09-04,112
"5073","MATH","1401","Calculus I","Fall 2022",2022-08-22,2022-09-04,255
"5074","MATH","2411","Calculus II","Fall 2022",2022-08-22,2022-09-04,108
"5075","MATH","2830","Introductory Statistics","Fall 2022",2022-08-22,2022-09-04,187
"5076","MATH","1010","Math for Liberal Arts","Fall 2022",2022-08-22,2022-09-05,273
"5077","MATH","1060","Finite Mathematics","Fall 2022",2022-08-22,2022-09-05,270
"5078","MATH","1110","College Algebra","Fall 2022",2022-08-22,2022-09-05,112
"5079","MATH","1401","Calculus I","Fall 2022",2022-08-22,2022-09-05,255
"5080","MATH","2411","Calculus II","Fall 2022",2022-08-22,2022-09-05,108
"5081","MATH","2830","Introductory Statistics","Fall 2022",2022-08-22,2022-09-05,187
"5082","MATH","1010","Math for Liberal Arts","Fall 2022",2022-08-22,2022-09-06,273
"5083","MATH","1060","Finite Mathematics","Fall 2022",2022-08-22,2022-09-06,270
"5084","MATH","1110","College Algebra","Fall 2022",2022-08-22,2022-09-06,112
"5085","MATH","1401","Calculus I","Fall 2022",2022-08-22,2022-09-06,255
"5086","MATH","2411","Calculus II","Fall 2022",2022-08-22,2022-09-06,108
"5087","MATH","2830","Introductory Statistics","Fall 2022",2022-08-22,2022-09-06,187
"5088","MATH","1010","Math for Liberal Arts","Fall 2022",2022-08-22,2022-09-07,273
"5089","MATH","1060","Finite Mathematics","Fall 2022",2022-08-22,2022-09-07,268
"5090","MATH","1110","College Algebra","Fall 2022",2022-08-22,2022-09-07,112
"5091","MATH","1401","Calculus I","Fall 2022",2022-08-22,2022-09-07,256
"5092","MATH","2411","Calculus II","Fall 2022",2022-08-22,2022-09-07,108
"5093","MATH","2830","Introductory Statistics","Fall 2022",2022-08-22,2022-09-07,187
"5094","MATH","1010","Math for Liberal Arts","Fall 2022",2022-08-22,2022-09-08,272
"5095","MATH","1060","Finite Mathematics","Fall 2022",2022-08-22,2022-09-08,266
"5096","MATH","1110","College Algebra","Fall 2022",2022-08-22,2022-09-08,112
"5097","MATH","1401","Calculus I","Fall 2022",2022-08-22,2022-09-08,255
"5098","MATH","2411","Calculus II","Fall 2022",2022-08-22,2022-09-08,108
"5099","MATH","2830","Introductory Statistics","Fall 2022",2022-08-22,2022-09-08,184
"5100","MATH","1010","Math for Liberal Arts","Fall 2022",2022-08-22,2022-09-09,272
"5101","MATH","1060","Finite Mathematics","Fall 2022",2022-08-22,2022-09-09,266
"5102","MATH","1110","College Algebra","Fall 2022",2022-08-22,2022-09-09,112
"5103","MATH","1401","Calculus I","Fall 2022",2022-08-22,2022-09-09,255
"5104","MATH","2411","Calculus II","Fall 2022",2022-08-22,2022-09-09,109
"5105","MATH","2830","Introductory Statistics","Fall 2022",2022-08-22,2022-09-09,184
"5106","MATH","1010","Math for Liberal Arts","Fall 2022",2022-08-22,2022-09-10,272
"5107","MATH","1060","Finite Mathematics","Fall 2022",2022-08-22,2022-09-10,266
"5108","MATH","1110","College Algebra","Fall 2022",2022-08-22,2022-09-10,112
"5109","MATH","1401","Calculus I","Fall 2022",2022-08-22,2022-09-10,256
"5110","MATH","2411","Calculus II","Fall 2022",2022-08-22,2022-09-10,109
"5111","MATH","2830","Introductory Statistics","Fall 2022",2022-08-22,2022-09-10,184
"5112","MATH","1010","Math for Liberal Arts","Fall 2022",2022-08-22,2022-09-11,272
"5113","MATH","1060","Finite Mathematics","Fall 2022",2022-08-22,2022-09-11,266
"5114","MATH","1110","College Algebra","Fall 2022",2022-08-22,2022-09-11,112
"5115","MATH","1401","Calculus I","Fall 2022",2022-08-22,2022-09-11,256
"5116","MATH","2411","Calculus II","Fall 2022",2022-08-22,2022-09-11,109
"5117","MATH","2830","Introductory Statistics","Fall 2022",2022-08-22,2022-09-11,184
"5118","MATH","1010","Math for Liberal Arts","Fall 2022",2022-08-22,2022-09-12,272
"5119","MATH","1060","Finite Mathematics","Fall 2022",2022-08-22,2022-09-12,266
"5120","MATH","1110","College Algebra","Fall 2022",2022-08-22,2022-09-12,112
"5121","MATH","1401","Calculus I","Fall 2022",2022-08-22,2022-09-12,256
"5122","MATH","2411","Calculus II","Fall 2022",2022-08-22,2022-09-12,109
"5123","MATH","2830","Introductory Statistics","Fall 2022",2022-08-22,2022-09-12,184
"5124","MATH","1010","Math for Liberal Arts","Fall 2022",2022-08-22,2022-09-13,272
"5125","MATH","1060","Finite Mathematics","Fall 2022",2022-08-22,2022-09-13,266
"5126","MATH","1110","College Algebra","Fall 2022",2022-08-22,2022-09-13,112
"5127","MATH","1401","Calculus I","Fall 2022",2022-08-22,2022-09-13,256
"5128","MATH","2411","Calculus II","Fall 2022",2022-08-22,2022-09-13,109
"5129","MATH","2830","Introductory Statistics","Fall 2022",2022-08-22,2022-09-13,184
"5130","MATH","1010","Math for Liberal Arts","Fall 2022",2022-08-22,2022-09-14,272
"5131","MATH","1060","Finite Mathematics","Fall 2022",2022-08-22,2022-09-14,266
"5132","MATH","1110","College Algebra","Fall 2022",2022-08-22,2022-09-14,112
"5133","MATH","1401","Calculus I","Fall 2022",2022-08-22,2022-09-14,256
"5134","MATH","2411","Calculus II","Fall 2022",2022-08-22,2022-09-14,109
"5135","MATH","2830","Introductory Statistics","Fall 2022",2022-08-22,2022-09-14,184
"5136","MATH","1010","Math for Liberal Arts","Fall 2022",2022-08-22,2022-09-15,271
"5137","MATH","1060","Finite Mathematics","Fall 2022",2022-08-22,2022-09-15,266
"5138","MATH","1110","College Algebra","Fall 2022",2022-08-22,2022-09-15,112
"5139","MATH","1401","Calculus I","Fall 2022",2022-08-22,2022-09-15,256
"5140","MATH","2411","Calculus II","Fall 2022",2022-08-22,2022-09-15,109
"5141","MATH","2830","Introductory Statistics","Fall 2022",2022-08-22,2022-09-15,184
"5142","MATH","1010","Math for Liberal Arts","Fall 2022",2022-08-22,2022-09-16,271
"5143","MATH","1060","Finite Mathematics","Fall 2022",2022-08-22,2022-09-16,266
"5144","MATH","1110","College Algebra","Fall 2022",2022-08-22,2022-09-16,112
"5145","MATH","1401","Calculus I","Fall 2022",2022-08-22,2022-09-16,256
"5146","MATH","2411","Calculus II","Fall 2022",2022-08-22,2022-09-16,109
"5147","MATH","2830","Introductory Statistics","Fall 2022",2022-08-22,2022-09-16,184
"5148","MATH","1010","Math for Liberal Arts","Fall 2022",2022-08-22,2022-09-17,271
"5149","MATH","1060","Finite Mathematics","Fall 2022",2022-08-22,2022-09-17,266
"5150","MATH","1110","College Algebra","Fall 2022",2022-08-22,2022-09-17,112
"5151","MATH","1401","Calculus I","Fall 2022",2022-08-22,2022-09-17,256
"5152","MATH","2411","Calculus II","Fall 2022",2022-08-22,2022-09-17,109
"5153","MATH","2830","Introductory Statistics","Fall 2022",2022-08-22,2022-09-17,184
"5154","MATH","1010","Math for Liberal Arts","Spring 2023",2023-01-17,2022-11-02,6
"5155","MATH","1110","College Algebra","Spring 2023",2023-01-17,2022-11-02,1
"5156","MATH","1401","Calculus I","Spring 2023",2023-01-17,2022-11-02,6
"5157","MATH","2411","Calculus II","Spring 2023",2023-01-17,2022-11-02,5
"5158","MATH","2830","Introductory Statistics","Spring 2023",2023-01-17,2022-11-02,3
"5159","MATH","1010","Math for Liberal Arts","Spring 2023",2023-01-17,2022-11-03,8
"5160","MATH","1060","Finite Mathematics","Spring 2023",2023-01-17,2022-11-03,1
"5161","MATH","1110","College Algebra","Spring 2023",2023-01-17,2022-11-03,1
"5162","MATH","1401","Calculus I","Spring 2023",2023-01-17,2022-11-03,6
"5163","MATH","2411","Calculus II","Spring 2023",2023-01-17,2022-11-03,6
"5164","MATH","2830","Introductory Statistics","Spring 2023",2023-01-17,2022-11-03,6
"5165","MATH","1010","Math for Liberal Arts","Spring 2023",2023-01-17,2022-11-04,8
"5166","MATH","1060","Finite Mathematics","Spring 2023",2023-01-17,2022-11-04,2
"5167","MATH","1110","College Algebra","Spring 2023",2023-01-17,2022-11-04,1
"5168","MATH","1401","Calculus I","Spring 2023",2023-01-17,2022-11-04,7
"5169","MATH","2411","Calculus II","Spring 2023",2023-01-17,2022-11-04,6
"5170","MATH","2830","Introductory Statistics","Spring 2023",2023-01-17,2022-11-04,6
"5171","MATH","1010","Math for Liberal Arts","Spring 2023",2023-01-17,2022-11-05,8
"5172","MATH","1060","Finite Mathematics","Spring 2023",2023-01-17,2022-11-05,2
"5173","MATH","1110","College Algebra","Spring 2023",2023-01-17,2022-11-05,1
"5174","MATH","1401","Calculus I","Spring 2023",2023-01-17,2022-11-05,8
"5175","MATH","2411","Calculus II","Spring 2023",2023-01-17,2022-11-05,8
"5176","MATH","2830","Introductory Statistics","Spring 2023",2023-01-17,2022-11-05,7
"5177","MATH","1010","Math for Liberal Arts","Spring 2023",2023-01-17,2022-11-06,8
"5178","MATH","1060","Finite Mathematics","Spring 2023",2023-01-17,2022-11-06,2
"5179","MATH","1110","College Algebra","Spring 2023",2023-01-17,2022-11-06,1
"5180","MATH","1401","Calculus I","Spring 2023",2023-01-17,2022-11-06,9
"5181","MATH","2411","Calculus II","Spring 2023",2023-01-17,2022-11-06,8
"5182","MATH","2830","Introductory Statistics","Spring 2023",2023-01-17,2022-11-06,7
"5183","MATH","1010","Math for Liberal Arts","Spring 2023",2023-01-17,2022-11-07,8
"5184","MATH","1060","Finite Mathematics","Spring 2023",2023-01-17,2022-11-07,3
"5185","MATH","1110","College Algebra","Spring 2023",2023-01-17,2022-11-07,1
"5186","MATH","1401","Calculus I","Spring 2023",2023-01-17,2022-11-07,9
"5187","MATH","2411","Calculus II","Spring 2023",2023-01-17,2022-11-07,8
"5188","MATH","2830","Introductory Statistics","Spring 2023",2023-01-17,2022-11-07,7
"5189","MATH","1010","Math for Liberal Arts","Spring 2023",2023-01-17,2022-11-08,9
"5190","MATH","1060","Finite Mathematics","Spring 2023",2023-01-17,2022-11-08,3
"5191","MATH","1110","College Algebra","Spring 2023",2023-01-17,2022-11-08,1
"5192","MATH","1401","Calculus I","Spring 2023",2023-01-17,2022-11-08,12
"5193","MATH","2411","Calculus II","Spring 2023",2023-01-17,2022-11-08,11
"5194","MATH","2830","Introductory Statistics","Spring 2023",2023-01-17,2022-11-08,7
"5195","MATH","1010","Math for Liberal Arts","Spring 2023",2023-01-17,2022-11-09,10
"5196","MATH","1060","Finite Mathematics","Spring 2023",2023-01-17,2022-11-09,3
"5197","MATH","1110","College Algebra","Spring 2023",2023-01-17,2022-11-09,1
"5198","MATH","1401","Calculus I","Spring 2023",2023-01-17,2022-11-09,12
"5199","MATH","2411","Calculus II","Spring 2023",2023-01-17,2022-11-09,12
"5200","MATH","2830","Introductory Statistics","Spring 2023",2023-01-17,2022-11-09,8
"5201","MATH","1010","Math for Liberal Arts","Spring 2023",2023-01-17,2022-11-10,11
"5202","MATH","1060","Finite Mathematics","Spring 2023",2023-01-17,2022-11-10,3
"5203","MATH","1110","College Algebra","Spring 2023",2023-01-17,2022-11-10,1
"5204","MATH","1401","Calculus I","Spring 2023",2023-01-17,2022-11-10,14
"5205","MATH","2411","Calculus II","Spring 2023",2023-01-17,2022-11-10,12
"5206","MATH","2830","Introductory Statistics","Spring 2023",2023-01-17,2022-11-10,10
"5207","MATH","1010","Math for Liberal Arts","Spring 2023",2023-01-17,2022-11-11,11
"5208","MATH","1060","Finite Mathematics","Spring 2023",2023-01-17,2022-11-11,3
"5209","MATH","1110","College Algebra","Spring 2023",2023-01-17,2022-11-11,1
"5210","MATH","1401","Calculus I","Spring 2023",2023-01-17,2022-11-11,18
"5211","MATH","2411","Calculus II","Spring 2023",2023-01-17,2022-11-11,13
"5212","MATH","2830","Introductory Statistics","Spring 2023",2023-01-17,2022-11-11,12
"5213","MATH","1010","Math for Liberal Arts","Spring 2023",2023-01-17,2022-11-12,12
"5214","MATH","1060","Finite Mathematics","Spring 2023",2023-01-17,2022-11-12,4
"5215","MATH","1110","College Algebra","Spring 2023",2023-01-17,2022-11-12,1
"5216","MATH","1401","Calculus I","Spring 2023",2023-01-17,2022-11-12,20
"5217","MATH","2411","Calculus II","Spring 2023",2023-01-17,2022-11-12,15
"5218","MATH","2830","Introductory Statistics","Spring 2023",2023-01-17,2022-11-12,15
"5219","MATH","1010","Math for Liberal Arts","Spring 2023",2023-01-17,2022-11-13,12
"5220","MATH","1060","Finite Mathematics","Spring 2023",2023-01-17,2022-11-13,4
"5221","MATH","1110","College Algebra","Spring 2023",2023-01-17,2022-11-13,1
"5222","MATH","1401","Calculus I","Spring 2023",2023-01-17,2022-11-13,23
"5223","MATH","2411","Calculus II","Spring 2023",2023-01-17,2022-11-13,15
"5224","MATH","2830","Introductory Statistics","Spring 2023",2023-01-17,2022-11-13,15
"5225","MATH","1010","Math for Liberal Arts","Spring 2023",2023-01-17,2022-11-14,12
"5226","MATH","1060","Finite Mathematics","Spring 2023",2023-01-17,2022-11-14,5
"5227","MATH","1110","College Algebra","Spring 2023",2023-01-17,2022-11-14,1
"5228","MATH","1401","Calculus I","Spring 2023",2023-01-17,2022-11-14,25
"5229","MATH","2411","Calculus II","Spring 2023",2023-01-17,2022-11-14,17
"5230","MATH","2830","Introductory Statistics","Spring 2023",2023-01-17,2022-11-14,15
"5231","MATH","1010","Math for Liberal Arts","Spring 2023",2023-01-17,2022-11-15,16
"5232","MATH","1060","Finite Mathematics","Spring 2023",2023-01-17,2022-11-15,8
"5233","MATH","1110","College Algebra","Spring 2023",2023-01-17,2022-11-15,1
"5234","MATH","1401","Calculus I","Spring 2023",2023-01-17,2022-11-15,43
"5235","MATH","2411","Calculus II","Spring 2023",2023-01-17,2022-11-15,40
"5236","MATH","2830","Introductory Statistics","Spring 2023",2023-01-17,2022-11-15,23
"5237","MATH","1010","Math for Liberal Arts","Spring 2023",2023-01-17,2022-11-16,36
"5238","MATH","1060","Finite Mathematics","Spring 2023",2023-01-17,2022-11-16,28
"5239","MATH","1110","College Algebra","Spring 2023",2023-01-17,2022-11-16,6
"5240","MATH","1401","Calculus I","Spring 2023",2023-01-17,2022-11-16,90
"5241","MATH","2411","Calculus II","Spring 2023",2023-01-17,2022-11-16,79
"5242","MATH","2830","Introductory Statistics","Spring 2023",2023-01-17,2022-11-16,55
"5243","MATH","1010","Math for Liberal Arts","Spring 2023",2023-01-17,2022-11-17,40
"5244","MATH","1060","Finite Mathematics","Spring 2023",2023-01-17,2022-11-17,39
"5245","MATH","1110","College Algebra","Spring 2023",2023-01-17,2022-11-17,11
"5246","MATH","1401","Calculus I","Spring 2023",2023-01-17,2022-11-17,104
"5247","MATH","2411","Calculus II","Spring 2023",2023-01-17,2022-11-17,93
"5248","MATH","2830","Introductory Statistics","Spring 2023",2023-01-17,2022-11-17,55
"5249","MATH","1010","Math for Liberal Arts","Spring 2023",2023-01-17,2022-11-18,44
"5250","MATH","1060","Finite Mathematics","Spring 2023",2023-01-17,2022-11-18,40
"5251","MATH","1110","College Algebra","Spring 2023",2023-01-17,2022-11-18,12
"5252","MATH","1401","Calculus I","Spring 2023",2023-01-17,2022-11-18,112
"5253","MATH","2411","Calculus II","Spring 2023",2023-01-17,2022-11-18,96
"5254","MATH","2830","Introductory Statistics","Spring 2023",2023-01-17,2022-11-18,55
"5255","MATH","1010","Math for Liberal Arts","Spring 2023",2023-01-17,2022-11-19,45
"5256","MATH","1060","Finite Mathematics","Spring 2023",2023-01-17,2022-11-19,40
"5257","MATH","1110","College Algebra","Spring 2023",2023-01-17,2022-11-19,12
"5258","MATH","1401","Calculus I","Spring 2023",2023-01-17,2022-11-19,117
"5259","MATH","2411","Calculus II","Spring 2023",2023-01-17,2022-11-19,96
"5260","MATH","2830","Introductory Statistics","Spring 2023",2023-01-17,2022-11-19,57
"5261","MATH","1010","Math for Liberal Arts","Spring 2023",2023-01-17,2022-11-20,45
"5262","MATH","1060","Finite Mathematics","Spring 2023",2023-01-17,2022-11-20,40
"5263","MATH","1110","College Algebra","Spring 2023",2023-01-17,2022-11-20,13
"5264","MATH","1401","Calculus I","Spring 2023",2023-01-17,2022-11-20,118
"5265","MATH","2411","Calculus II","Spring 2023",2023-01-17,2022-11-20,97
"5266","MATH","2830","Introductory Statistics","Spring 2023",2023-01-17,2022-11-20,57
"5267","MATH","1010","Math for Liberal Arts","Spring 2023",2023-01-17,2022-11-21,45
"5268","MATH","1060","Finite Mathematics","Spring 2023",2023-01-17,2022-11-21,41
"5269","MATH","1110","College Algebra","Spring 2023",2023-01-17,2022-11-21,13
"5270","MATH","1401","Calculus I","Spring 2023",2023-01-17,2022-11-21,118
"5271","MATH","2411","Calculus II","Spring 2023",2023-01-17,2022-11-21,95
"5272","MATH","2830","Introductory Statistics","Spring 2023",2023-01-17,2022-11-21,57
"5273","MATH","1010","Math for Liberal Arts","Spring 2023",2023-01-17,2022-11-22,45
"5274","MATH","1060","Finite Mathematics","Spring 2023",2023-01-17,2022-11-22,44
"5275","MATH","1110","College Algebra","Spring 2023",2023-01-17,2022-11-22,13
"5276","MATH","1401","Calculus I","Spring 2023",2023-01-17,2022-11-22,119
"5277","MATH","2411","Calculus II","Spring 2023",2023-01-17,2022-11-22,97
"5278","MATH","2830","Introductory Statistics","Spring 2023",2023-01-17,2022-11-22,58
"5279","MATH","1010","Math for Liberal Arts","Spring 2023",2023-01-17,2022-11-23,47
"5280","MATH","1060","Finite Mathematics","Spring 2023",2023-01-17,2022-11-23,46
"5281","MATH","1110","College Algebra","Spring 2023",2023-01-17,2022-11-23,14
"5282","MATH","1401","Calculus I","Spring 2023",2023-01-17,2022-11-23,121
"5283","MATH","2411","Calculus II","Spring 2023",2023-01-17,2022-11-23,98
"5284","MATH","2830","Introductory Statistics","Spring 2023",2023-01-17,2022-11-23,59
"5285","MATH","1010","Math for Liberal Arts","Spring 2023",2023-01-17,2022-11-24,48
"5286","MATH","1060","Finite Mathematics","Spring 2023",2023-01-17,2022-11-24,46
"5287","MATH","1110","College Algebra","Spring 2023",2023-01-17,2022-11-24,14
"5288","MATH","1401","Calculus I","Spring 2023",2023-01-17,2022-11-24,124
"5289","MATH","2411","Calculus II","Spring 2023",2023-01-17,2022-11-24,100
"5290","MATH","2830","Introductory Statistics","Spring 2023",2023-01-17,2022-11-24,59
"5291","MATH","1010","Math for Liberal Arts","Spring 2023",2023-01-17,2022-11-25,48
"5292","MATH","1060","Finite Mathematics","Spring 2023",2023-01-17,2022-11-25,47
"5293","MATH","1110","College Algebra","Spring 2023",2023-01-17,2022-11-25,14
"5294","MATH","1401","Calculus I","Spring 2023",2023-01-17,2022-11-25,125
"5295","MATH","2411","Calculus II","Spring 2023",2023-01-17,2022-11-25,100
"5296","MATH","2830","Introductory Statistics","Spring 2023",2023-01-17,2022-11-25,60
"5297","MATH","1010","Math for Liberal Arts","Spring 2023",2023-01-17,2022-11-26,48
"5298","MATH","1060","Finite Mathematics","Spring 2023",2023-01-17,2022-11-26,48
"5299","MATH","1110","College Algebra","Spring 2023",2023-01-17,2022-11-26,14
"5300","MATH","1401","Calculus I","Spring 2023",2023-01-17,2022-11-26,128
"5301","MATH","2411","Calculus II","Spring 2023",2023-01-17,2022-11-26,101
"5302","MATH","2830","Introductory Statistics","Spring 2023",2023-01-17,2022-11-26,62
"5303","MATH","1010","Math for Liberal Arts","Spring 2023",2023-01-17,2022-11-27,48
"5304","MATH","1060","Finite Mathematics","Spring 2023",2023-01-17,2022-11-27,49
"5305","MATH","1110","College Algebra","Spring 2023",2023-01-17,2022-11-27,14
"5306","MATH","1401","Calculus I","Spring 2023",2023-01-17,2022-11-27,131
"5307","MATH","2411","Calculus II","Spring 2023",2023-01-17,2022-11-27,102
"5308","MATH","2830","Introductory Statistics","Spring 2023",2023-01-17,2022-11-27,62
"5309","MATH","1010","Math for Liberal Arts","Spring 2023",2023-01-17,2022-11-28,49
"5310","MATH","1060","Finite Mathematics","Spring 2023",2023-01-17,2022-11-28,49
"5311","MATH","1110","College Algebra","Spring 2023",2023-01-17,2022-11-28,14
"5312","MATH","1401","Calculus I","Spring 2023",2023-01-17,2022-11-28,132
"5313","MATH","2411","Calculus II","Spring 2023",2023-01-17,2022-11-28,102
"5314","MATH","2830","Introductory Statistics","Spring 2023",2023-01-17,2022-11-28,63
"5315","MATH","1010","Math for Liberal Arts","Spring 2023",2023-01-17,2022-11-29,49
"5316","MATH","1060","Finite Mathematics","Spring 2023",2023-01-17,2022-11-29,50
"5317","MATH","1110","College Algebra","Spring 2023",2023-01-17,2022-11-29,14
"5318","MATH","1401","Calculus I","Spring 2023",2023-01-17,2022-11-29,140
"5319","MATH","2411","Calculus II","Spring 2023",2023-01-17,2022-11-29,104
"5320","MATH","2830","Introductory Statistics","Spring 2023",2023-01-17,2022-11-29,66
"5321","MATH","1010","Math for Liberal Arts","Spring 2023",2023-01-17,2022-11-30,51
"5322","MATH","1060","Finite Mathematics","Spring 2023",2023-01-17,2022-11-30,52
"5323","MATH","1110","College Algebra","Spring 2023",2023-01-17,2022-11-30,15
"5324","MATH","1401","Calculus I","Spring 2023",2023-01-17,2022-11-30,143
"5325","MATH","2411","Calculus II","Spring 2023",2023-01-17,2022-11-30,108
"5326","MATH","2830","Introductory Statistics","Spring 2023",2023-01-17,2022-11-30,68
"5327","MATH","1010","Math for Liberal Arts","Spring 2023",2023-01-17,2022-12-01,52
"5328","MATH","1060","Finite Mathematics","Spring 2023",2023-01-17,2022-12-01,56
"5329","MATH","1110","College Algebra","Spring 2023",2023-01-17,2022-12-01,17
"5330","MATH","1401","Calculus I","Spring 2023",2023-01-17,2022-12-01,151
"5331","MATH","2411","Calculus II","Spring 2023",2023-01-17,2022-12-01,110
"5332","MATH","2830","Introductory Statistics","Spring 2023",2023-01-17,2022-12-01,70
"5333","MATH","1010","Math for Liberal Arts","Spring 2023",2023-01-17,2022-12-02,52
"5334","MATH","1060","Finite Mathematics","Spring 2023",2023-01-17,2022-12-02,56
"5335","MATH","1110","College Algebra","Spring 2023",2023-01-17,2022-12-02,17
"5336","MATH","1401","Calculus I","Spring 2023",2023-01-17,2022-12-02,151
"5337","MATH","2411","Calculus II","Spring 2023",2023-01-17,2022-12-02,110
"5338","MATH","2830","Introductory Statistics","Spring 2023",2023-01-17,2022-12-02,70
"5339","MATH","1010","Math for Liberal Arts","Spring 2023",2023-01-17,2022-12-03,53
"5340","MATH","1060","Finite Mathematics","Spring 2023",2023-01-17,2022-12-03,57
"5341","MATH","1110","College Algebra","Spring 2023",2023-01-17,2022-12-03,17
"5342","MATH","1401","Calculus I","Spring 2023",2023-01-17,2022-12-03,154
"5343","MATH","2411","Calculus II","Spring 2023",2023-01-17,2022-12-03,110
"5344","MATH","2830","Introductory Statistics","Spring 2023",2023-01-17,2022-12-03,69
"5345","MATH","1010","Math for Liberal Arts","Spring 2023",2023-01-17,2022-12-04,55
"5346","MATH","1060","Finite Mathematics","Spring 2023",2023-01-17,2022-12-04,57
"5347","MATH","1110","College Algebra","Spring 2023",2023-01-17,2022-12-04,17
"5348","MATH","1401","Calculus I","Spring 2023",2023-01-17,2022-12-04,155
"5349","MATH","2411","Calculus II","Spring 2023",2023-01-17,2022-12-04,110
"5350","MATH","2830","Introductory Statistics","Spring 2023",2023-01-17,2022-12-04,69
"5351","MATH","1010","Math for Liberal Arts","Spring 2023",2023-01-17,2022-12-05,56
"5352","MATH","1060","Finite Mathematics","Spring 2023",2023-01-17,2022-12-05,58
"5353","MATH","1110","College Algebra","Spring 2023",2023-01-17,2022-12-05,17
"5354","MATH","1401","Calculus I","Spring 2023",2023-01-17,2022-12-05,156
"5355","MATH","2411","Calculus II","Spring 2023",2023-01-17,2022-12-05,110
"5356","MATH","2830","Introductory Statistics","Spring 2023",2023-01-17,2022-12-05,69
"5357","MATH","1010","Math for Liberal Arts","Spring 2023",2023-01-17,2022-12-06,57
"5358","MATH","1060","Finite Mathematics","Spring 2023",2023-01-17,2022-12-06,62
"5359","MATH","1110","College Algebra","Spring 2023",2023-01-17,2022-12-06,18
"5360","MATH","1401","Calculus I","Spring 2023",2023-01-17,2022-12-06,157
"5361","MATH","2411","Calculus II","Spring 2023",2023-01-17,2022-12-06,112
"5362","MATH","2830","Introductory Statistics","Spring 2023",2023-01-17,2022-12-06,73
"5363","MATH","1010","Math for Liberal Arts","Spring 2023",2023-01-17,2022-12-07,57
"5364","MATH","1060","Finite Mathematics","Spring 2023",2023-01-17,2022-12-07,66
"5365","MATH","1110","College Algebra","Spring 2023",2023-01-17,2022-12-07,18
"5366","MATH","1401","Calculus I","Spring 2023",2023-01-17,2022-12-07,160
"5367","MATH","2411","Calculus II","Spring 2023",2023-01-17,2022-12-07,115
"5368","MATH","2830","Introductory Statistics","Spring 2023",2023-01-17,2022-12-07,74
"5369","MATH","1010","Math for Liberal Arts","Spring 2023",2023-01-17,2022-12-08,59
"5370","MATH","1060","Finite Mathematics","Spring 2023",2023-01-17,2022-12-08,67
"5371","MATH","1110","College Algebra","Spring 2023",2023-01-17,2022-12-08,21
"5372","MATH","1401","Calculus I","Spring 2023",2023-01-17,2022-12-08,161
"5373","MATH","2411","Calculus II","Spring 2023",2023-01-17,2022-12-08,114
"5374","MATH","2830","Introductory Statistics","Spring 2023",2023-01-17,2022-12-08,76
"5375","MATH","1010","Math for Liberal Arts","Spring 2023",2023-01-17,2022-12-09,66
"5376","MATH","1060","Finite Mathematics","Spring 2023",2023-01-17,2022-12-09,69
"5377","MATH","1110","College Algebra","Spring 2023",2023-01-17,2022-12-09,22
"5378","MATH","1401","Calculus I","Spring 2023",2023-01-17,2022-12-09,162
"5379","MATH","2411","Calculus II","Spring 2023",2023-01-17,2022-12-09,115
"5380","MATH","2830","Introductory Statistics","Spring 2023",2023-01-17,2022-12-09,79
"5381","MATH","1010","Math for Liberal Arts","Spring 2023",2023-01-17,2022-12-10,66
"5382","MATH","1060","Finite Mathematics","Spring 2023",2023-01-17,2022-12-10,69
"5383","MATH","1110","College Algebra","Spring 2023",2023-01-17,2022-12-10,22
"5384","MATH","1401","Calculus I","Spring 2023",2023-01-17,2022-12-10,165
"5385","MATH","2411","Calculus II","Spring 2023",2023-01-17,2022-12-10,115
"5386","MATH","2830","Introductory Statistics","Spring 2023",2023-01-17,2022-12-10,79
"5387","MATH","1010","Math for Liberal Arts","Spring 2023",2023-01-17,2022-12-11,67
"5388","MATH","1060","Finite Mathematics","Spring 2023",2023-01-17,2022-12-11,70
"5389","MATH","1110","College Algebra","Spring 2023",2023-01-17,2022-12-11,22
"5390","MATH","1401","Calculus I","Spring 2023",2023-01-17,2022-12-11,165
"5391","MATH","2411","Calculus II","Spring 2023",2023-01-17,2022-12-11,115
"5392","MATH","2830","Introductory Statistics","Spring 2023",2023-01-17,2022-12-11,79
"5393","MATH","1010","Math for Liberal Arts","Spring 2023",2023-01-17,2022-12-12,67
"5394","MATH","1060","Finite Mathematics","Spring 2023",2023-01-17,2022-12-12,70
"5395","MATH","1110","College Algebra","Spring 2023",2023-01-17,2022-12-12,22
"5396","MATH","1401","Calculus I","Spring 2023",2023-01-17,2022-12-12,169
"5397","MATH","2411","Calculus II","Spring 2023",2023-01-17,2022-12-12,116
"5398","MATH","2830","Introductory Statistics","Spring 2023",2023-01-17,2022-12-12,81
"5399","MATH","1010","Math for Liberal Arts","Spring 2023",2023-01-17,2022-12-13,67
"5400","MATH","1060","Finite Mathematics","Spring 2023",2023-01-17,2022-12-13,73
"5401","MATH","1110","College Algebra","Spring 2023",2023-01-17,2022-12-13,22
"5402","MATH","1401","Calculus I","Spring 2023",2023-01-17,2022-12-13,172
"5403","MATH","2411","Calculus II","Spring 2023",2023-01-17,2022-12-13,116
"5404","MATH","2830","Introductory Statistics","Spring 2023",2023-01-17,2022-12-13,83
"5405","MATH","1010","Math for Liberal Arts","Spring 2023",2023-01-17,2022-12-14,68
"5406","MATH","1060","Finite Mathematics","Spring 2023",2023-01-17,2022-12-14,74
"5407","MATH","1110","College Algebra","Spring 2023",2023-01-17,2022-12-14,23
"5408","MATH","1401","Calculus I","Spring 2023",2023-01-17,2022-12-14,172
"5409","MATH","2411","Calculus II","Spring 2023",2023-01-17,2022-12-14,118
"5410","MATH","2830","Introductory Statistics","Spring 2023",2023-01-17,2022-12-14,85
"5411","MATH","1010","Math for Liberal Arts","Spring 2023",2023-01-17,2022-12-15,69
"5412","MATH","1060","Finite Mathematics","Spring 2023",2023-01-17,2022-12-15,74
"5413","MATH","1110","College Algebra","Spring 2023",2023-01-17,2022-12-15,23
"5414","MATH","1401","Calculus I","Spring 2023",2023-01-17,2022-12-15,175
"5415","MATH","2411","Calculus II","Spring 2023",2023-01-17,2022-12-15,123
"5416","MATH","2830","Introductory Statistics","Spring 2023",2023-01-17,2022-12-15,91
"5417","MATH","1010","Math for Liberal Arts","Spring 2023",2023-01-17,2022-12-16,70
"5418","MATH","1060","Finite Mathematics","Spring 2023",2023-01-17,2022-12-16,77
"5419","MATH","1110","College Algebra","Spring 2023",2023-01-17,2022-12-16,25
"5420","MATH","1401","Calculus I","Spring 2023",2023-01-17,2022-12-16,176
"5421","MATH","2411","Calculus II","Spring 2023",2023-01-17,2022-12-16,126
"5422","MATH","2830","Introductory Statistics","Spring 2023",2023-01-17,2022-12-16,91
"5423","MATH","1010","Math for Liberal Arts","Spring 2023",2023-01-17,2022-12-17,71
"5424","MATH","1060","Finite Mathematics","Spring 2023",2023-01-17,2022-12-17,78
"5425","MATH","1110","College Algebra","Spring 2023",2023-01-17,2022-12-17,25
"5426","MATH","1401","Calculus I","Spring 2023",2023-01-17,2022-12-17,177
"5427","MATH","2411","Calculus II","Spring 2023",2023-01-17,2022-12-17,126
"5428","MATH","2830","Introductory Statistics","Spring 2023",2023-01-17,2022-12-17,90
"5429","MATH","1010","Math for Liberal Arts","Spring 2023",2023-01-17,2022-12-18,72
"5430","MATH","1060","Finite Mathematics","Spring 2023",2023-01-17,2022-12-18,79
"5431","MATH","1110","College Algebra","Spring 2023",2023-01-17,2022-12-18,25
"5432","MATH","1401","Calculus I","Spring 2023",2023-01-17,2022-12-18,178
"5433","MATH","2411","Calculus II","Spring 2023",2023-01-17,2022-12-18,126
"5434","MATH","2830","Introductory Statistics","Spring 2023",2023-01-17,2022-12-18,90
"5435","MATH","1010","Math for Liberal Arts","Spring 2023",2023-01-17,2022-12-19,72
"5436","MATH","1060","Finite Mathematics","Spring 2023",2023-01-17,2022-12-19,79
"5437","MATH","1110","College Algebra","Spring 2023",2023-01-17,2022-12-19,25
"5438","MATH","1401","Calculus I","Spring 2023",2023-01-17,2022-12-19,179
"5439","MATH","2411","Calculus II","Spring 2023",2023-01-17,2022-12-19,126
"5440","MATH","2830","Introductory Statistics","Spring 2023",2023-01-17,2022-12-19,89
"5441","MATH","1010","Math for Liberal Arts","Spring 2023",2023-01-17,2022-12-20,75
"5442","MATH","1060","Finite Mathematics","Spring 2023",2023-01-17,2022-12-20,80
"5443","MATH","1110","College Algebra","Spring 2023",2023-01-17,2022-12-20,25
"5444","MATH","1401","Calculus I","Spring 2023",2023-01-17,2022-12-20,183
"5445","MATH","2411","Calculus II","Spring 2023",2023-01-17,2022-12-20,126
"5446","MATH","2830","Introductory Statistics","Spring 2023",2023-01-17,2022-12-20,91
"5447","MATH","1010","Math for Liberal Arts","Spring 2023",2023-01-17,2022-12-21,75
"5448","MATH","1060","Finite Mathematics","Spring 2023",2023-01-17,2022-12-21,80
"5449","MATH","1110","College Algebra","Spring 2023",2023-01-17,2022-12-21,25
"5450","MATH","1401","Calculus I","Spring 2023",2023-01-17,2022-12-21,183
"5451","MATH","2411","Calculus II","Spring 2023",2023-01-17,2022-12-21,126
"5452","MATH","2830","Introductory Statistics","Spring 2023",2023-01-17,2022-12-21,91
"5453","MATH","1010","Math for Liberal Arts","Spring 2023",2023-01-17,2022-12-22,76
"5454","MATH","1060","Finite Mathematics","Spring 2023",2023-01-17,2022-12-22,81
"5455","MATH","1110","College Algebra","Spring 2023",2023-01-17,2022-12-22,26
"5456","MATH","1401","Calculus I","Spring 2023",2023-01-17,2022-12-22,184
"5457","MATH","2411","Calculus II","Spring 2023",2023-01-17,2022-12-22,127
"5458","MATH","2830","Introductory Statistics","Spring 2023",2023-01-17,2022-12-22,92
"5459","MATH","1010","Math for Liberal Arts","Spring 2023",2023-01-17,2022-12-23,76
"5460","MATH","1060","Finite Mathematics","Spring 2023",2023-01-17,2022-12-23,83
"5461","MATH","1110","College Algebra","Spring 2023",2023-01-17,2022-12-23,29
"5462","MATH","1401","Calculus I","Spring 2023",2023-01-17,2022-12-23,184
"5463","MATH","2411","Calculus II","Spring 2023",2023-01-17,2022-12-23,129
"5464","MATH","2830","Introductory Statistics","Spring 2023",2023-01-17,2022-12-23,93
"5465","MATH","1010","Math for Liberal Arts","Spring 2023",2023-01-17,2022-12-24,76
"5466","MATH","1060","Finite Mathematics","Spring 2023",2023-01-17,2022-12-24,87
"5467","MATH","1110","College Algebra","Spring 2023",2023-01-17,2022-12-24,29
"5468","MATH","1401","Calculus I","Spring 2023",2023-01-17,2022-12-24,184
"5469","MATH","2411","Calculus II","Spring 2023",2023-01-17,2022-12-24,129
"5470","MATH","2830","Introductory Statistics","Spring 2023",2023-01-17,2022-12-24,92
"5471","MATH","1010","Math for Liberal Arts","Spring 2023",2023-01-17,2022-12-25,76
"5472","MATH","1060","Finite Mathematics","Spring 2023",2023-01-17,2022-12-25,87
"5473","MATH","1110","College Algebra","Spring 2023",2023-01-17,2022-12-25,29
"5474","MATH","1401","Calculus I","Spring 2023",2023-01-17,2022-12-25,184
"5475","MATH","2411","Calculus II","Spring 2023",2023-01-17,2022-12-25,129
"5476","MATH","2830","Introductory Statistics","Spring 2023",2023-01-17,2022-12-25,92
"5477","MATH","1010","Math for Liberal Arts","Spring 2023",2023-01-17,2022-12-26,78
"5478","MATH","1060","Finite Mathematics","Spring 2023",2023-01-17,2022-12-26,87
"5479","MATH","1110","College Algebra","Spring 2023",2023-01-17,2022-12-26,29
"5480","MATH","1401","Calculus I","Spring 2023",2023-01-17,2022-12-26,185
"5481","MATH","2411","Calculus II","Spring 2023",2023-01-17,2022-12-26,130
"5482","MATH","2830","Introductory Statistics","Spring 2023",2023-01-17,2022-12-26,92
"5483","MATH","1010","Math for Liberal Arts","Spring 2023",2023-01-17,2022-12-27,80
"5484","MATH","1060","Finite Mathematics","Spring 2023",2023-01-17,2022-12-27,90
"5485","MATH","1110","College Algebra","Spring 2023",2023-01-17,2022-12-27,30
"5486","MATH","1401","Calculus I","Spring 2023",2023-01-17,2022-12-27,186
"5487","MATH","2411","Calculus II","Spring 2023",2023-01-17,2022-12-27,132
"5488","MATH","2830","Introductory Statistics","Spring 2023",2023-01-17,2022-12-27,92
"5489","MATH","1010","Math for Liberal Arts","Spring 2023",2023-01-17,2022-12-28,80
"5490","MATH","1060","Finite Mathematics","Spring 2023",2023-01-17,2022-12-28,90
"5491","MATH","1110","College Algebra","Spring 2023",2023-01-17,2022-12-28,30
"5492","MATH","1401","Calculus I","Spring 2023",2023-01-17,2022-12-28,187
"5493","MATH","2411","Calculus II","Spring 2023",2023-01-17,2022-12-28,131
"5494","MATH","2830","Introductory Statistics","Spring 2023",2023-01-17,2022-12-28,92
"5495","MATH","1010","Math for Liberal Arts","Spring 2023",2023-01-17,2022-12-29,80
"5496","MATH","1060","Finite Mathematics","Spring 2023",2023-01-17,2022-12-29,90
"5497","MATH","1110","College Algebra","Spring 2023",2023-01-17,2022-12-29,31
"5498","MATH","1401","Calculus I","Spring 2023",2023-01-17,2022-12-29,188
"5499","MATH","2411","Calculus II","Spring 2023",2023-01-17,2022-12-29,132
"5500","MATH","2830","Introductory Statistics","Spring 2023",2023-01-17,2022-12-29,93
"5501","MATH","1010","Math for Liberal Arts","Spring 2023",2023-01-17,2022-12-30,80
"5502","MATH","1060","Finite Mathematics","Spring 2023",2023-01-17,2022-12-30,91
"5503","MATH","1110","College Algebra","Spring 2023",2023-01-17,2022-12-30,31
"5504","MATH","1401","Calculus I","Spring 2023",2023-01-17,2022-12-30,189
"5505","MATH","2411","Calculus II","Spring 2023",2023-01-17,2022-12-30,133
"5506","MATH","2830","Introductory Statistics","Spring 2023",2023-01-17,2022-12-30,93
"5507","MATH","1010","Math for Liberal Arts","Spring 2023",2023-01-17,2022-12-31,81
"5508","MATH","1060","Finite Mathematics","Spring 2023",2023-01-17,2022-12-31,92
"5509","MATH","1110","College Algebra","Spring 2023",2023-01-17,2022-12-31,31
"5510","MATH","1401","Calculus I","Spring 2023",2023-01-17,2022-12-31,189
"5511","MATH","2411","Calculus II","Spring 2023",2023-01-17,2022-12-31,133
"5512","MATH","2830","Introductory Statistics","Spring 2023",2023-01-17,2022-12-31,94
"5513","MATH","1010","Math for Liberal Arts","Spring 2023",2023-01-17,2023-01-01,81
"5514","MATH","1060","Finite Mathematics","Spring 2023",2023-01-17,2023-01-01,92
"5515","MATH","1110","College Algebra","Spring 2023",2023-01-17,2023-01-01,31
"5516","MATH","1401","Calculus I","Spring 2023",2023-01-17,2023-01-01,190
"5517","MATH","2411","Calculus II","Spring 2023",2023-01-17,2023-01-01,134
"5518","MATH","2830","Introductory Statistics","Spring 2023",2023-01-17,2023-01-01,94
"5519","MATH","1010","Math for Liberal Arts","Spring 2023",2023-01-17,2023-01-02,81
"5520","MATH","1060","Finite Mathematics","Spring 2023",2023-01-17,2023-01-02,94
"5521","MATH","1110","College Algebra","Spring 2023",2023-01-17,2023-01-02,31
"5522","MATH","1401","Calculus I","Spring 2023",2023-01-17,2023-01-02,190
"5523","MATH","2411","Calculus II","Spring 2023",2023-01-17,2023-01-02,133
"5524","MATH","2830","Introductory Statistics","Spring 2023",2023-01-17,2023-01-02,95
"5525","MATH","1010","Math for Liberal Arts","Spring 2023",2023-01-17,2023-01-03,81
"5526","MATH","1060","Finite Mathematics","Spring 2023",2023-01-17,2023-01-03,93
"5527","MATH","1110","College Algebra","Spring 2023",2023-01-17,2023-01-03,31
"5528","MATH","1401","Calculus I","Spring 2023",2023-01-17,2023-01-03,190
"5529","MATH","2411","Calculus II","Spring 2023",2023-01-17,2023-01-03,131
"5530","MATH","2830","Introductory Statistics","Spring 2023",2023-01-17,2023-01-03,96
"5531","MATH","1010","Math for Liberal Arts","Spring 2023",2023-01-17,2023-01-04,81
"5532","MATH","1060","Finite Mathematics","Spring 2023",2023-01-17,2023-01-04,99
"5533","MATH","1110","College Algebra","Spring 2023",2023-01-17,2023-01-04,31
"5534","MATH","1401","Calculus I","Spring 2023",2023-01-17,2023-01-04,191
"5535","MATH","2411","Calculus II","Spring 2023",2023-01-17,2023-01-04,132
"5536","MATH","2830","Introductory Statistics","Spring 2023",2023-01-17,2023-01-04,95
"5537","MATH","1010","Math for Liberal Arts","Spring 2023",2023-01-17,2023-01-05,83
"5538","MATH","1060","Finite Mathematics","Spring 2023",2023-01-17,2023-01-05,100
"5539","MATH","1110","College Algebra","Spring 2023",2023-01-17,2023-01-05,32
"5540","MATH","1401","Calculus I","Spring 2023",2023-01-17,2023-01-05,196
"5541","MATH","2411","Calculus II","Spring 2023",2023-01-17,2023-01-05,133
"5542","MATH","2830","Introductory Statistics","Spring 2023",2023-01-17,2023-01-05,97
"5543","MATH","1010","Math for Liberal Arts","Spring 2023",2023-01-17,2023-01-06,86
"5544","MATH","1060","Finite Mathematics","Spring 2023",2023-01-17,2023-01-06,101
"5545","MATH","1110","College Algebra","Spring 2023",2023-01-17,2023-01-06,33
"5546","MATH","1401","Calculus I","Spring 2023",2023-01-17,2023-01-06,196
"5547","MATH","2411","Calculus II","Spring 2023",2023-01-17,2023-01-06,135
"5548","MATH","2830","Introductory Statistics","Spring 2023",2023-01-17,2023-01-06,98
"5549","MATH","1010","Math for Liberal Arts","Spring 2023",2023-01-17,2023-01-07,90
"5550","MATH","1060","Finite Mathematics","Spring 2023",2023-01-17,2023-01-07,102
"5551","MATH","1110","College Algebra","Spring 2023",2023-01-17,2023-01-07,32
"5552","MATH","1401","Calculus I","Spring 2023",2023-01-17,2023-01-07,195
"5553","MATH","2411","Calculus II","Spring 2023",2023-01-17,2023-01-07,137
"5554","MATH","2830","Introductory Statistics","Spring 2023",2023-01-17,2023-01-07,98
"5555","MATH","1010","Math for Liberal Arts","Spring 2023",2023-01-17,2023-01-08,90
"5556","MATH","1060","Finite Mathematics","Spring 2023",2023-01-17,2023-01-08,102
"5557","MATH","1110","College Algebra","Spring 2023",2023-01-17,2023-01-08,32
"5558","MATH","1401","Calculus I","Spring 2023",2023-01-17,2023-01-08,197
"5559","MATH","2411","Calculus II","Spring 2023",2023-01-17,2023-01-08,137
"5560","MATH","2830","Introductory Statistics","Spring 2023",2023-01-17,2023-01-08,97
"5561","MATH","1010","Math for Liberal Arts","Spring 2023",2023-01-17,2023-01-09,88
"5562","MATH","1060","Finite Mathematics","Spring 2023",2023-01-17,2023-01-09,102
"5563","MATH","1110","College Algebra","Spring 2023",2023-01-17,2023-01-09,32
"5564","MATH","1401","Calculus I","Spring 2023",2023-01-17,2023-01-09,197
"5565","MATH","2411","Calculus II","Spring 2023",2023-01-17,2023-01-09,139
"5566","MATH","2830","Introductory Statistics","Spring 2023",2023-01-17,2023-01-09,97
"5567","MATH","1010","Math for Liberal Arts","Spring 2023",2023-01-17,2023-01-10,87
"5568","MATH","1060","Finite Mathematics","Spring 2023",2023-01-17,2023-01-10,102
"5569","MATH","1110","College Algebra","Spring 2023",2023-01-17,2023-01-10,33
"5570","MATH","1401","Calculus I","Spring 2023",2023-01-17,2023-01-10,198
"5571","MATH","2411","Calculus II","Spring 2023",2023-01-17,2023-01-10,140
"5572","MATH","2830","Introductory Statistics","Spring 2023",2023-01-17,2023-01-10,100
"5573","MATH","1010","Math for Liberal Arts","Spring 2023",2023-01-17,2023-01-11,89
"5574","MATH","1060","Finite Mathematics","Spring 2023",2023-01-17,2023-01-11,103
"5575","MATH","1110","College Algebra","Spring 2023",2023-01-17,2023-01-11,34
"5576","MATH","1401","Calculus I","Spring 2023",2023-01-17,2023-01-11,199
"5577","MATH","2411","Calculus II","Spring 2023",2023-01-17,2023-01-11,144
"5578","MATH","2830","Introductory Statistics","Spring 2023",2023-01-17,2023-01-11,103
"5579","MATH","1010","Math for Liberal Arts","Spring 2023",2023-01-17,2023-01-12,89
"5580","MATH","1060","Finite Mathematics","Spring 2023",2023-01-17,2023-01-12,107
"5581","MATH","1110","College Algebra","Spring 2023",2023-01-17,2023-01-12,34
"5582","MATH","1401","Calculus I","Spring 2023",2023-01-17,2023-01-12,203
"5583","MATH","2411","Calculus II","Spring 2023",2023-01-17,2023-01-12,145
"5584","MATH","2830","Introductory Statistics","Spring 2023",2023-01-17,2023-01-12,103
"5585","MATH","1010","Math for Liberal Arts","Spring 2023",2023-01-17,2023-01-13,91
"5586","MATH","1060","Finite Mathematics","Spring 2023",2023-01-17,2023-01-13,106
"5587","MATH","1110","College Algebra","Spring 2023",2023-01-17,2023-01-13,36
"5588","MATH","1401","Calculus I","Spring 2023",2023-01-17,2023-01-13,208
"5589","MATH","2411","Calculus II","Spring 2023",2023-01-17,2023-01-13,146
"5590","MATH","2830","Introductory Statistics","Spring 2023",2023-01-17,2023-01-13,104
"5591","MATH","1010","Math for Liberal Arts","Spring 2023",2023-01-17,2023-01-14,95
"5592","MATH","1060","Finite Mathematics","Spring 2023",2023-01-17,2023-01-14,107
"5593","MATH","1110","College Algebra","Spring 2023",2023-01-17,2023-01-14,36
"5594","MATH","1401","Calculus I","Spring 2023",2023-01-17,2023-01-14,209
"5595","MATH","2411","Calculus II","Spring 2023",2023-01-17,2023-01-14,148
"5596","MATH","2830","Introductory Statistics","Spring 2023",2023-01-17,2023-01-14,105
"5597","MATH","1010","Math for Liberal Arts","Spring 2023",2023-01-17,2023-01-15,95
"5598","MATH","1060","Finite Mathematics","Spring 2023",2023-01-17,2023-01-15,108
"5599","MATH","1110","College Algebra","Spring 2023",2023-01-17,2023-01-15,36
"5600","MATH","1401","Calculus I","Spring 2023",2023-01-17,2023-01-15,210
"5601","MATH","2411","Calculus II","Spring 2023",2023-01-17,2023-01-15,148
"5602","MATH","2830","Introductory Statistics","Spring 2023",2023-01-17,2023-01-15,108
"5603","MATH","1010","Math for Liberal Arts","Spring 2023",2023-01-17,2023-01-16,96
"5604","MATH","1060","Finite Mathematics","Spring 2023",2023-01-17,2023-01-16,108
"5605","MATH","1110","College Algebra","Spring 2023",2023-01-17,2023-01-16,36
"5606","MATH","1401","Calculus I","Spring 2023",2023-01-17,2023-01-16,211
"5607","MATH","2411","Calculus II","Spring 2023",2023-01-17,2023-01-16,149
"5608","MATH","2830","Introductory Statistics","Spring 2023",2023-01-17,2023-01-16,108
"5609","MATH","1010","Math for Liberal Arts","Spring 2023",2023-01-17,2023-01-17,102
"5610","MATH","1060","Finite Mathematics","Spring 2023",2023-01-17,2023-01-17,110
"5611","MATH","1110","College Algebra","Spring 2023",2023-01-17,2023-01-17,36
"5612","MATH","1401","Calculus I","Spring 2023",2023-01-17,2023-01-17,211
"5613","MATH","2411","Calculus II","Spring 2023",2023-01-17,2023-01-17,150
"5614","MATH","2830","Introductory Statistics","Spring 2023",2023-01-17,2023-01-17,108
"5615","MATH","1010","Math for Liberal Arts","Spring 2023",2023-01-17,2023-01-18,105
"5616","MATH","1060","Finite Mathematics","Spring 2023",2023-01-17,2023-01-18,111
"5617","MATH","1110","College Algebra","Spring 2023",2023-01-17,2023-01-18,36
"5618","MATH","1401","Calculus I","Spring 2023",2023-01-17,2023-01-18,215
"5619","MATH","2411","Calculus II","Spring 2023",2023-01-17,2023-01-18,152
"5620","MATH","2830","Introductory Statistics","Spring 2023",2023-01-17,2023-01-18,110
"5621","MATH","1010","Math for Liberal Arts","Spring 2023",2023-01-17,2023-01-19,105
"5622","MATH","1060","Finite Mathematics","Spring 2023",2023-01-17,2023-01-19,112
"5623","MATH","1110","College Algebra","Spring 2023",2023-01-17,2023-01-19,36
"5624","MATH","1401","Calculus I","Spring 2023",2023-01-17,2023-01-19,216
"5625","MATH","2411","Calculus II","Spring 2023",2023-01-17,2023-01-19,154
"5626","MATH","2830","Introductory Statistics","Spring 2023",2023-01-17,2023-01-19,110
"5627","MATH","1010","Math for Liberal Arts","Spring 2023",2023-01-17,2023-01-20,106
"5628","MATH","1060","Finite Mathematics","Spring 2023",2023-01-17,2023-01-20,111
"5629","MATH","1110","College Algebra","Spring 2023",2023-01-17,2023-01-20,36
"5630","MATH","1401","Calculus I","Spring 2023",2023-01-17,2023-01-20,218
"5631","MATH","2411","Calculus II","Spring 2023",2023-01-17,2023-01-20,155
"5632","MATH","2830","Introductory Statistics","Spring 2023",2023-01-17,2023-01-20,109
"5633","MATH","1010","Math for Liberal Arts","Spring 2023",2023-01-17,2023-01-21,109
"5634","MATH","1060","Finite Mathematics","Spring 2023",2023-01-17,2023-01-21,110
"5635","MATH","1110","College Algebra","Spring 2023",2023-01-17,2023-01-21,36
"5636","MATH","1401","Calculus I","Spring 2023",2023-01-17,2023-01-21,221
"5637","MATH","2411","Calculus II","Spring 2023",2023-01-17,2023-01-21,160
"5638","MATH","2830","Introductory Statistics","Spring 2023",2023-01-17,2023-01-21,108
"5639","MATH","1010","Math for Liberal Arts","Spring 2023",2023-01-17,2023-01-22,110
"5640","MATH","1060","Finite Mathematics","Spring 2023",2023-01-17,2023-01-22,110
"5641","MATH","1110","College Algebra","Spring 2023",2023-01-17,2023-01-22,36
"5642","MATH","1401","Calculus I","Spring 2023",2023-01-17,2023-01-22,221
"5643","MATH","2411","Calculus II","Spring 2023",2023-01-17,2023-01-22,160
"5644","MATH","2830","Introductory Statistics","Spring 2023",2023-01-17,2023-01-22,109
"5645","MATH","1010","Math for Liberal Arts","Spring 2023",2023-01-17,2023-01-23,111
"5646","MATH","1060","Finite Mathematics","Spring 2023",2023-01-17,2023-01-23,110
"5647","MATH","1110","College Algebra","Spring 2023",2023-01-17,2023-01-23,36
"5648","MATH","1401","Calculus I","Spring 2023",2023-01-17,2023-01-23,220
"5649","MATH","2411","Calculus II","Spring 2023",2023-01-17,2023-01-23,161
"5650","MATH","2830","Introductory Statistics","Spring 2023",2023-01-17,2023-01-23,109
"5651","MATH","1010","Math for Liberal Arts","Spring 2023",2023-01-17,2023-01-24,108
"5652","MATH","1060","Finite Mathematics","Spring 2023",2023-01-17,2023-01-24,109
"5653","MATH","1110","College Algebra","Spring 2023",2023-01-17,2023-01-24,35
"5654","MATH","1401","Calculus I","Spring 2023",2023-01-17,2023-01-24,223
"5655","MATH","2411","Calculus II","Spring 2023",2023-01-17,2023-01-24,160
"5656","MATH","2830","Introductory Statistics","Spring 2023",2023-01-17,2023-01-24,110
"5657","MATH","1010","Math for Liberal Arts","Spring 2023",2023-01-17,2023-01-25,107
"5658","MATH","1060","Finite Mathematics","Spring 2023",2023-01-17,2023-01-25,111
"5659","MATH","1110","College Algebra","Spring 2023",2023-01-17,2023-01-25,35
"5660","MATH","1401","Calculus I","Spring 2023",2023-01-17,2023-01-25,225
"5661","MATH","2411","Calculus II","Spring 2023",2023-01-17,2023-01-25,160
"5662","MATH","2830","Introductory Statistics","Spring 2023",2023-01-17,2023-01-25,109
"5663","MATH","1010","Math for Liberal Arts","Spring 2023",2023-01-17,2023-01-26,108
"5664","MATH","1060","Finite Mathematics","Spring 2023",2023-01-17,2023-01-26,111
"5665","MATH","1110","College Algebra","Spring 2023",2023-01-17,2023-01-26,35
"5666","MATH","1401","Calculus I","Spring 2023",2023-01-17,2023-01-26,225
"5667","MATH","2411","Calculus II","Spring 2023",2023-01-17,2023-01-26,161
"5668","MATH","2830","Introductory Statistics","Spring 2023",2023-01-17,2023-01-26,110
"5669","MATH","1010","Math for Liberal Arts","Spring 2023",2023-01-17,2023-01-27,107
"5670","MATH","1060","Finite Mathematics","Spring 2023",2023-01-17,2023-01-27,107
"5671","MATH","1110","College Algebra","Spring 2023",2023-01-17,2023-01-27,36
"5672","MATH","1401","Calculus I","Spring 2023",2023-01-17,2023-01-27,225
"5673","MATH","2411","Calculus II","Spring 2023",2023-01-17,2023-01-27,162
"5674","MATH","2830","Introductory Statistics","Spring 2023",2023-01-17,2023-01-27,110
"5675","MATH","1010","Math for Liberal Arts","Spring 2023",2023-01-17,2023-01-28,110
"5676","MATH","1060","Finite Mathematics","Spring 2023",2023-01-17,2023-01-28,107
"5677","MATH","1110","College Algebra","Spring 2023",2023-01-17,2023-01-28,36
"5678","MATH","1401","Calculus I","Spring 2023",2023-01-17,2023-01-28,225
"5679","MATH","2411","Calculus II","Spring 2023",2023-01-17,2023-01-28,162
"5680","MATH","2830","Introductory Statistics","Spring 2023",2023-01-17,2023-01-28,110
"5681","MATH","1010","Math for Liberal Arts","Spring 2023",2023-01-17,2023-01-29,110
"5682","MATH","1060","Finite Mathematics","Spring 2023",2023-01-17,2023-01-29,107
"5683","MATH","1110","College Algebra","Spring 2023",2023-01-17,2023-01-29,36
"5684","MATH","1401","Calculus I","Spring 2023",2023-01-17,2023-01-29,225
"5685","MATH","2411","Calculus II","Spring 2023",2023-01-17,2023-01-29,163
"5686","MATH","2830","Introductory Statistics","Spring 2023",2023-01-17,2023-01-29,110
"5687","MATH","1010","Math for Liberal Arts","Spring 2023",2023-01-17,2023-01-30,109
"5688","MATH","1060","Finite Mathematics","Spring 2023",2023-01-17,2023-01-30,107
"5689","MATH","1110","College Algebra","Spring 2023",2023-01-17,2023-01-30,36
"5690","MATH","1401","Calculus I","Spring 2023",2023-01-17,2023-01-30,225
"5691","MATH","2411","Calculus II","Spring 2023",2023-01-17,2023-01-30,163
"5692","MATH","2830","Introductory Statistics","Spring 2023",2023-01-17,2023-01-30,109
"5693","MATH","1010","Math for Liberal Arts","Spring 2023",2023-01-17,2023-01-31,108
"5694","MATH","1060","Finite Mathematics","Spring 2023",2023-01-17,2023-01-31,107
"5695","MATH","1110","College Algebra","Spring 2023",2023-01-17,2023-01-31,36
"5696","MATH","1401","Calculus I","Spring 2023",2023-01-17,2023-01-31,225
"5697","MATH","2411","Calculus II","Spring 2023",2023-01-17,2023-01-31,161
"5698","MATH","2830","Introductory Statistics","Spring 2023",2023-01-17,2023-01-31,110
"5699","MATH","1010","Math for Liberal Arts","Spring 2023",2023-01-17,2023-02-01,107
"5700","MATH","1060","Finite Mathematics","Spring 2023",2023-01-17,2023-02-01,104
"5701","MATH","1110","College Algebra","Spring 2023",2023-01-17,2023-02-01,35
"5702","MATH","1401","Calculus I","Spring 2023",2023-01-17,2023-02-01,225
"5703","MATH","2411","Calculus II","Spring 2023",2023-01-17,2023-02-01,160
"5704","MATH","2830","Introductory Statistics","Spring 2023",2023-01-17,2023-02-01,111
"5705","MATH","1010","Math for Liberal Arts","Spring 2023",2023-01-17,2023-02-02,106
"5706","MATH","1060","Finite Mathematics","Spring 2023",2023-01-17,2023-02-02,104
"5707","MATH","1110","College Algebra","Spring 2023",2023-01-17,2023-02-02,35
"5708","MATH","1401","Calculus I","Spring 2023",2023-01-17,2023-02-02,225
"5709","MATH","2411","Calculus II","Spring 2023",2023-01-17,2023-02-02,159
"5710","MATH","2830","Introductory Statistics","Spring 2023",2023-01-17,2023-02-02,112
"5711","MATH","1010","Math for Liberal Arts","Spring 2023",2023-01-17,2023-02-03,106
"5712","MATH","1060","Finite Mathematics","Spring 2023",2023-01-17,2023-02-03,104
"5713","MATH","1110","College Algebra","Spring 2023",2023-01-17,2023-02-03,35
"5714","MATH","1401","Calculus I","Spring 2023",2023-01-17,2023-02-03,225
"5715","MATH","2411","Calculus II","Spring 2023",2023-01-17,2023-02-03,159
"5716","MATH","2830","Introductory Statistics","Spring 2023",2023-01-17,2023-02-03,112
"5717","MATH","1010","Math for Liberal Arts","Spring 2023",2023-01-17,2023-02-04,106
"5718","MATH","1060","Finite Mathematics","Spring 2023",2023-01-17,2023-02-04,104
"5719","MATH","1110","College Algebra","Spring 2023",2023-01-17,2023-02-04,35
"5720","MATH","1401","Calculus I","Spring 2023",2023-01-17,2023-02-04,225
"5721","MATH","2411","Calculus II","Spring 2023",2023-01-17,2023-02-04,159
"5722","MATH","2830","Introductory Statistics","Spring 2023",2023-01-17,2023-02-04,112
"5723","MATH","1010","Math for Liberal Arts","Spring 2023",2023-01-17,2023-02-05,106
"5724","MATH","1060","Finite Mathematics","Spring 2023",2023-01-17,2023-02-05,104
"5725","MATH","1110","College Algebra","Spring 2023",2023-01-17,2023-02-05,35
"5726","MATH","1401","Calculus I","Spring 2023",2023-01-17,2023-02-05,225
"5727","MATH","2411","Calculus II","Spring 2023",2023-01-17,2023-02-05,159
"5728","MATH","2830","Introductory Statistics","Spring 2023",2023-01-17,2023-02-05,112
"5729","MATH","1010","Math for Liberal Arts","Spring 2023",2023-01-17,2023-02-06,106
"5730","MATH","1060","Finite Mathematics","Spring 2023",2023-01-17,2023-02-06,104
"5731","MATH","1110","College Algebra","Spring 2023",2023-01-17,2023-02-06,35
"5732","MATH","1401","Calculus I","Spring 2023",2023-01-17,2023-02-06,225
"5733","MATH","2411","Calculus II","Spring 2023",2023-01-17,2023-02-06,159
"5734","MATH","2830","Introductory Statistics","Spring 2023",2023-01-17,2023-02-06,112
"5735","MATH","1010","Math for Liberal Arts","Spring 2023",2023-01-17,2023-02-07,106
"5736","MATH","1060","Finite Mathematics","Spring 2023",2023-01-17,2023-02-07,104
"5737","MATH","1110","College Algebra","Spring 2023",2023-01-17,2023-02-07,35
"5738","MATH","1401","Calculus I","Spring 2023",2023-01-17,2023-02-07,225
"5739","MATH","2411","Calculus II","Spring 2023",2023-01-17,2023-02-07,159
"5740","MATH","2830","Introductory Statistics","Spring 2023",2023-01-17,2023-02-07,112
"5741","MATH","1010","Math for Liberal Arts","Spring 2023",2023-01-17,2023-02-08,106
"5742","MATH","1060","Finite Mathematics","Spring 2023",2023-01-17,2023-02-08,104
"5743","MATH","1110","College Algebra","Spring 2023",2023-01-17,2023-02-08,35
"5744","MATH","1401","Calculus I","Spring 2023",2023-01-17,2023-02-08,225
"5745","MATH","2411","Calculus II","Spring 2023",2023-01-17,2023-02-08,159
"5746","MATH","2830","Introductory Statistics","Spring 2023",2023-01-17,2023-02-08,112
"5747","MATH","1010","Math for Liberal Arts","Spring 2023",2023-01-17,2023-02-09,106
"5748","MATH","1060","Finite Mathematics","Spring 2023",2023-01-17,2023-02-09,104
"5749","MATH","1110","College Algebra","Spring 2023",2023-01-17,2023-02-09,35
"5750","MATH","1401","Calculus I","Spring 2023",2023-01-17,2023-02-09,225
"5751","MATH","2411","Calculus II","Spring 2023",2023-01-17,2023-02-09,159
"5752","MATH","2830","Introductory Statistics","Spring 2023",2023-01-17,2023-02-09,112
"5753","MATH","1010","Math for Liberal Arts","Spring 2023",2023-01-17,2023-02-10,106
"5754","MATH","1060","Finite Mathematics","Spring 2023",2023-01-17,2023-02-10,104
"5755","MATH","1110","College Algebra","Spring 2023",2023-01-17,2023-02-10,35
"5756","MATH","1401","Calculus I","Spring 2023",2023-01-17,2023-02-10,225
"5757","MATH","2411","Calculus II","Spring 2023",2023-01-17,2023-02-10,159
"5758","MATH","2830","Introductory Statistics","Spring 2023",2023-01-17,2023-02-10,112
"5759","MATH","1010","Math for Liberal Arts","Spring 2023",2023-01-17,2023-02-11,106
"5760","MATH","1060","Finite Mathematics","Spring 2023",2023-01-17,2023-02-11,104
"5761","MATH","1110","College Algebra","Spring 2023",2023-01-17,2023-02-11,35
"5762","MATH","1401","Calculus I","Spring 2023",2023-01-17,2023-02-11,225
"5763","MATH","2411","Calculus II","Spring 2023",2023-01-17,2023-02-11,159
"5764","MATH","2830","Introductory Statistics","Spring 2023",2023-01-17,2023-02-11,112
"5765","MATH","1060","Finite Mathematics","Fall 2023",2023-08-21,2023-04-04,1
"5766","MATH","1401","Calculus I","Fall 2023",2023-08-21,2023-04-04,5
"5767","MATH","2830","Introductory Statistics","Fall 2023",2023-08-21,2023-04-04,2
"5768","MATH","1010","Math for Liberal Arts","Fall 2023",2023-08-21,2023-04-05,1
"5769","MATH","1060","Finite Mathematics","Fall 2023",2023-08-21,2023-04-05,2
"5770","MATH","1110","College Algebra","Fall 2023",2023-08-21,2023-04-05,1
"5771","MATH","1401","Calculus I","Fall 2023",2023-08-21,2023-04-05,7
"5772","MATH","2411","Calculus II","Fall 2023",2023-08-21,2023-04-05,1
"5773","MATH","2830","Introductory Statistics","Fall 2023",2023-08-21,2023-04-05,2
"5774","MATH","1010","Math for Liberal Arts","Fall 2023",2023-08-21,2023-04-06,1
"5775","MATH","1060","Finite Mathematics","Fall 2023",2023-08-21,2023-04-06,1
"5776","MATH","1110","College Algebra","Fall 2023",2023-08-21,2023-04-06,1
"5777","MATH","1401","Calculus I","Fall 2023",2023-08-21,2023-04-06,7
"5778","MATH","2411","Calculus II","Fall 2023",2023-08-21,2023-04-06,1
"5779","MATH","2830","Introductory Statistics","Fall 2023",2023-08-21,2023-04-06,3
"5780","MATH","1010","Math for Liberal Arts","Fall 2023",2023-08-21,2023-04-07,1
"5781","MATH","1060","Finite Mathematics","Fall 2023",2023-08-21,2023-04-07,1
"5782","MATH","1110","College Algebra","Fall 2023",2023-08-21,2023-04-07,1
"5783","MATH","1401","Calculus I","Fall 2023",2023-08-21,2023-04-07,7
"5784","MATH","2411","Calculus II","Fall 2023",2023-08-21,2023-04-07,1
"5785","MATH","2830","Introductory Statistics","Fall 2023",2023-08-21,2023-04-07,3
"5786","MATH","1010","Math for Liberal Arts","Fall 2023",2023-08-21,2023-04-08,1
"5787","MATH","1060","Finite Mathematics","Fall 2023",2023-08-21,2023-04-08,2
"5788","MATH","1110","College Algebra","Fall 2023",2023-08-21,2023-04-08,1
"5789","MATH","1401","Calculus I","Fall 2023",2023-08-21,2023-04-08,8
"5790","MATH","2411","Calculus II","Fall 2023",2023-08-21,2023-04-08,2
"5791","MATH","2830","Introductory Statistics","Fall 2023",2023-08-21,2023-04-08,3
"5792","MATH","1010","Math for Liberal Arts","Fall 2023",2023-08-21,2023-04-09,1
"5793","MATH","1060","Finite Mathematics","Fall 2023",2023-08-21,2023-04-09,2
"5794","MATH","1110","College Algebra","Fall 2023",2023-08-21,2023-04-09,1
"5795","MATH","1401","Calculus I","Fall 2023",2023-08-21,2023-04-09,8
"5796","MATH","2411","Calculus II","Fall 2023",2023-08-21,2023-04-09,3
"5797","MATH","2830","Introductory Statistics","Fall 2023",2023-08-21,2023-04-09,3
"5798","MATH","1010","Math for Liberal Arts","Fall 2023",2023-08-21,2023-04-10,1
"5799","MATH","1060","Finite Mathematics","Fall 2023",2023-08-21,2023-04-10,2
"5800","MATH","1110","College Algebra","Fall 2023",2023-08-21,2023-04-10,1
"5801","MATH","1401","Calculus I","Fall 2023",2023-08-21,2023-04-10,9
"5802","MATH","2411","Calculus II","Fall 2023",2023-08-21,2023-04-10,3
"5803","MATH","2830","Introductory Statistics","Fall 2023",2023-08-21,2023-04-10,3
"5804","MATH","1010","Math for Liberal Arts","Fall 2023",2023-08-21,2023-04-11,1
"5805","MATH","1060","Finite Mathematics","Fall 2023",2023-08-21,2023-04-11,2
"5806","MATH","1110","College Algebra","Fall 2023",2023-08-21,2023-04-11,1
"5807","MATH","1401","Calculus I","Fall 2023",2023-08-21,2023-04-11,12
"5808","MATH","2411","Calculus II","Fall 2023",2023-08-21,2023-04-11,2
"5809","MATH","2830","Introductory Statistics","Fall 2023",2023-08-21,2023-04-11,4
"5810","MATH","1010","Math for Liberal Arts","Fall 2023",2023-08-21,2023-04-12,1
"5811","MATH","1060","Finite Mathematics","Fall 2023",2023-08-21,2023-04-12,2
"5812","MATH","1110","College Algebra","Fall 2023",2023-08-21,2023-04-12,1
"5813","MATH","1401","Calculus I","Fall 2023",2023-08-21,2023-04-12,14
"5814","MATH","2411","Calculus II","Fall 2023",2023-08-21,2023-04-12,2
"5815","MATH","2830","Introductory Statistics","Fall 2023",2023-08-21,2023-04-12,6
"5816","MATH","1010","Math for Liberal Arts","Fall 2023",2023-08-21,2023-04-13,2
"5817","MATH","1060","Finite Mathematics","Fall 2023",2023-08-21,2023-04-13,2
"5818","MATH","1110","College Algebra","Fall 2023",2023-08-21,2023-04-13,1
"5819","MATH","1401","Calculus I","Fall 2023",2023-08-21,2023-04-13,17
"5820","MATH","2411","Calculus II","Fall 2023",2023-08-21,2023-04-13,3
"5821","MATH","2830","Introductory Statistics","Fall 2023",2023-08-21,2023-04-13,7
"5822","MATH","1010","Math for Liberal Arts","Fall 2023",2023-08-21,2023-04-14,2
"5823","MATH","1060","Finite Mathematics","Fall 2023",2023-08-21,2023-04-14,2
"5824","MATH","1110","College Algebra","Fall 2023",2023-08-21,2023-04-14,1
"5825","MATH","1401","Calculus I","Fall 2023",2023-08-21,2023-04-14,18
"5826","MATH","2411","Calculus II","Fall 2023",2023-08-21,2023-04-14,5
"5827","MATH","2830","Introductory Statistics","Fall 2023",2023-08-21,2023-04-14,11
"5828","MATH","1010","Math for Liberal Arts","Fall 2023",2023-08-21,2023-04-15,4
"5829","MATH","1060","Finite Mathematics","Fall 2023",2023-08-21,2023-04-15,2
"5830","MATH","1110","College Algebra","Fall 2023",2023-08-21,2023-04-15,2
"5831","MATH","1401","Calculus I","Fall 2023",2023-08-21,2023-04-15,30
"5832","MATH","2411","Calculus II","Fall 2023",2023-08-21,2023-04-15,14
"5833","MATH","2830","Introductory Statistics","Fall 2023",2023-08-21,2023-04-15,18
"5834","MATH","1010","Math for Liberal Arts","Fall 2023",2023-08-21,2023-04-16,5
"5835","MATH","1060","Finite Mathematics","Fall 2023",2023-08-21,2023-04-16,3
"5836","MATH","1110","College Algebra","Fall 2023",2023-08-21,2023-04-16,2
"5837","MATH","1401","Calculus I","Fall 2023",2023-08-21,2023-04-16,32
"5838","MATH","2411","Calculus II","Fall 2023",2023-08-21,2023-04-16,16
"5839","MATH","2830","Introductory Statistics","Fall 2023",2023-08-21,2023-04-16,18
"5840","MATH","1010","Math for Liberal Arts","Fall 2023",2023-08-21,2023-04-17,5
"5841","MATH","1060","Finite Mathematics","Fall 2023",2023-08-21,2023-04-17,4
"5842","MATH","1110","College Algebra","Fall 2023",2023-08-21,2023-04-17,2
"5843","MATH","1401","Calculus I","Fall 2023",2023-08-21,2023-04-17,33
"5844","MATH","2411","Calculus II","Fall 2023",2023-08-21,2023-04-17,16
"5845","MATH","2830","Introductory Statistics","Fall 2023",2023-08-21,2023-04-17,18
"5846","MATH","1010","Math for Liberal Arts","Fall 2023",2023-08-21,2023-04-18,6
"5847","MATH","1060","Finite Mathematics","Fall 2023",2023-08-21,2023-04-18,11
"5848","MATH","1110","College Algebra","Fall 2023",2023-08-21,2023-04-18,3
"5849","MATH","1401","Calculus I","Fall 2023",2023-08-21,2023-04-18,48
"5850","MATH","2411","Calculus II","Fall 2023",2023-08-21,2023-04-18,23
"5851","MATH","2830","Introductory Statistics","Fall 2023",2023-08-21,2023-04-18,29
"5852","MATH","1010","Math for Liberal Arts","Fall 2023",2023-08-21,2023-04-19,8
"5853","MATH","1060","Finite Mathematics","Fall 2023",2023-08-21,2023-04-19,12
"5854","MATH","1110","College Algebra","Fall 2023",2023-08-21,2023-04-19,4
"5855","MATH","1401","Calculus I","Fall 2023",2023-08-21,2023-04-19,57
"5856","MATH","2411","Calculus II","Fall 2023",2023-08-21,2023-04-19,26
"5857","MATH","2830","Introductory Statistics","Fall 2023",2023-08-21,2023-04-19,35
"5858","MATH","1010","Math for Liberal Arts","Fall 2023",2023-08-21,2023-04-20,9
"5859","MATH","1060","Finite Mathematics","Fall 2023",2023-08-21,2023-04-20,12
"5860","MATH","1110","College Algebra","Fall 2023",2023-08-21,2023-04-20,4
"5861","MATH","1401","Calculus I","Fall 2023",2023-08-21,2023-04-20,61
"5862","MATH","2411","Calculus II","Fall 2023",2023-08-21,2023-04-20,33
"5863","MATH","2830","Introductory Statistics","Fall 2023",2023-08-21,2023-04-20,36
"5864","MATH","1010","Math for Liberal Arts","Fall 2023",2023-08-21,2023-04-21,13
"5865","MATH","1060","Finite Mathematics","Fall 2023",2023-08-21,2023-04-21,13
"5866","MATH","1110","College Algebra","Fall 2023",2023-08-21,2023-04-21,4
"5867","MATH","1401","Calculus I","Fall 2023",2023-08-21,2023-04-21,64
"5868","MATH","2411","Calculus II","Fall 2023",2023-08-21,2023-04-21,35
"5869","MATH","2830","Introductory Statistics","Fall 2023",2023-08-21,2023-04-21,36
"5870","MATH","1010","Math for Liberal Arts","Fall 2023",2023-08-21,2023-04-22,31
"5871","MATH","1060","Finite Mathematics","Fall 2023",2023-08-21,2023-04-22,21
"5872","MATH","1110","College Algebra","Fall 2023",2023-08-21,2023-04-22,5
"5873","MATH","1401","Calculus I","Fall 2023",2023-08-21,2023-04-22,69
"5874","MATH","2411","Calculus II","Fall 2023",2023-08-21,2023-04-22,37
"5875","MATH","2830","Introductory Statistics","Fall 2023",2023-08-21,2023-04-22,46
"5876","MATH","1010","Math for Liberal Arts","Fall 2023",2023-08-21,2023-04-23,31
"5877","MATH","1060","Finite Mathematics","Fall 2023",2023-08-21,2023-04-23,21
"5878","MATH","1110","College Algebra","Fall 2023",2023-08-21,2023-04-23,5
"5879","MATH","1401","Calculus I","Fall 2023",2023-08-21,2023-04-23,69
"5880","MATH","2411","Calculus II","Fall 2023",2023-08-21,2023-04-23,37
"5881","MATH","2830","Introductory Statistics","Fall 2023",2023-08-21,2023-04-23,46
"5882","MATH","1010","Math for Liberal Arts","Fall 2023",2023-08-21,2023-04-24,32
"5883","MATH","1060","Finite Mathematics","Fall 2023",2023-08-21,2023-04-24,21
"5884","MATH","1110","College Algebra","Fall 2023",2023-08-21,2023-04-24,5
"5885","MATH","1401","Calculus I","Fall 2023",2023-08-21,2023-04-24,70
"5886","MATH","2411","Calculus II","Fall 2023",2023-08-21,2023-04-24,38
"5887","MATH","2830","Introductory Statistics","Fall 2023",2023-08-21,2023-04-24,47
"5888","MATH","1010","Math for Liberal Arts","Fall 2023",2023-08-21,2023-04-25,32
"5889","MATH","1060","Finite Mathematics","Fall 2023",2023-08-21,2023-04-25,22
"5890","MATH","1110","College Algebra","Fall 2023",2023-08-21,2023-04-25,6
"5891","MATH","1401","Calculus I","Fall 2023",2023-08-21,2023-04-25,72
"5892","MATH","2411","Calculus II","Fall 2023",2023-08-21,2023-04-25,38
"5893","MATH","2830","Introductory Statistics","Fall 2023",2023-08-21,2023-04-25,50
"5894","MATH","1010","Math for Liberal Arts","Fall 2023",2023-08-21,2023-04-26,33
"5895","MATH","1060","Finite Mathematics","Fall 2023",2023-08-21,2023-04-26,24
"5896","MATH","1110","College Algebra","Fall 2023",2023-08-21,2023-04-26,7
"5897","MATH","1401","Calculus I","Fall 2023",2023-08-21,2023-04-26,76
"5898","MATH","2411","Calculus II","Fall 2023",2023-08-21,2023-04-26,41
"5899","MATH","2830","Introductory Statistics","Fall 2023",2023-08-21,2023-04-26,50
"5900","MATH","1010","Math for Liberal Arts","Fall 2023",2023-08-21,2023-04-27,34
"5901","MATH","1060","Finite Mathematics","Fall 2023",2023-08-21,2023-04-27,25
"5902","MATH","1110","College Algebra","Fall 2023",2023-08-21,2023-04-27,9
"5903","MATH","1401","Calculus I","Fall 2023",2023-08-21,2023-04-27,81
"5904","MATH","2411","Calculus II","Fall 2023",2023-08-21,2023-04-27,45
"5905","MATH","2830","Introductory Statistics","Fall 2023",2023-08-21,2023-04-27,50
"5906","MATH","1010","Math for Liberal Arts","Fall 2023",2023-08-21,2023-04-28,37
"5907","MATH","1060","Finite Mathematics","Fall 2023",2023-08-21,2023-04-28,28
"5908","MATH","1110","College Algebra","Fall 2023",2023-08-21,2023-04-28,11
"5909","MATH","1401","Calculus I","Fall 2023",2023-08-21,2023-04-28,84
"5910","MATH","2411","Calculus II","Fall 2023",2023-08-21,2023-04-28,46
"5911","MATH","2830","Introductory Statistics","Fall 2023",2023-08-21,2023-04-28,53
"5912","MATH","1010","Math for Liberal Arts","Fall 2023",2023-08-21,2023-04-29,37
"5913","MATH","1060","Finite Mathematics","Fall 2023",2023-08-21,2023-04-29,28
"5914","MATH","1110","College Algebra","Fall 2023",2023-08-21,2023-04-29,11
"5915","MATH","1401","Calculus I","Fall 2023",2023-08-21,2023-04-29,84
"5916","MATH","2411","Calculus II","Fall 2023",2023-08-21,2023-04-29,49
"5917","MATH","2830","Introductory Statistics","Fall 2023",2023-08-21,2023-04-29,53
"5918","MATH","1010","Math for Liberal Arts","Fall 2023",2023-08-21,2023-04-30,37
"5919","MATH","1060","Finite Mathematics","Fall 2023",2023-08-21,2023-04-30,29
"5920","MATH","1110","College Algebra","Fall 2023",2023-08-21,2023-04-30,11
"5921","MATH","1401","Calculus I","Fall 2023",2023-08-21,2023-04-30,84
"5922","MATH","2411","Calculus II","Fall 2023",2023-08-21,2023-04-30,49
"5923","MATH","2830","Introductory Statistics","Fall 2023",2023-08-21,2023-04-30,53
"5924","MATH","1010","Math for Liberal Arts","Fall 2023",2023-08-21,2023-05-01,37
"5925","MATH","1060","Finite Mathematics","Fall 2023",2023-08-21,2023-05-01,29
"5926","MATH","1110","College Algebra","Fall 2023",2023-08-21,2023-05-01,11
"5927","MATH","1401","Calculus I","Fall 2023",2023-08-21,2023-05-01,84
"5928","MATH","2411","Calculus II","Fall 2023",2023-08-21,2023-05-01,50
"5929","MATH","2830","Introductory Statistics","Fall 2023",2023-08-21,2023-05-01,53
"5930","MATH","1010","Math for Liberal Arts","Fall 2023",2023-08-21,2023-05-02,38
"5931","MATH","1060","Finite Mathematics","Fall 2023",2023-08-21,2023-05-02,30
"5932","MATH","1110","College Algebra","Fall 2023",2023-08-21,2023-05-02,12
"5933","MATH","1401","Calculus I","Fall 2023",2023-08-21,2023-05-02,92
"5934","MATH","2411","Calculus II","Fall 2023",2023-08-21,2023-05-02,52
"5935","MATH","2830","Introductory Statistics","Fall 2023",2023-08-21,2023-05-02,53
"5936","MATH","1010","Math for Liberal Arts","Fall 2023",2023-08-21,2023-05-03,38
"5937","MATH","1060","Finite Mathematics","Fall 2023",2023-08-21,2023-05-03,31
"5938","MATH","1110","College Algebra","Fall 2023",2023-08-21,2023-05-03,14
"5939","MATH","1401","Calculus I","Fall 2023",2023-08-21,2023-05-03,95
"5940","MATH","2411","Calculus II","Fall 2023",2023-08-21,2023-05-03,54
"5941","MATH","2830","Introductory Statistics","Fall 2023",2023-08-21,2023-05-03,54
"5942","MATH","1010","Math for Liberal Arts","Fall 2023",2023-08-21,2023-05-04,40
"5943","MATH","1060","Finite Mathematics","Fall 2023",2023-08-21,2023-05-04,31
"5944","MATH","1110","College Algebra","Fall 2023",2023-08-21,2023-05-04,15
"5945","MATH","1401","Calculus I","Fall 2023",2023-08-21,2023-05-04,97
"5946","MATH","2411","Calculus II","Fall 2023",2023-08-21,2023-05-04,54
"5947","MATH","2830","Introductory Statistics","Fall 2023",2023-08-21,2023-05-04,53
"5948","MATH","1010","Math for Liberal Arts","Fall 2023",2023-08-21,2023-05-05,42
"5949","MATH","1060","Finite Mathematics","Fall 2023",2023-08-21,2023-05-05,32
"5950","MATH","1110","College Algebra","Fall 2023",2023-08-21,2023-05-05,15
"5951","MATH","1401","Calculus I","Fall 2023",2023-08-21,2023-05-05,96
"5952","MATH","2411","Calculus II","Fall 2023",2023-08-21,2023-05-05,54
"5953","MATH","2830","Introductory Statistics","Fall 2023",2023-08-21,2023-05-05,54
"5954","MATH","1010","Math for Liberal Arts","Fall 2023",2023-08-21,2023-05-06,62
"5955","MATH","1060","Finite Mathematics","Fall 2023",2023-08-21,2023-05-06,33
"5956","MATH","1110","College Algebra","Fall 2023",2023-08-21,2023-05-06,15
"5957","MATH","1401","Calculus I","Fall 2023",2023-08-21,2023-05-06,102
"5958","MATH","2411","Calculus II","Fall 2023",2023-08-21,2023-05-06,55
"5959","MATH","2830","Introductory Statistics","Fall 2023",2023-08-21,2023-05-06,58
"5960","MATH","1010","Math for Liberal Arts","Fall 2023",2023-08-21,2023-05-07,63
"5961","MATH","1060","Finite Mathematics","Fall 2023",2023-08-21,2023-05-07,34
"5962","MATH","1110","College Algebra","Fall 2023",2023-08-21,2023-05-07,15
"5963","MATH","1401","Calculus I","Fall 2023",2023-08-21,2023-05-07,104
"5964","MATH","2411","Calculus II","Fall 2023",2023-08-21,2023-05-07,56
"5965","MATH","2830","Introductory Statistics","Fall 2023",2023-08-21,2023-05-07,58
"5966","MATH","1010","Math for Liberal Arts","Fall 2023",2023-08-21,2023-05-08,63
"5967","MATH","1060","Finite Mathematics","Fall 2023",2023-08-21,2023-05-08,34
"5968","MATH","1110","College Algebra","Fall 2023",2023-08-21,2023-05-08,15
"5969","MATH","1401","Calculus I","Fall 2023",2023-08-21,2023-05-08,105
"5970","MATH","2411","Calculus II","Fall 2023",2023-08-21,2023-05-08,58
"5971","MATH","2830","Introductory Statistics","Fall 2023",2023-08-21,2023-05-08,57
"5972","MATH","1010","Math for Liberal Arts","Fall 2023",2023-08-21,2023-05-09,64
"5973","MATH","1060","Finite Mathematics","Fall 2023",2023-08-21,2023-05-09,34
"5974","MATH","1110","College Algebra","Fall 2023",2023-08-21,2023-05-09,15
"5975","MATH","1401","Calculus I","Fall 2023",2023-08-21,2023-05-09,109
"5976","MATH","2411","Calculus II","Fall 2023",2023-08-21,2023-05-09,57
"5977","MATH","2830","Introductory Statistics","Fall 2023",2023-08-21,2023-05-09,59
"5978","MATH","1010","Math for Liberal Arts","Fall 2023",2023-08-21,2023-05-10,65
"5979","MATH","1060","Finite Mathematics","Fall 2023",2023-08-21,2023-05-10,34
"5980","MATH","1110","College Algebra","Fall 2023",2023-08-21,2023-05-10,16
"5981","MATH","1401","Calculus I","Fall 2023",2023-08-21,2023-05-10,112
"5982","MATH","2411","Calculus II","Fall 2023",2023-08-21,2023-05-10,57
"5983","MATH","2830","Introductory Statistics","Fall 2023",2023-08-21,2023-05-10,59
"5984","MATH","1010","Math for Liberal Arts","Fall 2023",2023-08-21,2023-05-11,66
"5985","MATH","1060","Finite Mathematics","Fall 2023",2023-08-21,2023-05-11,36
"5986","MATH","1110","College Algebra","Fall 2023",2023-08-21,2023-05-11,16
"5987","MATH","1401","Calculus I","Fall 2023",2023-08-21,2023-05-11,111
"5988","MATH","2411","Calculus II","Fall 2023",2023-08-21,2023-05-11,60
"5989","MATH","2830","Introductory Statistics","Fall 2023",2023-08-21,2023-05-11,59
"5990","MATH","1010","Math for Liberal Arts","Fall 2023",2023-08-21,2023-05-12,66
"5991","MATH","1060","Finite Mathematics","Fall 2023",2023-08-21,2023-05-12,36
"5992","MATH","1110","College Algebra","Fall 2023",2023-08-21,2023-05-12,18
"5993","MATH","1401","Calculus I","Fall 2023",2023-08-21,2023-05-12,111
"5994","MATH","2411","Calculus II","Fall 2023",2023-08-21,2023-05-12,60
"5995","MATH","2830","Introductory Statistics","Fall 2023",2023-08-21,2023-05-12,60
"5996","MATH","1010","Math for Liberal Arts","Fall 2023",2023-08-21,2023-05-13,68
"5997","MATH","1060","Finite Mathematics","Fall 2023",2023-08-21,2023-05-13,35
"5998","MATH","1110","College Algebra","Fall 2023",2023-08-21,2023-05-13,20
"5999","MATH","1401","Calculus I","Fall 2023",2023-08-21,2023-05-13,113
"6000","MATH","2411","Calculus II","Fall 2023",2023-08-21,2023-05-13,63
"6001","MATH","2830","Introductory Statistics","Fall 2023",2023-08-21,2023-05-13,60
"6002","MATH","1010","Math for Liberal Arts","Fall 2023",2023-08-21,2023-05-14,68
"6003","MATH","1060","Finite Mathematics","Fall 2023",2023-08-21,2023-05-14,36
"6004","MATH","1110","College Algebra","Fall 2023",2023-08-21,2023-05-14,20
"6005","MATH","1401","Calculus I","Fall 2023",2023-08-21,2023-05-14,113
"6006","MATH","2411","Calculus II","Fall 2023",2023-08-21,2023-05-14,64
"6007","MATH","2830","Introductory Statistics","Fall 2023",2023-08-21,2023-05-14,60
"6008","MATH","1010","Math for Liberal Arts","Fall 2023",2023-08-21,2023-05-15,68
"6009","MATH","1060","Finite Mathematics","Fall 2023",2023-08-21,2023-05-15,36
"6010","MATH","1110","College Algebra","Fall 2023",2023-08-21,2023-05-15,20
"6011","MATH","1401","Calculus I","Fall 2023",2023-08-21,2023-05-15,113
"6012","MATH","2411","Calculus II","Fall 2023",2023-08-21,2023-05-15,63
"6013","MATH","2830","Introductory Statistics","Fall 2023",2023-08-21,2023-05-15,60
"6014","MATH","1010","Math for Liberal Arts","Fall 2023",2023-08-21,2023-05-16,69
"6015","MATH","1060","Finite Mathematics","Fall 2023",2023-08-21,2023-05-16,37
"6016","MATH","1110","College Algebra","Fall 2023",2023-08-21,2023-05-16,20
"6017","MATH","1401","Calculus I","Fall 2023",2023-08-21,2023-05-16,114
"6018","MATH","2411","Calculus II","Fall 2023",2023-08-21,2023-05-16,62
"6019","MATH","2830","Introductory Statistics","Fall 2023",2023-08-21,2023-05-16,61
"6020","MATH","1010","Math for Liberal Arts","Fall 2023",2023-08-21,2023-05-17,70
"6021","MATH","1060","Finite Mathematics","Fall 2023",2023-08-21,2023-05-17,37
"6022","MATH","1110","College Algebra","Fall 2023",2023-08-21,2023-05-17,20
"6023","MATH","1401","Calculus I","Fall 2023",2023-08-21,2023-05-17,114
"6024","MATH","2411","Calculus II","Fall 2023",2023-08-21,2023-05-17,62
"6025","MATH","2830","Introductory Statistics","Fall 2023",2023-08-21,2023-05-17,61
"6026","MATH","1010","Math for Liberal Arts","Fall 2023",2023-08-21,2023-05-18,71
"6027","MATH","1060","Finite Mathematics","Fall 2023",2023-08-21,2023-05-18,39
"6028","MATH","1110","College Algebra","Fall 2023",2023-08-21,2023-05-18,21
"6029","MATH","1401","Calculus I","Fall 2023",2023-08-21,2023-05-18,116
"6030","MATH","2411","Calculus II","Fall 2023",2023-08-21,2023-05-18,63
"6031","MATH","2830","Introductory Statistics","Fall 2023",2023-08-21,2023-05-18,61
"6032","MATH","1010","Math for Liberal Arts","Fall 2023",2023-08-21,2023-05-19,71
"6033","MATH","1060","Finite Mathematics","Fall 2023",2023-08-21,2023-05-19,39
"6034","MATH","1110","College Algebra","Fall 2023",2023-08-21,2023-05-19,22
"6035","MATH","1401","Calculus I","Fall 2023",2023-08-21,2023-05-19,118
"6036","MATH","2411","Calculus II","Fall 2023",2023-08-21,2023-05-19,64
"6037","MATH","2830","Introductory Statistics","Fall 2023",2023-08-21,2023-05-19,64
"6038","MATH","1010","Math for Liberal Arts","Fall 2023",2023-08-21,2023-05-20,83
"6039","MATH","1060","Finite Mathematics","Fall 2023",2023-08-21,2023-05-20,39
"6040","MATH","1110","College Algebra","Fall 2023",2023-08-21,2023-05-20,26
"6041","MATH","1401","Calculus I","Fall 2023",2023-08-21,2023-05-20,121
"6042","MATH","2411","Calculus II","Fall 2023",2023-08-21,2023-05-20,65
"6043","MATH","2830","Introductory Statistics","Fall 2023",2023-08-21,2023-05-20,68
"6044","MATH","1010","Math for Liberal Arts","Fall 2023",2023-08-21,2023-05-21,83
"6045","MATH","1060","Finite Mathematics","Fall 2023",2023-08-21,2023-05-21,39
"6046","MATH","1110","College Algebra","Fall 2023",2023-08-21,2023-05-21,26
"6047","MATH","1401","Calculus I","Fall 2023",2023-08-21,2023-05-21,121
"6048","MATH","2411","Calculus II","Fall 2023",2023-08-21,2023-05-21,65
"6049","MATH","2830","Introductory Statistics","Fall 2023",2023-08-21,2023-05-21,67
"6050","MATH","1010","Math for Liberal Arts","Fall 2023",2023-08-21,2023-05-22,83
"6051","MATH","1060","Finite Mathematics","Fall 2023",2023-08-21,2023-05-22,41
"6052","MATH","1110","College Algebra","Fall 2023",2023-08-21,2023-05-22,28
"6053","MATH","1401","Calculus I","Fall 2023",2023-08-21,2023-05-22,122
"6054","MATH","2411","Calculus II","Fall 2023",2023-08-21,2023-05-22,65
"6055","MATH","2830","Introductory Statistics","Fall 2023",2023-08-21,2023-05-22,68
"6056","MATH","1010","Math for Liberal Arts","Fall 2023",2023-08-21,2023-05-23,83
"6057","MATH","1060","Finite Mathematics","Fall 2023",2023-08-21,2023-05-23,41
"6058","MATH","1110","College Algebra","Fall 2023",2023-08-21,2023-05-23,29
"6059","MATH","1401","Calculus I","Fall 2023",2023-08-21,2023-05-23,122
"6060","MATH","2411","Calculus II","Fall 2023",2023-08-21,2023-05-23,66
"6061","MATH","2830","Introductory Statistics","Fall 2023",2023-08-21,2023-05-23,68
"6062","MATH","1010","Math for Liberal Arts","Fall 2023",2023-08-21,2023-05-24,84
"6063","MATH","1060","Finite Mathematics","Fall 2023",2023-08-21,2023-05-24,41
"6064","MATH","1110","College Algebra","Fall 2023",2023-08-21,2023-05-24,29
"6065","MATH","1401","Calculus I","Fall 2023",2023-08-21,2023-05-24,123
"6066","MATH","2411","Calculus II","Fall 2023",2023-08-21,2023-05-24,66
"6067","MATH","2830","Introductory Statistics","Fall 2023",2023-08-21,2023-05-24,68
"6068","MATH","1010","Math for Liberal Arts","Fall 2023",2023-08-21,2023-05-25,87
"6069","MATH","1060","Finite Mathematics","Fall 2023",2023-08-21,2023-05-25,41
"6070","MATH","1110","College Algebra","Fall 2023",2023-08-21,2023-05-25,30
"6071","MATH","1401","Calculus I","Fall 2023",2023-08-21,2023-05-25,126
"6072","MATH","2411","Calculus II","Fall 2023",2023-08-21,2023-05-25,67
"6073","MATH","2830","Introductory Statistics","Fall 2023",2023-08-21,2023-05-25,68
"6074","MATH","1010","Math for Liberal Arts","Fall 2023",2023-08-21,2023-05-26,88
"6075","MATH","1060","Finite Mathematics","Fall 2023",2023-08-21,2023-05-26,41
"6076","MATH","1110","College Algebra","Fall 2023",2023-08-21,2023-05-26,30
"6077","MATH","1401","Calculus I","Fall 2023",2023-08-21,2023-05-26,129
"6078","MATH","2411","Calculus II","Fall 2023",2023-08-21,2023-05-26,67
"6079","MATH","2830","Introductory Statistics","Fall 2023",2023-08-21,2023-05-26,70
"6080","MATH","1010","Math for Liberal Arts","Fall 2023",2023-08-21,2023-05-27,90
"6081","MATH","1060","Finite Mathematics","Fall 2023",2023-08-21,2023-05-27,41
"6082","MATH","1110","College Algebra","Fall 2023",2023-08-21,2023-05-27,30
"6083","MATH","1401","Calculus I","Fall 2023",2023-08-21,2023-05-27,130
"6084","MATH","2411","Calculus II","Fall 2023",2023-08-21,2023-05-27,67
"6085","MATH","2830","Introductory Statistics","Fall 2023",2023-08-21,2023-05-27,70
"6086","MATH","1010","Math for Liberal Arts","Fall 2023",2023-08-21,2023-05-28,90
"6087","MATH","1060","Finite Mathematics","Fall 2023",2023-08-21,2023-05-28,41
"6088","MATH","1110","College Algebra","Fall 2023",2023-08-21,2023-05-28,30
"6089","MATH","1401","Calculus I","Fall 2023",2023-08-21,2023-05-28,130
"6090","MATH","2411","Calculus II","Fall 2023",2023-08-21,2023-05-28,67
"6091","MATH","2830","Introductory Statistics","Fall 2023",2023-08-21,2023-05-28,70
"6092","MATH","1010","Math for Liberal Arts","Fall 2023",2023-08-21,2023-05-29,90
"6093","MATH","1060","Finite Mathematics","Fall 2023",2023-08-21,2023-05-29,41
"6094","MATH","1110","College Algebra","Fall 2023",2023-08-21,2023-05-29,31
"6095","MATH","1401","Calculus I","Fall 2023",2023-08-21,2023-05-29,130
"6096","MATH","2411","Calculus II","Fall 2023",2023-08-21,2023-05-29,67
"6097","MATH","2830","Introductory Statistics","Fall 2023",2023-08-21,2023-05-29,70
"6098","MATH","1010","Math for Liberal Arts","Fall 2023",2023-08-21,2023-05-30,90
"6099","MATH","1060","Finite Mathematics","Fall 2023",2023-08-21,2023-05-30,41
"6100","MATH","1110","College Algebra","Fall 2023",2023-08-21,2023-05-30,31
"6101","MATH","1401","Calculus I","Fall 2023",2023-08-21,2023-05-30,130
"6102","MATH","2411","Calculus II","Fall 2023",2023-08-21,2023-05-30,68
"6103","MATH","2830","Introductory Statistics","Fall 2023",2023-08-21,2023-05-30,70
"6104","MATH","1010","Math for Liberal Arts","Fall 2023",2023-08-21,2023-05-31,88
"6105","MATH","1060","Finite Mathematics","Fall 2023",2023-08-21,2023-05-31,41
"6106","MATH","1110","College Algebra","Fall 2023",2023-08-21,2023-05-31,31
"6107","MATH","1401","Calculus I","Fall 2023",2023-08-21,2023-05-31,130
"6108","MATH","2411","Calculus II","Fall 2023",2023-08-21,2023-05-31,68
"6109","MATH","2830","Introductory Statistics","Fall 2023",2023-08-21,2023-05-31,71
"6110","MATH","1010","Math for Liberal Arts","Fall 2023",2023-08-21,2023-06-01,87
"6111","MATH","1060","Finite Mathematics","Fall 2023",2023-08-21,2023-06-01,41
"6112","MATH","1110","College Algebra","Fall 2023",2023-08-21,2023-06-01,31
"6113","MATH","1401","Calculus I","Fall 2023",2023-08-21,2023-06-01,131
"6114","MATH","2411","Calculus II","Fall 2023",2023-08-21,2023-06-01,68
"6115","MATH","2830","Introductory Statistics","Fall 2023",2023-08-21,2023-06-01,72
"6116","MATH","1010","Math for Liberal Arts","Fall 2023",2023-08-21,2023-06-02,89
"6117","MATH","1060","Finite Mathematics","Fall 2023",2023-08-21,2023-06-02,56
"6118","MATH","1110","College Algebra","Fall 2023",2023-08-21,2023-06-02,31
"6119","MATH","1401","Calculus I","Fall 2023",2023-08-21,2023-06-02,132
"6120","MATH","2411","Calculus II","Fall 2023",2023-08-21,2023-06-02,68
"6121","MATH","2830","Introductory Statistics","Fall 2023",2023-08-21,2023-06-02,72
"6122","MATH","1010","Math for Liberal Arts","Fall 2023",2023-08-21,2023-06-03,90
"6123","MATH","1060","Finite Mathematics","Fall 2023",2023-08-21,2023-06-03,57
"6124","MATH","1110","College Algebra","Fall 2023",2023-08-21,2023-06-03,31
"6125","MATH","1401","Calculus I","Fall 2023",2023-08-21,2023-06-03,133
"6126","MATH","2411","Calculus II","Fall 2023",2023-08-21,2023-06-03,68
"6127","MATH","2830","Introductory Statistics","Fall 2023",2023-08-21,2023-06-03,72
"6128","MATH","1010","Math for Liberal Arts","Fall 2023",2023-08-21,2023-06-04,91
"6129","MATH","1060","Finite Mathematics","Fall 2023",2023-08-21,2023-06-04,57
"6130","MATH","1110","College Algebra","Fall 2023",2023-08-21,2023-06-04,31
"6131","MATH","1401","Calculus I","Fall 2023",2023-08-21,2023-06-04,133
"6132","MATH","2411","Calculus II","Fall 2023",2023-08-21,2023-06-04,69
"6133","MATH","2830","Introductory Statistics","Fall 2023",2023-08-21,2023-06-04,72
"6134","MATH","1010","Math for Liberal Arts","Fall 2023",2023-08-21,2023-06-05,91
"6135","MATH","1060","Finite Mathematics","Fall 2023",2023-08-21,2023-06-05,57
"6136","MATH","1110","College Algebra","Fall 2023",2023-08-21,2023-06-05,31
"6137","MATH","1401","Calculus I","Fall 2023",2023-08-21,2023-06-05,133
"6138","MATH","2411","Calculus II","Fall 2023",2023-08-21,2023-06-05,70
"6139","MATH","2830","Introductory Statistics","Fall 2023",2023-08-21,2023-06-05,73
"6140","MATH","1010","Math for Liberal Arts","Fall 2023",2023-08-21,2023-06-06,91
"6141","MATH","1060","Finite Mathematics","Fall 2023",2023-08-21,2023-06-06,59
"6142","MATH","1110","College Algebra","Fall 2023",2023-08-21,2023-06-06,31
"6143","MATH","1401","Calculus I","Fall 2023",2023-08-21,2023-06-06,133
"6144","MATH","2411","Calculus II","Fall 2023",2023-08-21,2023-06-06,72
"6145","MATH","2830","Introductory Statistics","Fall 2023",2023-08-21,2023-06-06,73
"6146","MATH","1010","Math for Liberal Arts","Fall 2023",2023-08-21,2023-06-07,105
"6147","MATH","1060","Finite Mathematics","Fall 2023",2023-08-21,2023-06-07,66
"6148","MATH","1110","College Algebra","Fall 2023",2023-08-21,2023-06-07,34
"6149","MATH","1401","Calculus I","Fall 2023",2023-08-21,2023-06-07,139
"6150","MATH","2411","Calculus II","Fall 2023",2023-08-21,2023-06-07,72
"6151","MATH","2830","Introductory Statistics","Fall 2023",2023-08-21,2023-06-07,82
"6152","MATH","1010","Math for Liberal Arts","Fall 2023",2023-08-21,2023-06-08,105
"6153","MATH","1060","Finite Mathematics","Fall 2023",2023-08-21,2023-06-08,67
"6154","MATH","1110","College Algebra","Fall 2023",2023-08-21,2023-06-08,34
"6155","MATH","1401","Calculus I","Fall 2023",2023-08-21,2023-06-08,140
"6156","MATH","2411","Calculus II","Fall 2023",2023-08-21,2023-06-08,73
"6157","MATH","2830","Introductory Statistics","Fall 2023",2023-08-21,2023-06-08,84
"6158","MATH","1010","Math for Liberal Arts","Fall 2023",2023-08-21,2023-06-09,107
"6159","MATH","1060","Finite Mathematics","Fall 2023",2023-08-21,2023-06-09,69
"6160","MATH","1110","College Algebra","Fall 2023",2023-08-21,2023-06-09,34
"6161","MATH","1401","Calculus I","Fall 2023",2023-08-21,2023-06-09,146
"6162","MATH","2411","Calculus II","Fall 2023",2023-08-21,2023-06-09,73
"6163","MATH","2830","Introductory Statistics","Fall 2023",2023-08-21,2023-06-09,85
"6164","MATH","1010","Math for Liberal Arts","Fall 2023",2023-08-21,2023-06-10,109
"6165","MATH","1060","Finite Mathematics","Fall 2023",2023-08-21,2023-06-10,69
"6166","MATH","1110","College Algebra","Fall 2023",2023-08-21,2023-06-10,34
"6167","MATH","1401","Calculus I","Fall 2023",2023-08-21,2023-06-10,147
"6168","MATH","2411","Calculus II","Fall 2023",2023-08-21,2023-06-10,73
"6169","MATH","2830","Introductory Statistics","Fall 2023",2023-08-21,2023-06-10,88
"6170","MATH","1010","Math for Liberal Arts","Fall 2023",2023-08-21,2023-06-11,109
"6171","MATH","1060","Finite Mathematics","Fall 2023",2023-08-21,2023-06-11,70
"6172","MATH","1110","College Algebra","Fall 2023",2023-08-21,2023-06-11,34
"6173","MATH","1401","Calculus I","Fall 2023",2023-08-21,2023-06-11,147
"6174","MATH","2411","Calculus II","Fall 2023",2023-08-21,2023-06-11,73
"6175","MATH","2830","Introductory Statistics","Fall 2023",2023-08-21,2023-06-11,88
"6176","MATH","1010","Math for Liberal Arts","Fall 2023",2023-08-21,2023-06-12,109
"6177","MATH","1060","Finite Mathematics","Fall 2023",2023-08-21,2023-06-12,70
"6178","MATH","1110","College Algebra","Fall 2023",2023-08-21,2023-06-12,34
"6179","MATH","1401","Calculus I","Fall 2023",2023-08-21,2023-06-12,147
"6180","MATH","2411","Calculus II","Fall 2023",2023-08-21,2023-06-12,73
"6181","MATH","2830","Introductory Statistics","Fall 2023",2023-08-21,2023-06-12,88
"6182","MATH","1010","Math for Liberal Arts","Fall 2023",2023-08-21,2023-06-13,110
"6183","MATH","1060","Finite Mathematics","Fall 2023",2023-08-21,2023-06-13,70
"6184","MATH","1110","College Algebra","Fall 2023",2023-08-21,2023-06-13,34
"6185","MATH","1401","Calculus I","Fall 2023",2023-08-21,2023-06-13,148
"6186","MATH","2411","Calculus II","Fall 2023",2023-08-21,2023-06-13,73
"6187","MATH","2830","Introductory Statistics","Fall 2023",2023-08-21,2023-06-13,88
"6188","MATH","1010","Math for Liberal Arts","Fall 2023",2023-08-21,2023-06-14,123
"6189","MATH","1060","Finite Mathematics","Fall 2023",2023-08-21,2023-06-14,78
"6190","MATH","1110","College Algebra","Fall 2023",2023-08-21,2023-06-14,37
"6191","MATH","1401","Calculus I","Fall 2023",2023-08-21,2023-06-14,153
"6192","MATH","2411","Calculus II","Fall 2023",2023-08-21,2023-06-14,74
"6193","MATH","2830","Introductory Statistics","Fall 2023",2023-08-21,2023-06-14,92
"6194","MATH","1010","Math for Liberal Arts","Fall 2023",2023-08-21,2023-06-15,124
"6195","MATH","1060","Finite Mathematics","Fall 2023",2023-08-21,2023-06-15,79
"6196","MATH","1110","College Algebra","Fall 2023",2023-08-21,2023-06-15,37
"6197","MATH","1401","Calculus I","Fall 2023",2023-08-21,2023-06-15,155
"6198","MATH","2411","Calculus II","Fall 2023",2023-08-21,2023-06-15,74
"6199","MATH","2830","Introductory Statistics","Fall 2023",2023-08-21,2023-06-15,92
"6200","MATH","1010","Math for Liberal Arts","Fall 2023",2023-08-21,2023-06-16,127
"6201","MATH","1060","Finite Mathematics","Fall 2023",2023-08-21,2023-06-16,80
"6202","MATH","1110","College Algebra","Fall 2023",2023-08-21,2023-06-16,37
"6203","MATH","1401","Calculus I","Fall 2023",2023-08-21,2023-06-16,155
"6204","MATH","2411","Calculus II","Fall 2023",2023-08-21,2023-06-16,74
"6205","MATH","2830","Introductory Statistics","Fall 2023",2023-08-21,2023-06-16,94
"6206","MATH","1010","Math for Liberal Arts","Fall 2023",2023-08-21,2023-06-17,128
"6207","MATH","1060","Finite Mathematics","Fall 2023",2023-08-21,2023-06-17,80
"6208","MATH","1110","College Algebra","Fall 2023",2023-08-21,2023-06-17,37
"6209","MATH","1401","Calculus I","Fall 2023",2023-08-21,2023-06-17,154
"6210","MATH","2411","Calculus II","Fall 2023",2023-08-21,2023-06-17,74
"6211","MATH","2830","Introductory Statistics","Fall 2023",2023-08-21,2023-06-17,95
"6212","MATH","1010","Math for Liberal Arts","Fall 2023",2023-08-21,2023-06-18,128
"6213","MATH","1060","Finite Mathematics","Fall 2023",2023-08-21,2023-06-18,81
"6214","MATH","1110","College Algebra","Fall 2023",2023-08-21,2023-06-18,37
"6215","MATH","1401","Calculus I","Fall 2023",2023-08-21,2023-06-18,154
"6216","MATH","2411","Calculus II","Fall 2023",2023-08-21,2023-06-18,74
"6217","MATH","2830","Introductory Statistics","Fall 2023",2023-08-21,2023-06-18,95
"6218","MATH","1010","Math for Liberal Arts","Fall 2023",2023-08-21,2023-06-19,129
"6219","MATH","1060","Finite Mathematics","Fall 2023",2023-08-21,2023-06-19,81
"6220","MATH","1110","College Algebra","Fall 2023",2023-08-21,2023-06-19,37
"6221","MATH","1401","Calculus I","Fall 2023",2023-08-21,2023-06-19,155
"6222","MATH","2411","Calculus II","Fall 2023",2023-08-21,2023-06-19,74
"6223","MATH","2830","Introductory Statistics","Fall 2023",2023-08-21,2023-06-19,95
"6224","MATH","1010","Math for Liberal Arts","Fall 2023",2023-08-21,2023-06-20,129
"6225","MATH","1060","Finite Mathematics","Fall 2023",2023-08-21,2023-06-20,81
"6226","MATH","1110","College Algebra","Fall 2023",2023-08-21,2023-06-20,38
"6227","MATH","1401","Calculus I","Fall 2023",2023-08-21,2023-06-20,155
"6228","MATH","2411","Calculus II","Fall 2023",2023-08-21,2023-06-20,74
"6229","MATH","2830","Introductory Statistics","Fall 2023",2023-08-21,2023-06-20,96
"6230","MATH","1010","Math for Liberal Arts","Fall 2023",2023-08-21,2023-06-21,152
"6231","MATH","1060","Finite Mathematics","Fall 2023",2023-08-21,2023-06-21,89
"6232","MATH","1110","College Algebra","Fall 2023",2023-08-21,2023-06-21,42
"6233","MATH","1401","Calculus I","Fall 2023",2023-08-21,2023-06-21,155
"6234","MATH","2411","Calculus II","Fall 2023",2023-08-21,2023-06-21,74
"6235","MATH","2830","Introductory Statistics","Fall 2023",2023-08-21,2023-06-21,100
"6236","MATH","1010","Math for Liberal Arts","Fall 2023",2023-08-21,2023-06-22,153
"6237","MATH","1060","Finite Mathematics","Fall 2023",2023-08-21,2023-06-22,91
"6238","MATH","1110","College Algebra","Fall 2023",2023-08-21,2023-06-22,42
"6239","MATH","1401","Calculus I","Fall 2023",2023-08-21,2023-06-22,155
"6240","MATH","2411","Calculus II","Fall 2023",2023-08-21,2023-06-22,74
"6241","MATH","2830","Introductory Statistics","Fall 2023",2023-08-21,2023-06-22,100
"6242","MATH","1010","Math for Liberal Arts","Fall 2023",2023-08-21,2023-06-23,154
"6243","MATH","1060","Finite Mathematics","Fall 2023",2023-08-21,2023-06-23,92
"6244","MATH","1110","College Algebra","Fall 2023",2023-08-21,2023-06-23,42
"6245","MATH","1401","Calculus I","Fall 2023",2023-08-21,2023-06-23,155
"6246","MATH","2411","Calculus II","Fall 2023",2023-08-21,2023-06-23,74
"6247","MATH","2830","Introductory Statistics","Fall 2023",2023-08-21,2023-06-23,102
"6248","MATH","1010","Math for Liberal Arts","Fall 2023",2023-08-21,2023-06-24,159
"6249","MATH","1060","Finite Mathematics","Fall 2023",2023-08-21,2023-06-24,94
"6250","MATH","1110","College Algebra","Fall 2023",2023-08-21,2023-06-24,43
"6251","MATH","1401","Calculus I","Fall 2023",2023-08-21,2023-06-24,158
"6252","MATH","2411","Calculus II","Fall 2023",2023-08-21,2023-06-24,74
"6253","MATH","2830","Introductory Statistics","Fall 2023",2023-08-21,2023-06-24,102
"6254","MATH","1010","Math for Liberal Arts","Fall 2023",2023-08-21,2023-06-25,159
"6255","MATH","1060","Finite Mathematics","Fall 2023",2023-08-21,2023-06-25,94
"6256","MATH","1110","College Algebra","Fall 2023",2023-08-21,2023-06-25,43
"6257","MATH","1401","Calculus I","Fall 2023",2023-08-21,2023-06-25,158
"6258","MATH","2411","Calculus II","Fall 2023",2023-08-21,2023-06-25,74
"6259","MATH","2830","Introductory Statistics","Fall 2023",2023-08-21,2023-06-25,102
"6260","MATH","1010","Math for Liberal Arts","Fall 2023",2023-08-21,2023-06-26,159
"6261","MATH","1060","Finite Mathematics","Fall 2023",2023-08-21,2023-06-26,94
"6262","MATH","1110","College Algebra","Fall 2023",2023-08-21,2023-06-26,43
"6263","MATH","1401","Calculus I","Fall 2023",2023-08-21,2023-06-26,157
"6264","MATH","2411","Calculus II","Fall 2023",2023-08-21,2023-06-26,74
"6265","MATH","2830","Introductory Statistics","Fall 2023",2023-08-21,2023-06-26,102
"6266","MATH","1010","Math for Liberal Arts","Fall 2023",2023-08-21,2023-06-27,159
"6267","MATH","1060","Finite Mathematics","Fall 2023",2023-08-21,2023-06-27,94
"6268","MATH","1110","College Algebra","Fall 2023",2023-08-21,2023-06-27,43
"6269","MATH","1401","Calculus I","Fall 2023",2023-08-21,2023-06-27,158
"6270","MATH","2411","Calculus II","Fall 2023",2023-08-21,2023-06-27,75
"6271","MATH","2830","Introductory Statistics","Fall 2023",2023-08-21,2023-06-27,102
"6272","MATH","1010","Math for Liberal Arts","Fall 2023",2023-08-21,2023-06-28,173
"6273","MATH","1060","Finite Mathematics","Fall 2023",2023-08-21,2023-06-28,108
"6274","MATH","1110","College Algebra","Fall 2023",2023-08-21,2023-06-28,49
"6275","MATH","1401","Calculus I","Fall 2023",2023-08-21,2023-06-28,167
"6276","MATH","2411","Calculus II","Fall 2023",2023-08-21,2023-06-28,75
"6277","MATH","2830","Introductory Statistics","Fall 2023",2023-08-21,2023-06-28,106
"6278","MATH","1010","Math for Liberal Arts","Fall 2023",2023-08-21,2023-06-29,178
"6279","MATH","1060","Finite Mathematics","Fall 2023",2023-08-21,2023-06-29,111
"6280","MATH","1110","College Algebra","Fall 2023",2023-08-21,2023-06-29,49
"6281","MATH","1401","Calculus I","Fall 2023",2023-08-21,2023-06-29,168
"6282","MATH","2411","Calculus II","Fall 2023",2023-08-21,2023-06-29,75
"6283","MATH","2830","Introductory Statistics","Fall 2023",2023-08-21,2023-06-29,106
"6284","MATH","1010","Math for Liberal Arts","Fall 2023",2023-08-21,2023-06-30,178
"6285","MATH","1060","Finite Mathematics","Fall 2023",2023-08-21,2023-06-30,115
"6286","MATH","1110","College Algebra","Fall 2023",2023-08-21,2023-06-30,50
"6287","MATH","1401","Calculus I","Fall 2023",2023-08-21,2023-06-30,173
"6288","MATH","2411","Calculus II","Fall 2023",2023-08-21,2023-06-30,75
"6289","MATH","2830","Introductory Statistics","Fall 2023",2023-08-21,2023-06-30,106
"6290","MATH","1010","Math for Liberal Arts","Fall 2023",2023-08-21,2023-07-01,178
"6291","MATH","1060","Finite Mathematics","Fall 2023",2023-08-21,2023-07-01,115
"6292","MATH","1110","College Algebra","Fall 2023",2023-08-21,2023-07-01,50
"6293","MATH","1401","Calculus I","Fall 2023",2023-08-21,2023-07-01,173
"6294","MATH","2411","Calculus II","Fall 2023",2023-08-21,2023-07-01,75
"6295","MATH","2830","Introductory Statistics","Fall 2023",2023-08-21,2023-07-01,106
"6296","MATH","1010","Math for Liberal Arts","Fall 2023",2023-08-21,2023-07-02,177
"6297","MATH","1060","Finite Mathematics","Fall 2023",2023-08-21,2023-07-02,116
"6298","MATH","1110","College Algebra","Fall 2023",2023-08-21,2023-07-02,50
"6299","MATH","1401","Calculus I","Fall 2023",2023-08-21,2023-07-02,173
"6300","MATH","2411","Calculus II","Fall 2023",2023-08-21,2023-07-02,75
"6301","MATH","2830","Introductory Statistics","Fall 2023",2023-08-21,2023-07-02,106
"6302","MATH","1010","Math for Liberal Arts","Fall 2023",2023-08-21,2023-07-03,177
"6303","MATH","1060","Finite Mathematics","Fall 2023",2023-08-21,2023-07-03,116
"6304","MATH","1110","College Algebra","Fall 2023",2023-08-21,2023-07-03,50
"6305","MATH","1401","Calculus I","Fall 2023",2023-08-21,2023-07-03,176
"6306","MATH","2411","Calculus II","Fall 2023",2023-08-21,2023-07-03,75
"6307","MATH","2830","Introductory Statistics","Fall 2023",2023-08-21,2023-07-03,107
"6308","MATH","1010","Math for Liberal Arts","Fall 2023",2023-08-21,2023-07-04,177
"6309","MATH","1060","Finite Mathematics","Fall 2023",2023-08-21,2023-07-04,119
"6310","MATH","1110","College Algebra","Fall 2023",2023-08-21,2023-07-04,51
"6311","MATH","1401","Calculus I","Fall 2023",2023-08-21,2023-07-04,176
"6312","MATH","2411","Calculus II","Fall 2023",2023-08-21,2023-07-04,75
"6313","MATH","2830","Introductory Statistics","Fall 2023",2023-08-21,2023-07-04,107
"6314","MATH","1010","Math for Liberal Arts","Fall 2023",2023-08-21,2023-07-05,176
"6315","MATH","1060","Finite Mathematics","Fall 2023",2023-08-21,2023-07-05,122
"6316","MATH","1110","College Algebra","Fall 2023",2023-08-21,2023-07-05,52
"6317","MATH","1401","Calculus I","Fall 2023",2023-08-21,2023-07-05,178
"6318","MATH","2411","Calculus II","Fall 2023",2023-08-21,2023-07-05,75
"6319","MATH","2830","Introductory Statistics","Fall 2023",2023-08-21,2023-07-05,109
"6320","MATH","1010","Math for Liberal Arts","Fall 2023",2023-08-21,2023-07-06,174
"6321","MATH","1060","Finite Mathematics","Fall 2023",2023-08-21,2023-07-06,121
"6322","MATH","1110","College Algebra","Fall 2023",2023-08-21,2023-07-06,53
"6323","MATH","1401","Calculus I","Fall 2023",2023-08-21,2023-07-06,179
"6324","MATH","2411","Calculus II","Fall 2023",2023-08-21,2023-07-06,76
"6325","MATH","2830","Introductory Statistics","Fall 2023",2023-08-21,2023-07-06,109
"6326","MATH","1010","Math for Liberal Arts","Fall 2023",2023-08-21,2023-07-07,173
"6327","MATH","1060","Finite Mathematics","Fall 2023",2023-08-21,2023-07-07,121
"6328","MATH","1110","College Algebra","Fall 2023",2023-08-21,2023-07-07,54
"6329","MATH","1401","Calculus I","Fall 2023",2023-08-21,2023-07-07,179
"6330","MATH","2411","Calculus II","Fall 2023",2023-08-21,2023-07-07,76
"6331","MATH","2830","Introductory Statistics","Fall 2023",2023-08-21,2023-07-07,111
"6332","MATH","1010","Math for Liberal Arts","Fall 2023",2023-08-21,2023-07-08,173
"6333","MATH","1060","Finite Mathematics","Fall 2023",2023-08-21,2023-07-08,121
"6334","MATH","1110","College Algebra","Fall 2023",2023-08-21,2023-07-08,53
"6335","MATH","1401","Calculus I","Fall 2023",2023-08-21,2023-07-08,179
"6336","MATH","2411","Calculus II","Fall 2023",2023-08-21,2023-07-08,76
"6337","MATH","2830","Introductory Statistics","Fall 2023",2023-08-21,2023-07-08,111
"6338","MATH","1010","Math for Liberal Arts","Fall 2023",2023-08-21,2023-07-09,173
"6339","MATH","1060","Finite Mathematics","Fall 2023",2023-08-21,2023-07-09,121
"6340","MATH","1110","College Algebra","Fall 2023",2023-08-21,2023-07-09,53
"6341","MATH","1401","Calculus I","Fall 2023",2023-08-21,2023-07-09,180
"6342","MATH","2411","Calculus II","Fall 2023",2023-08-21,2023-07-09,76
"6343","MATH","2830","Introductory Statistics","Fall 2023",2023-08-21,2023-07-09,111
"6344","MATH","1010","Math for Liberal Arts","Fall 2023",2023-08-21,2023-07-10,172
"6345","MATH","1060","Finite Mathematics","Fall 2023",2023-08-21,2023-07-10,123
"6346","MATH","1110","College Algebra","Fall 2023",2023-08-21,2023-07-10,53
"6347","MATH","1401","Calculus I","Fall 2023",2023-08-21,2023-07-10,179
"6348","MATH","2411","Calculus II","Fall 2023",2023-08-21,2023-07-10,76
"6349","MATH","2830","Introductory Statistics","Fall 2023",2023-08-21,2023-07-10,111
"6350","MATH","1010","Math for Liberal Arts","Fall 2023",2023-08-21,2023-07-11,173
"6351","MATH","1060","Finite Mathematics","Fall 2023",2023-08-21,2023-07-11,125
"6352","MATH","1110","College Algebra","Fall 2023",2023-08-21,2023-07-11,54
"6353","MATH","1401","Calculus I","Fall 2023",2023-08-21,2023-07-11,180
"6354","MATH","2411","Calculus II","Fall 2023",2023-08-21,2023-07-11,76
"6355","MATH","2830","Introductory Statistics","Fall 2023",2023-08-21,2023-07-11,111
"6356","MATH","1010","Math for Liberal Arts","Fall 2023",2023-08-21,2023-07-12,187
"6357","MATH","1060","Finite Mathematics","Fall 2023",2023-08-21,2023-07-12,135
"6358","MATH","1110","College Algebra","Fall 2023",2023-08-21,2023-07-12,57
"6359","MATH","1401","Calculus I","Fall 2023",2023-08-21,2023-07-12,186
"6360","MATH","2411","Calculus II","Fall 2023",2023-08-21,2023-07-12,76
"6361","MATH","2830","Introductory Statistics","Fall 2023",2023-08-21,2023-07-12,119
"6362","MATH","1010","Math for Liberal Arts","Fall 2023",2023-08-21,2023-07-13,187
"6363","MATH","1060","Finite Mathematics","Fall 2023",2023-08-21,2023-07-13,135
"6364","MATH","1110","College Algebra","Fall 2023",2023-08-21,2023-07-13,59
"6365","MATH","1401","Calculus I","Fall 2023",2023-08-21,2023-07-13,188
"6366","MATH","2411","Calculus II","Fall 2023",2023-08-21,2023-07-13,76
"6367","MATH","2830","Introductory Statistics","Fall 2023",2023-08-21,2023-07-13,119
"6368","MATH","1010","Math for Liberal Arts","Fall 2023",2023-08-21,2023-07-14,192
"6369","MATH","1060","Finite Mathematics","Fall 2023",2023-08-21,2023-07-14,143
"6370","MATH","1110","College Algebra","Fall 2023",2023-08-21,2023-07-14,62
"6371","MATH","1401","Calculus I","Fall 2023",2023-08-21,2023-07-14,189
"6372","MATH","2411","Calculus II","Fall 2023",2023-08-21,2023-07-14,76
"6373","MATH","2830","Introductory Statistics","Fall 2023",2023-08-21,2023-07-14,122
"6374","MATH","1010","Math for Liberal Arts","Fall 2023",2023-08-21,2023-07-15,191
"6375","MATH","1060","Finite Mathematics","Fall 2023",2023-08-21,2023-07-15,149
"6376","MATH","1110","College Algebra","Fall 2023",2023-08-21,2023-07-15,63
"6377","MATH","1401","Calculus I","Fall 2023",2023-08-21,2023-07-15,195
"6378","MATH","2411","Calculus II","Fall 2023",2023-08-21,2023-07-15,76
"6379","MATH","2830","Introductory Statistics","Fall 2023",2023-08-21,2023-07-15,122
"6380","MATH","1010","Math for Liberal Arts","Fall 2023",2023-08-21,2023-07-16,191
"6381","MATH","1060","Finite Mathematics","Fall 2023",2023-08-21,2023-07-16,150
"6382","MATH","1110","College Algebra","Fall 2023",2023-08-21,2023-07-16,63
"6383","MATH","1401","Calculus I","Fall 2023",2023-08-21,2023-07-16,196
"6384","MATH","2411","Calculus II","Fall 2023",2023-08-21,2023-07-16,76
"6385","MATH","2830","Introductory Statistics","Fall 2023",2023-08-21,2023-07-16,122
"6386","MATH","1010","Math for Liberal Arts","Fall 2023",2023-08-21,2023-07-17,196
"6387","MATH","1060","Finite Mathematics","Fall 2023",2023-08-21,2023-07-17,150
"6388","MATH","1110","College Algebra","Fall 2023",2023-08-21,2023-07-17,64
"6389","MATH","1401","Calculus I","Fall 2023",2023-08-21,2023-07-17,196
"6390","MATH","2411","Calculus II","Fall 2023",2023-08-21,2023-07-17,76
"6391","MATH","2830","Introductory Statistics","Fall 2023",2023-08-21,2023-07-17,122
"6392","MATH","1010","Math for Liberal Arts","Fall 2023",2023-08-21,2023-07-18,196
"6393","MATH","1060","Finite Mathematics","Fall 2023",2023-08-21,2023-07-18,151
"6394","MATH","1110","College Algebra","Fall 2023",2023-08-21,2023-07-18,63
"6395","MATH","1401","Calculus I","Fall 2023",2023-08-21,2023-07-18,198
"6396","MATH","2411","Calculus II","Fall 2023",2023-08-21,2023-07-18,76
"6397","MATH","2830","Introductory Statistics","Fall 2023",2023-08-21,2023-07-18,124
"6398","MATH","1010","Math for Liberal Arts","Fall 2023",2023-08-21,2023-07-19,208
"6399","MATH","1060","Finite Mathematics","Fall 2023",2023-08-21,2023-07-19,172
"6400","MATH","1110","College Algebra","Fall 2023",2023-08-21,2023-07-19,64
"6401","MATH","1401","Calculus I","Fall 2023",2023-08-21,2023-07-19,207
"6402","MATH","2411","Calculus II","Fall 2023",2023-08-21,2023-07-19,76
"6403","MATH","2830","Introductory Statistics","Fall 2023",2023-08-21,2023-07-19,127
"6404","MATH","1010","Math for Liberal Arts","Fall 2023",2023-08-21,2023-07-20,207
"6405","MATH","1060","Finite Mathematics","Fall 2023",2023-08-21,2023-07-20,173
"6406","MATH","1110","College Algebra","Fall 2023",2023-08-21,2023-07-20,66
"6407","MATH","1401","Calculus I","Fall 2023",2023-08-21,2023-07-20,209
"6408","MATH","2411","Calculus II","Fall 2023",2023-08-21,2023-07-20,76
"6409","MATH","2830","Introductory Statistics","Fall 2023",2023-08-21,2023-07-20,130
"6410","MATH","1010","Math for Liberal Arts","Fall 2023",2023-08-21,2023-07-21,210
"6411","MATH","1060","Finite Mathematics","Fall 2023",2023-08-21,2023-07-21,180
"6412","MATH","1110","College Algebra","Fall 2023",2023-08-21,2023-07-21,66
"6413","MATH","1401","Calculus I","Fall 2023",2023-08-21,2023-07-21,214
"6414","MATH","2411","Calculus II","Fall 2023",2023-08-21,2023-07-21,77
"6415","MATH","2830","Introductory Statistics","Fall 2023",2023-08-21,2023-07-21,134
"6416","MATH","1010","Math for Liberal Arts","Fall 2023",2023-08-21,2023-07-22,212
"6417","MATH","1060","Finite Mathematics","Fall 2023",2023-08-21,2023-07-22,180
"6418","MATH","1110","College Algebra","Fall 2023",2023-08-21,2023-07-22,67
"6419","MATH","1401","Calculus I","Fall 2023",2023-08-21,2023-07-22,217
"6420","MATH","2411","Calculus II","Fall 2023",2023-08-21,2023-07-22,87
"6421","MATH","2830","Introductory Statistics","Fall 2023",2023-08-21,2023-07-22,134
"6422","MATH","1010","Math for Liberal Arts","Fall 2023",2023-08-21,2023-07-23,212
"6423","MATH","1060","Finite Mathematics","Fall 2023",2023-08-21,2023-07-23,181
"6424","MATH","1110","College Algebra","Fall 2023",2023-08-21,2023-07-23,70
"6425","MATH","1401","Calculus I","Fall 2023",2023-08-21,2023-07-23,216
"6426","MATH","2411","Calculus II","Fall 2023",2023-08-21,2023-07-23,87
"6427","MATH","2830","Introductory Statistics","Fall 2023",2023-08-21,2023-07-23,134
"6428","MATH","1010","Math for Liberal Arts","Fall 2023",2023-08-21,2023-07-24,212
"6429","MATH","1060","Finite Mathematics","Fall 2023",2023-08-21,2023-07-24,182
"6430","MATH","1110","College Algebra","Fall 2023",2023-08-21,2023-07-24,70
"6431","MATH","1401","Calculus I","Fall 2023",2023-08-21,2023-07-24,218
"6432","MATH","2411","Calculus II","Fall 2023",2023-08-21,2023-07-24,86
"6433","MATH","2830","Introductory Statistics","Fall 2023",2023-08-21,2023-07-24,134
"6434","MATH","1010","Math for Liberal Arts","Fall 2023",2023-08-21,2023-07-25,216
"6435","MATH","1060","Finite Mathematics","Fall 2023",2023-08-21,2023-07-25,184
"6436","MATH","1110","College Algebra","Fall 2023",2023-08-21,2023-07-25,74
"6437","MATH","1401","Calculus I","Fall 2023",2023-08-21,2023-07-25,219
"6438","MATH","2411","Calculus II","Fall 2023",2023-08-21,2023-07-25,86
"6439","MATH","2830","Introductory Statistics","Fall 2023",2023-08-21,2023-07-25,133
"6440","MATH","1010","Math for Liberal Arts","Fall 2023",2023-08-21,2023-07-26,226
"6441","MATH","1060","Finite Mathematics","Fall 2023",2023-08-21,2023-07-26,199
"6442","MATH","1110","College Algebra","Fall 2023",2023-08-21,2023-07-26,77
"6443","MATH","1401","Calculus I","Fall 2023",2023-08-21,2023-07-26,225
"6444","MATH","2411","Calculus II","Fall 2023",2023-08-21,2023-07-26,87
"6445","MATH","2830","Introductory Statistics","Fall 2023",2023-08-21,2023-07-26,144
"6446","MATH","1010","Math for Liberal Arts","Fall 2023",2023-08-21,2023-07-27,227
"6447","MATH","1060","Finite Mathematics","Fall 2023",2023-08-21,2023-07-27,200
"6448","MATH","1110","College Algebra","Fall 2023",2023-08-21,2023-07-27,80
"6449","MATH","1401","Calculus I","Fall 2023",2023-08-21,2023-07-27,226
"6450","MATH","2411","Calculus II","Fall 2023",2023-08-21,2023-07-27,89
"6451","MATH","2830","Introductory Statistics","Fall 2023",2023-08-21,2023-07-27,145
"6452","MATH","1010","Math for Liberal Arts","Fall 2023",2023-08-21,2023-07-28,228
"6453","MATH","1060","Finite Mathematics","Fall 2023",2023-08-21,2023-07-28,200
"6454","MATH","1110","College Algebra","Fall 2023",2023-08-21,2023-07-28,81
"6455","MATH","1401","Calculus I","Fall 2023",2023-08-21,2023-07-28,225
"6456","MATH","2411","Calculus II","Fall 2023",2023-08-21,2023-07-28,89
"6457","MATH","2830","Introductory Statistics","Fall 2023",2023-08-21,2023-07-28,147
"6458","MATH","1010","Math for Liberal Arts","Fall 2023",2023-08-21,2023-07-29,229
"6459","MATH","1060","Finite Mathematics","Fall 2023",2023-08-21,2023-07-29,202
"6460","MATH","1110","College Algebra","Fall 2023",2023-08-21,2023-07-29,81
"6461","MATH","1401","Calculus I","Fall 2023",2023-08-21,2023-07-29,227
"6462","MATH","2411","Calculus II","Fall 2023",2023-08-21,2023-07-29,89
"6463","MATH","2830","Introductory Statistics","Fall 2023",2023-08-21,2023-07-29,147
"6464","MATH","1010","Math for Liberal Arts","Fall 2023",2023-08-21,2023-07-30,228
"6465","MATH","1060","Finite Mathematics","Fall 2023",2023-08-21,2023-07-30,204
"6466","MATH","1110","College Algebra","Fall 2023",2023-08-21,2023-07-30,81
"6467","MATH","1401","Calculus I","Fall 2023",2023-08-21,2023-07-30,228
"6468","MATH","2411","Calculus II","Fall 2023",2023-08-21,2023-07-30,89
"6469","MATH","2830","Introductory Statistics","Fall 2023",2023-08-21,2023-07-30,147
"6470","MATH","1010","Math for Liberal Arts","Fall 2023",2023-08-21,2023-07-31,228
"6471","MATH","1060","Finite Mathematics","Fall 2023",2023-08-21,2023-07-31,205
"6472","MATH","1110","College Algebra","Fall 2023",2023-08-21,2023-07-31,81
"6473","MATH","1401","Calculus I","Fall 2023",2023-08-21,2023-07-31,234
"6474","MATH","2411","Calculus II","Fall 2023",2023-08-21,2023-07-31,89
"6475","MATH","2830","Introductory Statistics","Fall 2023",2023-08-21,2023-07-31,148
"6476","MATH","1010","Math for Liberal Arts","Fall 2023",2023-08-21,2023-08-01,228
"6477","MATH","1060","Finite Mathematics","Fall 2023",2023-08-21,2023-08-01,206
"6478","MATH","1110","College Algebra","Fall 2023",2023-08-21,2023-08-01,81
"6479","MATH","1401","Calculus I","Fall 2023",2023-08-21,2023-08-01,236
"6480","MATH","2411","Calculus II","Fall 2023",2023-08-21,2023-08-01,89
"6481","MATH","2830","Introductory Statistics","Fall 2023",2023-08-21,2023-08-01,148
"6482","MATH","1010","Math for Liberal Arts","Fall 2023",2023-08-21,2023-08-02,237
"6483","MATH","1060","Finite Mathematics","Fall 2023",2023-08-21,2023-08-02,221
"6484","MATH","1110","College Algebra","Fall 2023",2023-08-21,2023-08-02,86
"6485","MATH","1401","Calculus I","Fall 2023",2023-08-21,2023-08-02,251
"6486","MATH","2411","Calculus II","Fall 2023",2023-08-21,2023-08-02,91
"6487","MATH","2830","Introductory Statistics","Fall 2023",2023-08-21,2023-08-02,158
"6488","MATH","1010","Math for Liberal Arts","Fall 2023",2023-08-21,2023-08-03,235
"6489","MATH","1060","Finite Mathematics","Fall 2023",2023-08-21,2023-08-03,221
"6490","MATH","1110","College Algebra","Fall 2023",2023-08-21,2023-08-03,87
"6491","MATH","1401","Calculus I","Fall 2023",2023-08-21,2023-08-03,254
"6492","MATH","2411","Calculus II","Fall 2023",2023-08-21,2023-08-03,95
"6493","MATH","2830","Introductory Statistics","Fall 2023",2023-08-21,2023-08-03,162
"6494","MATH","1010","Math for Liberal Arts","Fall 2023",2023-08-21,2023-08-04,241
"6495","MATH","1060","Finite Mathematics","Fall 2023",2023-08-21,2023-08-04,223
"6496","MATH","1110","College Algebra","Fall 2023",2023-08-21,2023-08-04,87
"6497","MATH","1401","Calculus I","Fall 2023",2023-08-21,2023-08-04,255
"6498","MATH","2411","Calculus II","Fall 2023",2023-08-21,2023-08-04,100
"6499","MATH","2830","Introductory Statistics","Fall 2023",2023-08-21,2023-08-04,161
"6500","MATH","1010","Math for Liberal Arts","Fall 2023",2023-08-21,2023-08-05,242
"6501","MATH","1060","Finite Mathematics","Fall 2023",2023-08-21,2023-08-05,226
"6502","MATH","1110","College Algebra","Fall 2023",2023-08-21,2023-08-05,87
"6503","MATH","1401","Calculus I","Fall 2023",2023-08-21,2023-08-05,257
"6504","MATH","2411","Calculus II","Fall 2023",2023-08-21,2023-08-05,101
"6505","MATH","2830","Introductory Statistics","Fall 2023",2023-08-21,2023-08-05,161
"6506","MATH","1010","Math for Liberal Arts","Fall 2023",2023-08-21,2023-08-06,242
"6507","MATH","1060","Finite Mathematics","Fall 2023",2023-08-21,2023-08-06,226
"6508","MATH","1110","College Algebra","Fall 2023",2023-08-21,2023-08-06,89
"6509","MATH","1401","Calculus I","Fall 2023",2023-08-21,2023-08-06,257
"6510","MATH","2411","Calculus II","Fall 2023",2023-08-21,2023-08-06,101
"6511","MATH","2830","Introductory Statistics","Fall 2023",2023-08-21,2023-08-06,161
"6512","MATH","1010","Math for Liberal Arts","Fall 2023",2023-08-21,2023-08-07,242
"6513","MATH","1060","Finite Mathematics","Fall 2023",2023-08-21,2023-08-07,223
"6514","MATH","1110","College Algebra","Fall 2023",2023-08-21,2023-08-07,89
"6515","MATH","1401","Calculus I","Fall 2023",2023-08-21,2023-08-07,258
"6516","MATH","2411","Calculus II","Fall 2023",2023-08-21,2023-08-07,102
"6517","MATH","2830","Introductory Statistics","Fall 2023",2023-08-21,2023-08-07,162
"6518","MATH","1010","Math for Liberal Arts","Fall 2023",2023-08-21,2023-08-08,243
"6519","MATH","1060","Finite Mathematics","Fall 2023",2023-08-21,2023-08-08,227
"6520","MATH","1110","College Algebra","Fall 2023",2023-08-21,2023-08-08,90
"6521","MATH","1401","Calculus I","Fall 2023",2023-08-21,2023-08-08,267
"6522","MATH","2411","Calculus II","Fall 2023",2023-08-21,2023-08-08,102
"6523","MATH","2830","Introductory Statistics","Fall 2023",2023-08-21,2023-08-08,163
"6524","MATH","1010","Math for Liberal Arts","Fall 2023",2023-08-21,2023-08-09,249
"6525","MATH","1060","Finite Mathematics","Fall 2023",2023-08-21,2023-08-09,243
"6526","MATH","1110","College Algebra","Fall 2023",2023-08-21,2023-08-09,92
"6527","MATH","1401","Calculus I","Fall 2023",2023-08-21,2023-08-09,273
"6528","MATH","2411","Calculus II","Fall 2023",2023-08-21,2023-08-09,103
"6529","MATH","2830","Introductory Statistics","Fall 2023",2023-08-21,2023-08-09,170
"6530","MATH","1010","Math for Liberal Arts","Fall 2023",2023-08-21,2023-08-10,246
"6531","MATH","1060","Finite Mathematics","Fall 2023",2023-08-21,2023-08-10,243
"6532","MATH","1110","College Algebra","Fall 2023",2023-08-21,2023-08-10,94
"6533","MATH","1401","Calculus I","Fall 2023",2023-08-21,2023-08-10,275
"6534","MATH","2411","Calculus II","Fall 2023",2023-08-21,2023-08-10,103
"6535","MATH","2830","Introductory Statistics","Fall 2023",2023-08-21,2023-08-10,173
"6536","MATH","1010","Math for Liberal Arts","Fall 2023",2023-08-21,2023-08-11,247
"6537","MATH","1060","Finite Mathematics","Fall 2023",2023-08-21,2023-08-11,243
"6538","MATH","1110","College Algebra","Fall 2023",2023-08-21,2023-08-11,94
"6539","MATH","1401","Calculus I","Fall 2023",2023-08-21,2023-08-11,278
"6540","MATH","2411","Calculus II","Fall 2023",2023-08-21,2023-08-11,104
"6541","MATH","2830","Introductory Statistics","Fall 2023",2023-08-21,2023-08-11,177
"6542","MATH","1010","Math for Liberal Arts","Fall 2023",2023-08-21,2023-08-12,250
"6543","MATH","1060","Finite Mathematics","Fall 2023",2023-08-21,2023-08-12,244
"6544","MATH","1110","College Algebra","Fall 2023",2023-08-21,2023-08-12,94
"6545","MATH","1401","Calculus I","Fall 2023",2023-08-21,2023-08-12,281
"6546","MATH","2411","Calculus II","Fall 2023",2023-08-21,2023-08-12,104
"6547","MATH","2830","Introductory Statistics","Fall 2023",2023-08-21,2023-08-12,177
"6548","MATH","1010","Math for Liberal Arts","Fall 2023",2023-08-21,2023-08-13,250
"6549","MATH","1060","Finite Mathematics","Fall 2023",2023-08-21,2023-08-13,245
"6550","MATH","1110","College Algebra","Fall 2023",2023-08-21,2023-08-13,96
"6551","MATH","1401","Calculus I","Fall 2023",2023-08-21,2023-08-13,283
"6552","MATH","2411","Calculus II","Fall 2023",2023-08-21,2023-08-13,104
"6553","MATH","2830","Introductory Statistics","Fall 2023",2023-08-21,2023-08-13,177
"6554","MATH","1010","Math for Liberal Arts","Fall 2023",2023-08-21,2023-08-14,251
"6555","MATH","1060","Finite Mathematics","Fall 2023",2023-08-21,2023-08-14,245
"6556","MATH","1110","College Algebra","Fall 2023",2023-08-21,2023-08-14,97
"6557","MATH","1401","Calculus I","Fall 2023",2023-08-21,2023-08-14,283
"6558","MATH","2411","Calculus II","Fall 2023",2023-08-21,2023-08-14,103
"6559","MATH","2830","Introductory Statistics","Fall 2023",2023-08-21,2023-08-14,176
"6560","MATH","1010","Math for Liberal Arts","Fall 2023",2023-08-21,2023-08-15,251
"6561","MATH","1060","Finite Mathematics","Fall 2023",2023-08-21,2023-08-15,247
"6562","MATH","1110","College Algebra","Fall 2023",2023-08-21,2023-08-15,101
"6563","MATH","1401","Calculus I","Fall 2023",2023-08-21,2023-08-15,282
"6564","MATH","2411","Calculus II","Fall 2023",2023-08-21,2023-08-15,104
"6565","MATH","2830","Introductory Statistics","Fall 2023",2023-08-21,2023-08-15,178
"6566","MATH","1010","Math for Liberal Arts","Fall 2023",2023-08-21,2023-08-16,254
"6567","MATH","1060","Finite Mathematics","Fall 2023",2023-08-21,2023-08-16,253
"6568","MATH","1110","College Algebra","Fall 2023",2023-08-21,2023-08-16,102
"6569","MATH","1401","Calculus I","Fall 2023",2023-08-21,2023-08-16,286
"6570","MATH","2411","Calculus II","Fall 2023",2023-08-21,2023-08-16,106
"6571","MATH","2830","Introductory Statistics","Fall 2023",2023-08-21,2023-08-16,183
"6572","MATH","1010","Math for Liberal Arts","Fall 2023",2023-08-21,2023-08-17,255
"6573","MATH","1060","Finite Mathematics","Fall 2023",2023-08-21,2023-08-17,263
"6574","MATH","1110","College Algebra","Fall 2023",2023-08-21,2023-08-17,108
"6575","MATH","1401","Calculus I","Fall 2023",2023-08-21,2023-08-17,298
"6576","MATH","2411","Calculus II","Fall 2023",2023-08-21,2023-08-17,106
"6577","MATH","2830","Introductory Statistics","Fall 2023",2023-08-21,2023-08-17,189
"6578","MATH","1010","Math for Liberal Arts","Fall 2023",2023-08-21,2023-08-18,255
"6579","MATH","1060","Finite Mathematics","Fall 2023",2023-08-21,2023-08-18,264
"6580","MATH","1110","College Algebra","Fall 2023",2023-08-21,2023-08-18,108
"6581","MATH","1401","Calculus I","Fall 2023",2023-08-21,2023-08-18,300
"6582","MATH","2411","Calculus II","Fall 2023",2023-08-21,2023-08-18,106
"6583","MATH","2830","Introductory Statistics","Fall 2023",2023-08-21,2023-08-18,188
"6584","MATH","1010","Math for Liberal Arts","Fall 2023",2023-08-21,2023-08-19,255
"6585","MATH","1060","Finite Mathematics","Fall 2023",2023-08-21,2023-08-19,267
"6586","MATH","1110","College Algebra","Fall 2023",2023-08-21,2023-08-19,110
"6587","MATH","1401","Calculus I","Fall 2023",2023-08-21,2023-08-19,304
"6588","MATH","2411","Calculus II","Fall 2023",2023-08-21,2023-08-19,106
"6589","MATH","2830","Introductory Statistics","Fall 2023",2023-08-21,2023-08-19,192
"6590","MATH","1010","Math for Liberal Arts","Fall 2023",2023-08-21,2023-08-20,255
"6591","MATH","1060","Finite Mathematics","Fall 2023",2023-08-21,2023-08-20,267
"6592","MATH","1110","College Algebra","Fall 2023",2023-08-21,2023-08-20,111
"6593","MATH","1401","Calculus I","Fall 2023",2023-08-21,2023-08-20,308
"6594","MATH","2411","Calculus II","Fall 2023",2023-08-21,2023-08-20,108
"6595","MATH","2830","Introductory Statistics","Fall 2023",2023-08-21,2023-08-20,191
"6596","MATH","1010","Math for Liberal Arts","Fall 2023",2023-08-21,2023-08-21,257
"6597","MATH","1060","Finite Mathematics","Fall 2023",2023-08-21,2023-08-21,269
"6598","MATH","1110","College Algebra","Fall 2023",2023-08-21,2023-08-21,115
"6599","MATH","1401","Calculus I","Fall 2023",2023-08-21,2023-08-21,307
"6600","MATH","2411","Calculus II","Fall 2023",2023-08-21,2023-08-21,108
"6601","MATH","2830","Introductory Statistics","Fall 2023",2023-08-21,2023-08-21,191
"6602","MATH","1010","Math for Liberal Arts","Fall 2023",2023-08-21,2023-08-22,256
"6603","MATH","1060","Finite Mathematics","Fall 2023",2023-08-21,2023-08-22,270
"6604","MATH","1110","College Algebra","Fall 2023",2023-08-21,2023-08-22,115
"6605","MATH","1401","Calculus I","Fall 2023",2023-08-21,2023-08-22,310
"6606","MATH","2411","Calculus II","Fall 2023",2023-08-21,2023-08-22,107
"6607","MATH","2830","Introductory Statistics","Fall 2023",2023-08-21,2023-08-22,191
"6608","MATH","1010","Math for Liberal Arts","Fall 2023",2023-08-21,2023-08-23,252
"6609","MATH","1060","Finite Mathematics","Fall 2023",2023-08-21,2023-08-23,271
"6610","MATH","1110","College Algebra","Fall 2023",2023-08-21,2023-08-23,116
"6611","MATH","1401","Calculus I","Fall 2023",2023-08-21,2023-08-23,311
"6612","MATH","2411","Calculus II","Fall 2023",2023-08-21,2023-08-23,108
"6613","MATH","2830","Introductory Statistics","Fall 2023",2023-08-21,2023-08-23,190
"6614","MATH","1010","Math for Liberal Arts","Fall 2023",2023-08-21,2023-08-24,258
"6615","MATH","1060","Finite Mathematics","Fall 2023",2023-08-21,2023-08-24,271
"6616","MATH","1110","College Algebra","Fall 2023",2023-08-21,2023-08-24,115
"6617","MATH","1401","Calculus I","Fall 2023",2023-08-21,2023-08-24,310
"6618","MATH","2411","Calculus II","Fall 2023",2023-08-21,2023-08-24,108
"6619","MATH","2830","Introductory Statistics","Fall 2023",2023-08-21,2023-08-24,191
"6620","MATH","1010","Math for Liberal Arts","Fall 2023",2023-08-21,2023-08-25,258
"6621","MATH","1060","Finite Mathematics","Fall 2023",2023-08-21,2023-08-25,273
"6622","MATH","1110","College Algebra","Fall 2023",2023-08-21,2023-08-25,115
"6623","MATH","1401","Calculus I","Fall 2023",2023-08-21,2023-08-25,311
"6624","MATH","2411","Calculus II","Fall 2023",2023-08-21,2023-08-25,108
"6625","MATH","2830","Introductory Statistics","Fall 2023",2023-08-21,2023-08-25,191
"6626","MATH","1010","Math for Liberal Arts","Fall 2023",2023-08-21,2023-08-26,257
"6627","MATH","1060","Finite Mathematics","Fall 2023",2023-08-21,2023-08-26,276
"6628","MATH","1110","College Algebra","Fall 2023",2023-08-21,2023-08-26,115
"6629","MATH","1401","Calculus I","Fall 2023",2023-08-21,2023-08-26,311
"6630","MATH","2411","Calculus II","Fall 2023",2023-08-21,2023-08-26,108
"6631","MATH","2830","Introductory Statistics","Fall 2023",2023-08-21,2023-08-26,191
"6632","MATH","1010","Math for Liberal Arts","Fall 2023",2023-08-21,2023-08-27,257
"6633","MATH","1060","Finite Mathematics","Fall 2023",2023-08-21,2023-08-27,274
"6634","MATH","1110","College Algebra","Fall 2023",2023-08-21,2023-08-27,116
"6635","MATH","1401","Calculus I","Fall 2023",2023-08-21,2023-08-27,310
"6636","MATH","2411","Calculus II","Fall 2023",2023-08-21,2023-08-27,109
"6637","MATH","2830","Introductory Statistics","Fall 2023",2023-08-21,2023-08-27,191
"6638","MATH","1010","Math for Liberal Arts","Fall 2023",2023-08-21,2023-08-28,257
"6639","MATH","1060","Finite Mathematics","Fall 2023",2023-08-21,2023-08-28,274
"6640","MATH","1110","College Algebra","Fall 2023",2023-08-21,2023-08-28,116
"6641","MATH","1401","Calculus I","Fall 2023",2023-08-21,2023-08-28,310
"6642","MATH","2411","Calculus II","Fall 2023",2023-08-21,2023-08-28,109
"6643","MATH","2830","Introductory Statistics","Fall 2023",2023-08-21,2023-08-28,191
"6644","MATH","1010","Math for Liberal Arts","Fall 2023",2023-08-21,2023-08-29,255
"6645","MATH","1060","Finite Mathematics","Fall 2023",2023-08-21,2023-08-29,269
"6646","MATH","1110","College Algebra","Fall 2023",2023-08-21,2023-08-29,116
"6647","MATH","1401","Calculus I","Fall 2023",2023-08-21,2023-08-29,305
"6648","MATH","2411","Calculus II","Fall 2023",2023-08-21,2023-08-29,107
"6649","MATH","2830","Introductory Statistics","Fall 2023",2023-08-21,2023-08-29,190
"6650","MATH","1010","Math for Liberal Arts","Fall 2023",2023-08-21,2023-08-30,253
"6651","MATH","1060","Finite Mathematics","Fall 2023",2023-08-21,2023-08-30,269
"6652","MATH","1110","College Algebra","Fall 2023",2023-08-21,2023-08-30,115
"6653","MATH","1401","Calculus I","Fall 2023",2023-08-21,2023-08-30,304
"6654","MATH","2411","Calculus II","Fall 2023",2023-08-21,2023-08-30,107
"6655","MATH","2830","Introductory Statistics","Fall 2023",2023-08-21,2023-08-30,189
"6656","MATH","1010","Math for Liberal Arts","Fall 2023",2023-08-21,2023-08-31,252
"6657","MATH","1060","Finite Mathematics","Fall 2023",2023-08-21,2023-08-31,270
"6658","MATH","1110","College Algebra","Fall 2023",2023-08-21,2023-08-31,115
"6659","MATH","1401","Calculus I","Fall 2023",2023-08-21,2023-08-31,307
"6660","MATH","2411","Calculus II","Fall 2023",2023-08-21,2023-08-31,108
"6661","MATH","2830","Introductory Statistics","Fall 2023",2023-08-21,2023-08-31,189
"6662","MATH","1010","Math for Liberal Arts","Fall 2023",2023-08-21,2023-09-01,253
"6663","MATH","1060","Finite Mathematics","Fall 2023",2023-08-21,2023-09-01,269
"6664","MATH","1110","College Algebra","Fall 2023",2023-08-21,2023-09-01,116
"6665","MATH","1401","Calculus I","Fall 2023",2023-08-21,2023-09-01,307
"6666","MATH","2411","Calculus II","Fall 2023",2023-08-21,2023-09-01,108
"6667","MATH","2830","Introductory Statistics","Fall 2023",2023-08-21,2023-09-01,190
"6668","MATH","1010","Math for Liberal Arts","Fall 2023",2023-08-21,2023-09-02,253
"6669","MATH","1060","Finite Mathematics","Fall 2023",2023-08-21,2023-09-02,268
"6670","MATH","1110","College Algebra","Fall 2023",2023-08-21,2023-09-02,116
"6671","MATH","1401","Calculus I","Fall 2023",2023-08-21,2023-09-02,307
"6672","MATH","2411","Calculus II","Fall 2023",2023-08-21,2023-09-02,108
"6673","MATH","2830","Introductory Statistics","Fall 2023",2023-08-21,2023-09-02,190
"6674","MATH","1010","Math for Liberal Arts","Fall 2023",2023-08-21,2023-09-03,253
"6675","MATH","1060","Finite Mathematics","Fall 2023",2023-08-21,2023-09-03,267
"6676","MATH","1110","College Algebra","Fall 2023",2023-08-21,2023-09-03,116
"6677","MATH","1401","Calculus I","Fall 2023",2023-08-21,2023-09-03,307
"6678","MATH","2411","Calculus II","Fall 2023",2023-08-21,2023-09-03,108
"6679","MATH","2830","Introductory Statistics","Fall 2023",2023-08-21,2023-09-03,190
"6680","MATH","1010","Math for Liberal Arts","Fall 2023",2023-08-21,2023-09-04,253
"6681","MATH","1060","Finite Mathematics","Fall 2023",2023-08-21,2023-09-04,265
"6682","MATH","1110","College Algebra","Fall 2023",2023-08-21,2023-09-04,116
"6683","MATH","1401","Calculus I","Fall 2023",2023-08-21,2023-09-04,307
"6684","MATH","2411","Calculus II","Fall 2023",2023-08-21,2023-09-04,108
"6685","MATH","2830","Introductory Statistics","Fall 2023",2023-08-21,2023-09-04,190
"6686","MATH","1010","Math for Liberal Arts","Fall 2023",2023-08-21,2023-09-05,252
"6687","MATH","1060","Finite Mathematics","Fall 2023",2023-08-21,2023-09-05,264
"6688","MATH","1110","College Algebra","Fall 2023",2023-08-21,2023-09-05,116
"6689","MATH","1401","Calculus I","Fall 2023",2023-08-21,2023-09-05,307
"6690","MATH","2411","Calculus II","Fall 2023",2023-08-21,2023-09-05,108
"6691","MATH","2830","Introductory Statistics","Fall 2023",2023-08-21,2023-09-05,190
"6692","MATH","1010","Math for Liberal Arts","Fall 2023",2023-08-21,2023-09-06,251
"6693","MATH","1060","Finite Mathematics","Fall 2023",2023-08-21,2023-09-06,263
"6694","MATH","1110","College Algebra","Fall 2023",2023-08-21,2023-09-06,116
"6695","MATH","1401","Calculus I","Fall 2023",2023-08-21,2023-09-06,308
"6696","MATH","2411","Calculus II","Fall 2023",2023-08-21,2023-09-06,109
"6697","MATH","2830","Introductory Statistics","Fall 2023",2023-08-21,2023-09-06,191
"6698","MATH","1010","Math for Liberal Arts","Fall 2023",2023-08-21,2023-09-07,250
"6699","MATH","1060","Finite Mathematics","Fall 2023",2023-08-21,2023-09-07,258
"6700","MATH","1110","College Algebra","Fall 2023",2023-08-21,2023-09-07,115
"6701","MATH","1401","Calculus I","Fall 2023",2023-08-21,2023-09-07,310
"6702","MATH","2411","Calculus II","Fall 2023",2023-08-21,2023-09-07,109
"6703","MATH","2830","Introductory Statistics","Fall 2023",2023-08-21,2023-09-07,192
"6704","MATH","1010","Math for Liberal Arts","Fall 2023",2023-08-21,2023-09-08,250
"6705","MATH","1060","Finite Mathematics","Fall 2023",2023-08-21,2023-09-08,258
"6706","MATH","1110","College Algebra","Fall 2023",2023-08-21,2023-09-08,114
"6707","MATH","1401","Calculus I","Fall 2023",2023-08-21,2023-09-08,310
"6708","MATH","2411","Calculus II","Fall 2023",2023-08-21,2023-09-08,109
"6709","MATH","2830","Introductory Statistics","Fall 2023",2023-08-21,2023-09-08,193
"6710","MATH","1010","Math for Liberal Arts","Fall 2023",2023-08-21,2023-09-09,250
"6711","MATH","1060","Finite Mathematics","Fall 2023",2023-08-21,2023-09-09,258
"6712","MATH","1110","College Algebra","Fall 2023",2023-08-21,2023-09-09,114
"6713","MATH","1401","Calculus I","Fall 2023",2023-08-21,2023-09-09,311
"6714","MATH","2411","Calculus II","Fall 2023",2023-08-21,2023-09-09,110
"6715","MATH","2830","Introductory Statistics","Fall 2023",2023-08-21,2023-09-09,193
"6716","MATH","1010","Math for Liberal Arts","Fall 2023",2023-08-21,2023-09-10,250
"6717","MATH","1060","Finite Mathematics","Fall 2023",2023-08-21,2023-09-10,258
"6718","MATH","1110","College Algebra","Fall 2023",2023-08-21,2023-09-10,114
"6719","MATH","1401","Calculus I","Fall 2023",2023-08-21,2023-09-10,311
"6720","MATH","2411","Calculus II","Fall 2023",2023-08-21,2023-09-10,110
"6721","MATH","2830","Introductory Statistics","Fall 2023",2023-08-21,2023-09-10,193
"6722","MATH","1010","Math for Liberal Arts","Fall 2023",2023-08-21,2023-09-11,250
"6723","MATH","1060","Finite Mathematics","Fall 2023",2023-08-21,2023-09-11,258
"6724","MATH","1110","College Algebra","Fall 2023",2023-08-21,2023-09-11,114
"6725","MATH","1401","Calculus I","Fall 2023",2023-08-21,2023-09-11,311
"6726","MATH","2411","Calculus II","Fall 2023",2023-08-21,2023-09-11,110
"6727","MATH","2830","Introductory Statistics","Fall 2023",2023-08-21,2023-09-11,193
"6728","MATH","1010","Math for Liberal Arts","Fall 2023",2023-08-21,2023-09-12,250
"6729","MATH","1060","Finite Mathematics","Fall 2023",2023-08-21,2023-09-12,258
"6730","MATH","1110","College Algebra","Fall 2023",2023-08-21,2023-09-12,114
"6731","MATH","1401","Calculus I","Fall 2023",2023-08-21,2023-09-12,311
"6732","MATH","2411","Calculus II","Fall 2023",2023-08-21,2023-09-12,110
"6733","MATH","2830","Introductory Statistics","Fall 2023",2023-08-21,2023-09-12,193
"6734","MATH","1010","Math for Liberal Arts","Fall 2023",2023-08-21,2023-09-13,250
"6735","MATH","1060","Finite Mathematics","Fall 2023",2023-08-21,2023-09-13,258
"6736","MATH","1110","College Algebra","Fall 2023",2023-08-21,2023-09-13,114
"6737","MATH","1401","Calculus I","Fall 2023",2023-08-21,2023-09-13,311
"6738","MATH","2411","Calculus II","Fall 2023",2023-08-21,2023-09-13,110
"6739","MATH","2830","Introductory Statistics","Fall 2023",2023-08-21,2023-09-13,193
"6740","MATH","1010","Math for Liberal Arts","Fall 2023",2023-08-21,2023-09-14,250
"6741","MATH","1060","Finite Mathematics","Fall 2023",2023-08-21,2023-09-14,259
"6742","MATH","1110","College Algebra","Fall 2023",2023-08-21,2023-09-14,114
"6743","MATH","1401","Calculus I","Fall 2023",2023-08-21,2023-09-14,311
"6744","MATH","2411","Calculus II","Fall 2023",2023-08-21,2023-09-14,110
"6745","MATH","2830","Introductory Statistics","Fall 2023",2023-08-21,2023-09-14,193
"6746","MATH","1010","Math for Liberal Arts","Fall 2023",2023-08-21,2023-09-18,250
"6747","MATH","1060","Finite Mathematics","Fall 2023",2023-08-21,2023-09-18,258
"6748","MATH","1110","College Algebra","Fall 2023",2023-08-21,2023-09-18,114
"6749","MATH","1401","Calculus I","Fall 2023",2023-08-21,2023-09-18,311
"6750","MATH","2411","Calculus II","Fall 2023",2023-08-21,2023-09-18,110
"6751","MATH","2830","Introductory Statistics","Fall 2023",2023-08-21,2023-09-18,193
"6752","MATH","1010","Math for Liberal Arts","Spring 2024",2024-01-16,2023-11-01,1
"6753","MATH","1060","Finite Mathematics","Spring 2024",2024-01-16,2023-11-01,1
"6754","MATH","1401","Calculus I","Spring 2024",2024-01-16,2023-11-01,3
"6755","MATH","2830","Introductory Statistics","Spring 2024",2024-01-16,2023-11-01,2
"6756","MATH","1010","Math for Liberal Arts","Spring 2024",2024-01-16,2023-11-02,3
"6757","MATH","1060","Finite Mathematics","Spring 2024",2024-01-16,2023-11-02,1
"6758","MATH","1401","Calculus I","Spring 2024",2024-01-16,2023-11-02,11
"6759","MATH","2411","Calculus II","Spring 2024",2024-01-16,2023-11-02,7
"6760","MATH","2830","Introductory Statistics","Spring 2024",2024-01-16,2023-11-02,5
"6761","MATH","1010","Math for Liberal Arts","Spring 2024",2024-01-16,2023-11-03,4
"6762","MATH","1060","Finite Mathematics","Spring 2024",2024-01-16,2023-11-03,1
"6763","MATH","1401","Calculus I","Spring 2024",2024-01-16,2023-11-03,11
"6764","MATH","2411","Calculus II","Spring 2024",2024-01-16,2023-11-03,7
"6765","MATH","2830","Introductory Statistics","Spring 2024",2024-01-16,2023-11-03,7
"6766","MATH","1010","Math for Liberal Arts","Spring 2024",2024-01-16,2023-11-04,4
"6767","MATH","1060","Finite Mathematics","Spring 2024",2024-01-16,2023-11-04,1
"6768","MATH","1401","Calculus I","Spring 2024",2024-01-16,2023-11-04,12
"6769","MATH","2411","Calculus II","Spring 2024",2024-01-16,2023-11-04,7
"6770","MATH","2830","Introductory Statistics","Spring 2024",2024-01-16,2023-11-04,7
"6771","MATH","1010","Math for Liberal Arts","Spring 2024",2024-01-16,2023-11-05,4
"6772","MATH","1060","Finite Mathematics","Spring 2024",2024-01-16,2023-11-05,2
"6773","MATH","1401","Calculus I","Spring 2024",2024-01-16,2023-11-05,12
"6774","MATH","2411","Calculus II","Spring 2024",2024-01-16,2023-11-05,7
"6775","MATH","2830","Introductory Statistics","Spring 2024",2024-01-16,2023-11-05,9
"6776","MATH","1010","Math for Liberal Arts","Spring 2024",2024-01-16,2023-11-06,4
"6777","MATH","1060","Finite Mathematics","Spring 2024",2024-01-16,2023-11-06,2
"6778","MATH","1401","Calculus I","Spring 2024",2024-01-16,2023-11-06,12
"6779","MATH","2411","Calculus II","Spring 2024",2024-01-16,2023-11-06,7
"6780","MATH","2830","Introductory Statistics","Spring 2024",2024-01-16,2023-11-06,9
"6781","MATH","1010","Math for Liberal Arts","Spring 2024",2024-01-16,2023-11-07,4
"6782","MATH","1060","Finite Mathematics","Spring 2024",2024-01-16,2023-11-07,3
"6783","MATH","1110","College Algebra","Spring 2024",2024-01-16,2023-11-07,1
"6784","MATH","1401","Calculus I","Spring 2024",2024-01-16,2023-11-07,12
"6785","MATH","2411","Calculus II","Spring 2024",2024-01-16,2023-11-07,8
"6786","MATH","2830","Introductory Statistics","Spring 2024",2024-01-16,2023-11-07,11
"6787","MATH","1010","Math for Liberal Arts","Spring 2024",2024-01-16,2023-11-08,4
"6788","MATH","1060","Finite Mathematics","Spring 2024",2024-01-16,2023-11-08,3
"6789","MATH","1110","College Algebra","Spring 2024",2024-01-16,2023-11-08,1
"6790","MATH","1401","Calculus I","Spring 2024",2024-01-16,2023-11-08,14
"6791","MATH","2411","Calculus II","Spring 2024",2024-01-16,2023-11-08,9
"6792","MATH","2830","Introductory Statistics","Spring 2024",2024-01-16,2023-11-08,11
"6793","MATH","1010","Math for Liberal Arts","Spring 2024",2024-01-16,2023-11-09,4
"6794","MATH","1060","Finite Mathematics","Spring 2024",2024-01-16,2023-11-09,3
"6795","MATH","1110","College Algebra","Spring 2024",2024-01-16,2023-11-09,1
"6796","MATH","1401","Calculus I","Spring 2024",2024-01-16,2023-11-09,15
"6797","MATH","2411","Calculus II","Spring 2024",2024-01-16,2023-11-09,9
"6798","MATH","2830","Introductory Statistics","Spring 2024",2024-01-16,2023-11-09,14
"6799","MATH","1010","Math for Liberal Arts","Spring 2024",2024-01-16,2023-11-10,6
"6800","MATH","1060","Finite Mathematics","Spring 2024",2024-01-16,2023-11-10,3
"6801","MATH","1110","College Algebra","Spring 2024",2024-01-16,2023-11-10,2
"6802","MATH","1401","Calculus I","Spring 2024",2024-01-16,2023-11-10,22
"6803","MATH","2411","Calculus II","Spring 2024",2024-01-16,2023-11-10,11
"6804","MATH","2830","Introductory Statistics","Spring 2024",2024-01-16,2023-11-10,14
"6805","MATH","1010","Math for Liberal Arts","Spring 2024",2024-01-16,2023-11-11,6
"6806","MATH","1060","Finite Mathematics","Spring 2024",2024-01-16,2023-11-11,3
"6807","MATH","1110","College Algebra","Spring 2024",2024-01-16,2023-11-11,2
"6808","MATH","1401","Calculus I","Spring 2024",2024-01-16,2023-11-11,25
"6809","MATH","2411","Calculus II","Spring 2024",2024-01-16,2023-11-11,17
"6810","MATH","2830","Introductory Statistics","Spring 2024",2024-01-16,2023-11-11,15
"6811","MATH","1010","Math for Liberal Arts","Spring 2024",2024-01-16,2023-11-12,6
"6812","MATH","1060","Finite Mathematics","Spring 2024",2024-01-16,2023-11-12,3
"6813","MATH","1110","College Algebra","Spring 2024",2024-01-16,2023-11-12,2
"6814","MATH","1401","Calculus I","Spring 2024",2024-01-16,2023-11-12,25
"6815","MATH","2411","Calculus II","Spring 2024",2024-01-16,2023-11-12,17
"6816","MATH","2830","Introductory Statistics","Spring 2024",2024-01-16,2023-11-12,15
"6817","MATH","1010","Math for Liberal Arts","Spring 2024",2024-01-16,2023-11-13,6
"6818","MATH","1060","Finite Mathematics","Spring 2024",2024-01-16,2023-11-13,3
"6819","MATH","1110","College Algebra","Spring 2024",2024-01-16,2023-11-13,2
"6820","MATH","1401","Calculus I","Spring 2024",2024-01-16,2023-11-13,25
"6821","MATH","2411","Calculus II","Spring 2024",2024-01-16,2023-11-13,17
"6822","MATH","2830","Introductory Statistics","Spring 2024",2024-01-16,2023-11-13,15
"6823","MATH","1010","Math for Liberal Arts","Spring 2024",2024-01-16,2023-11-14,9
"6824","MATH","1060","Finite Mathematics","Spring 2024",2024-01-16,2023-11-14,3
"6825","MATH","1110","College Algebra","Spring 2024",2024-01-16,2023-11-14,2
"6826","MATH","1401","Calculus I","Spring 2024",2024-01-16,2023-11-14,28
"6827","MATH","2411","Calculus II","Spring 2024",2024-01-16,2023-11-14,20
"6828","MATH","2830","Introductory Statistics","Spring 2024",2024-01-16,2023-11-14,16
"6829","MATH","1010","Math for Liberal Arts","Spring 2024",2024-01-16,2023-11-15,12
"6830","MATH","1060","Finite Mathematics","Spring 2024",2024-01-16,2023-11-15,5
"6831","MATH","1110","College Algebra","Spring 2024",2024-01-16,2023-11-15,2
"6832","MATH","1401","Calculus I","Spring 2024",2024-01-16,2023-11-15,51
"6833","MATH","2411","Calculus II","Spring 2024",2024-01-16,2023-11-15,36
"6834","MATH","2830","Introductory Statistics","Spring 2024",2024-01-16,2023-11-15,27
"6835","MATH","1010","Math for Liberal Arts","Spring 2024",2024-01-16,2023-11-16,28
"6836","MATH","1060","Finite Mathematics","Spring 2024",2024-01-16,2023-11-16,11
"6837","MATH","1110","College Algebra","Spring 2024",2024-01-16,2023-11-16,9
"6838","MATH","1401","Calculus I","Spring 2024",2024-01-16,2023-11-16,96
"6839","MATH","2411","Calculus II","Spring 2024",2024-01-16,2023-11-16,70
"6840","MATH","2830","Introductory Statistics","Spring 2024",2024-01-16,2023-11-16,46
"6841","MATH","1010","Math for Liberal Arts","Spring 2024",2024-01-16,2023-11-17,35
"6842","MATH","1060","Finite Mathematics","Spring 2024",2024-01-16,2023-11-17,14
"6843","MATH","1110","College Algebra","Spring 2024",2024-01-16,2023-11-17,11
"6844","MATH","1401","Calculus I","Spring 2024",2024-01-16,2023-11-17,102
"6845","MATH","2411","Calculus II","Spring 2024",2024-01-16,2023-11-17,80
"6846","MATH","2830","Introductory Statistics","Spring 2024",2024-01-16,2023-11-17,52
"6847","MATH","1010","Math for Liberal Arts","Spring 2024",2024-01-16,2023-11-18,36
"6848","MATH","1060","Finite Mathematics","Spring 2024",2024-01-16,2023-11-18,20
"6849","MATH","1110","College Algebra","Spring 2024",2024-01-16,2023-11-18,11
"6850","MATH","1401","Calculus I","Spring 2024",2024-01-16,2023-11-18,104
"6851","MATH","2411","Calculus II","Spring 2024",2024-01-16,2023-11-18,85
"6852","MATH","2830","Introductory Statistics","Spring 2024",2024-01-16,2023-11-18,58
"6853","MATH","1010","Math for Liberal Arts","Spring 2024",2024-01-16,2023-11-19,36
"6854","MATH","1060","Finite Mathematics","Spring 2024",2024-01-16,2023-11-19,22
"6855","MATH","1110","College Algebra","Spring 2024",2024-01-16,2023-11-19,13
"6856","MATH","1401","Calculus I","Spring 2024",2024-01-16,2023-11-19,106
"6857","MATH","2411","Calculus II","Spring 2024",2024-01-16,2023-11-19,86
"6858","MATH","2830","Introductory Statistics","Spring 2024",2024-01-16,2023-11-19,59
"6859","MATH","1010","Math for Liberal Arts","Spring 2024",2024-01-16,2023-11-20,37
"6860","MATH","1060","Finite Mathematics","Spring 2024",2024-01-16,2023-11-20,26
"6861","MATH","1110","College Algebra","Spring 2024",2024-01-16,2023-11-20,15
"6862","MATH","1401","Calculus I","Spring 2024",2024-01-16,2023-11-20,108
"6863","MATH","2411","Calculus II","Spring 2024",2024-01-16,2023-11-20,86
"6864","MATH","2830","Introductory Statistics","Spring 2024",2024-01-16,2023-11-20,58
"6865","MATH","1010","Math for Liberal Arts","Spring 2024",2024-01-16,2023-11-21,38
"6866","MATH","1060","Finite Mathematics","Spring 2024",2024-01-16,2023-11-21,25
"6867","MATH","1110","College Algebra","Spring 2024",2024-01-16,2023-11-21,16
"6868","MATH","1401","Calculus I","Spring 2024",2024-01-16,2023-11-21,113
"6869","MATH","2411","Calculus II","Spring 2024",2024-01-16,2023-11-21,88
"6870","MATH","2830","Introductory Statistics","Spring 2024",2024-01-16,2023-11-21,59
"6871","MATH","1010","Math for Liberal Arts","Spring 2024",2024-01-16,2023-11-22,39
"6872","MATH","1060","Finite Mathematics","Spring 2024",2024-01-16,2023-11-22,26
"6873","MATH","1110","College Algebra","Spring 2024",2024-01-16,2023-11-22,17
"6874","MATH","1401","Calculus I","Spring 2024",2024-01-16,2023-11-22,117
"6875","MATH","2411","Calculus II","Spring 2024",2024-01-16,2023-11-22,90
"6876","MATH","2830","Introductory Statistics","Spring 2024",2024-01-16,2023-11-22,59
"6877","MATH","1010","Math for Liberal Arts","Spring 2024",2024-01-16,2023-11-23,41
"6878","MATH","1060","Finite Mathematics","Spring 2024",2024-01-16,2023-11-23,27
"6879","MATH","1110","College Algebra","Spring 2024",2024-01-16,2023-11-23,17
"6880","MATH","1401","Calculus I","Spring 2024",2024-01-16,2023-11-23,118
"6881","MATH","2411","Calculus II","Spring 2024",2024-01-16,2023-11-23,90
"6882","MATH","2830","Introductory Statistics","Spring 2024",2024-01-16,2023-11-23,60
"6883","MATH","1010","Math for Liberal Arts","Spring 2024",2024-01-16,2023-11-24,41
"6884","MATH","1060","Finite Mathematics","Spring 2024",2024-01-16,2023-11-24,27
"6885","MATH","1110","College Algebra","Spring 2024",2024-01-16,2023-11-24,16
"6886","MATH","1401","Calculus I","Spring 2024",2024-01-16,2023-11-24,118
"6887","MATH","2411","Calculus II","Spring 2024",2024-01-16,2023-11-24,94
"6888","MATH","2830","Introductory Statistics","Spring 2024",2024-01-16,2023-11-24,61
"6889","MATH","1010","Math for Liberal Arts","Spring 2024",2024-01-16,2023-11-25,41
"6890","MATH","1060","Finite Mathematics","Spring 2024",2024-01-16,2023-11-25,28
"6891","MATH","1110","College Algebra","Spring 2024",2024-01-16,2023-11-25,17
"6892","MATH","1401","Calculus I","Spring 2024",2024-01-16,2023-11-25,119
"6893","MATH","2411","Calculus II","Spring 2024",2024-01-16,2023-11-25,94
"6894","MATH","2830","Introductory Statistics","Spring 2024",2024-01-16,2023-11-25,62
"6895","MATH","1010","Math for Liberal Arts","Spring 2024",2024-01-16,2023-11-26,41
"6896","MATH","1060","Finite Mathematics","Spring 2024",2024-01-16,2023-11-26,28
"6897","MATH","1110","College Algebra","Spring 2024",2024-01-16,2023-11-26,17
"6898","MATH","1401","Calculus I","Spring 2024",2024-01-16,2023-11-26,119
"6899","MATH","2411","Calculus II","Spring 2024",2024-01-16,2023-11-26,95
"6900","MATH","2830","Introductory Statistics","Spring 2024",2024-01-16,2023-11-26,63
"6901","MATH","1010","Math for Liberal Arts","Spring 2024",2024-01-16,2023-11-27,44
"6902","MATH","1060","Finite Mathematics","Spring 2024",2024-01-16,2023-11-27,28
"6903","MATH","1110","College Algebra","Spring 2024",2024-01-16,2023-11-27,17
"6904","MATH","1401","Calculus I","Spring 2024",2024-01-16,2023-11-27,121
"6905","MATH","2411","Calculus II","Spring 2024",2024-01-16,2023-11-27,97
"6906","MATH","2830","Introductory Statistics","Spring 2024",2024-01-16,2023-11-27,63
"6907","MATH","1010","Math for Liberal Arts","Spring 2024",2024-01-16,2023-11-28,45
"6908","MATH","1060","Finite Mathematics","Spring 2024",2024-01-16,2023-11-28,30
"6909","MATH","1110","College Algebra","Spring 2024",2024-01-16,2023-11-28,18
"6910","MATH","1401","Calculus I","Spring 2024",2024-01-16,2023-11-28,125
"6911","MATH","2411","Calculus II","Spring 2024",2024-01-16,2023-11-28,102
"6912","MATH","2830","Introductory Statistics","Spring 2024",2024-01-16,2023-11-28,63
"6913","MATH","1010","Math for Liberal Arts","Spring 2024",2024-01-16,2023-11-29,45
"6914","MATH","1060","Finite Mathematics","Spring 2024",2024-01-16,2023-11-29,32
"6915","MATH","1110","College Algebra","Spring 2024",2024-01-16,2023-11-29,21
"6916","MATH","1401","Calculus I","Spring 2024",2024-01-16,2023-11-29,131
"6917","MATH","2411","Calculus II","Spring 2024",2024-01-16,2023-11-29,105
"6918","MATH","2830","Introductory Statistics","Spring 2024",2024-01-16,2023-11-29,69
"6919","MATH","1010","Math for Liberal Arts","Spring 2024",2024-01-16,2023-11-30,48
"6920","MATH","1060","Finite Mathematics","Spring 2024",2024-01-16,2023-11-30,34
"6921","MATH","1110","College Algebra","Spring 2024",2024-01-16,2023-11-30,22
"6922","MATH","1401","Calculus I","Spring 2024",2024-01-16,2023-11-30,140
"6923","MATH","2411","Calculus II","Spring 2024",2024-01-16,2023-11-30,108
"6924","MATH","2830","Introductory Statistics","Spring 2024",2024-01-16,2023-11-30,69
"6925","MATH","1010","Math for Liberal Arts","Spring 2024",2024-01-16,2023-12-01,48
"6926","MATH","1060","Finite Mathematics","Spring 2024",2024-01-16,2023-12-01,35
"6927","MATH","1110","College Algebra","Spring 2024",2024-01-16,2023-12-01,21
"6928","MATH","1401","Calculus I","Spring 2024",2024-01-16,2023-12-01,145
"6929","MATH","2411","Calculus II","Spring 2024",2024-01-16,2023-12-01,110
"6930","MATH","2830","Introductory Statistics","Spring 2024",2024-01-16,2023-12-01,69
"6931","MATH","1010","Math for Liberal Arts","Spring 2024",2024-01-16,2023-12-02,50
"6932","MATH","1060","Finite Mathematics","Spring 2024",2024-01-16,2023-12-02,39
"6933","MATH","1110","College Algebra","Spring 2024",2024-01-16,2023-12-02,21
"6934","MATH","1401","Calculus I","Spring 2024",2024-01-16,2023-12-02,145
"6935","MATH","2411","Calculus II","Spring 2024",2024-01-16,2023-12-02,110
"6936","MATH","2830","Introductory Statistics","Spring 2024",2024-01-16,2023-12-02,70
"6937","MATH","1010","Math for Liberal Arts","Spring 2024",2024-01-16,2023-12-03,51
"6938","MATH","1060","Finite Mathematics","Spring 2024",2024-01-16,2023-12-03,39
"6939","MATH","1110","College Algebra","Spring 2024",2024-01-16,2023-12-03,21
"6940","MATH","1401","Calculus I","Spring 2024",2024-01-16,2023-12-03,148
"6941","MATH","2411","Calculus II","Spring 2024",2024-01-16,2023-12-03,111
"6942","MATH","2830","Introductory Statistics","Spring 2024",2024-01-16,2023-12-03,70
"6943","MATH","1010","Math for Liberal Arts","Spring 2024",2024-01-16,2023-12-04,53
"6944","MATH","1060","Finite Mathematics","Spring 2024",2024-01-16,2023-12-04,41
"6945","MATH","1110","College Algebra","Spring 2024",2024-01-16,2023-12-04,22
"6946","MATH","1401","Calculus I","Spring 2024",2024-01-16,2023-12-04,150
"6947","MATH","2411","Calculus II","Spring 2024",2024-01-16,2023-12-04,111
"6948","MATH","2830","Introductory Statistics","Spring 2024",2024-01-16,2023-12-04,71
"6949","MATH","1010","Math for Liberal Arts","Spring 2024",2024-01-16,2023-12-05,54
"6950","MATH","1060","Finite Mathematics","Spring 2024",2024-01-16,2023-12-05,44
"6951","MATH","1110","College Algebra","Spring 2024",2024-01-16,2023-12-05,23
"6952","MATH","1401","Calculus I","Spring 2024",2024-01-16,2023-12-05,158
"6953","MATH","2411","Calculus II","Spring 2024",2024-01-16,2023-12-05,114
"6954","MATH","2830","Introductory Statistics","Spring 2024",2024-01-16,2023-12-05,71
"6955","MATH","1010","Math for Liberal Arts","Spring 2024",2024-01-16,2023-12-06,57
"6956","MATH","1060","Finite Mathematics","Spring 2024",2024-01-16,2023-12-06,45
"6957","MATH","1110","College Algebra","Spring 2024",2024-01-16,2023-12-06,23
"6958","MATH","1401","Calculus I","Spring 2024",2024-01-16,2023-12-06,161
"6959","MATH","2411","Calculus II","Spring 2024",2024-01-16,2023-12-06,118
"6960","MATH","2830","Introductory Statistics","Spring 2024",2024-01-16,2023-12-06,72
"6961","MATH","1010","Math for Liberal Arts","Spring 2024",2024-01-16,2023-12-07,57
"6962","MATH","1060","Finite Mathematics","Spring 2024",2024-01-16,2023-12-07,48
"6963","MATH","1110","College Algebra","Spring 2024",2024-01-16,2023-12-07,24
"6964","MATH","1401","Calculus I","Spring 2024",2024-01-16,2023-12-07,162
"6965","MATH","2411","Calculus II","Spring 2024",2024-01-16,2023-12-07,119
"6966","MATH","2830","Introductory Statistics","Spring 2024",2024-01-16,2023-12-07,72
"6967","MATH","1010","Math for Liberal Arts","Spring 2024",2024-01-16,2023-12-08,59
"6968","MATH","1060","Finite Mathematics","Spring 2024",2024-01-16,2023-12-08,48
"6969","MATH","1110","College Algebra","Spring 2024",2024-01-16,2023-12-08,25
"6970","MATH","1401","Calculus I","Spring 2024",2024-01-16,2023-12-08,162
"6971","MATH","2411","Calculus II","Spring 2024",2024-01-16,2023-12-08,121
"6972","MATH","2830","Introductory Statistics","Spring 2024",2024-01-16,2023-12-08,73
"6973","MATH","1010","Math for Liberal Arts","Spring 2024",2024-01-16,2023-12-09,59
"6974","MATH","1060","Finite Mathematics","Spring 2024",2024-01-16,2023-12-09,51
"6975","MATH","1110","College Algebra","Spring 2024",2024-01-16,2023-12-09,26
"6976","MATH","1401","Calculus I","Spring 2024",2024-01-16,2023-12-09,162
"6977","MATH","2411","Calculus II","Spring 2024",2024-01-16,2023-12-09,124
"6978","MATH","2830","Introductory Statistics","Spring 2024",2024-01-16,2023-12-09,73
"6979","MATH","1010","Math for Liberal Arts","Spring 2024",2024-01-16,2023-12-10,60
"6980","MATH","1060","Finite Mathematics","Spring 2024",2024-01-16,2023-12-10,52
"6981","MATH","1110","College Algebra","Spring 2024",2024-01-16,2023-12-10,26
"6982","MATH","1401","Calculus I","Spring 2024",2024-01-16,2023-12-10,162
"6983","MATH","2411","Calculus II","Spring 2024",2024-01-16,2023-12-10,125
"6984","MATH","2830","Introductory Statistics","Spring 2024",2024-01-16,2023-12-10,73
"6985","MATH","1010","Math for Liberal Arts","Spring 2024",2024-01-16,2023-12-11,60
"6986","MATH","1060","Finite Mathematics","Spring 2024",2024-01-16,2023-12-11,54
"6987","MATH","1110","College Algebra","Spring 2024",2024-01-16,2023-12-11,25
"6988","MATH","1401","Calculus I","Spring 2024",2024-01-16,2023-12-11,162
"6989","MATH","2411","Calculus II","Spring 2024",2024-01-16,2023-12-11,125
"6990","MATH","2830","Introductory Statistics","Spring 2024",2024-01-16,2023-12-11,73
"6991","MATH","1010","Math for Liberal Arts","Spring 2024",2024-01-16,2023-12-12,60
"6992","MATH","1060","Finite Mathematics","Spring 2024",2024-01-16,2023-12-12,54
"6993","MATH","1110","College Algebra","Spring 2024",2024-01-16,2023-12-12,26
"6994","MATH","1401","Calculus I","Spring 2024",2024-01-16,2023-12-12,162
"6995","MATH","2411","Calculus II","Spring 2024",2024-01-16,2023-12-12,125
"6996","MATH","2830","Introductory Statistics","Spring 2024",2024-01-16,2023-12-12,74
"6997","MATH","1010","Math for Liberal Arts","Spring 2024",2024-01-16,2023-12-13,59
"6998","MATH","1060","Finite Mathematics","Spring 2024",2024-01-16,2023-12-13,56
"6999","MATH","1110","College Algebra","Spring 2024",2024-01-16,2023-12-13,26
"7000","MATH","1401","Calculus I","Spring 2024",2024-01-16,2023-12-13,163
"7001","MATH","2411","Calculus II","Spring 2024",2024-01-16,2023-12-13,127
"7002","MATH","2830","Introductory Statistics","Spring 2024",2024-01-16,2023-12-13,75
"7003","MATH","1010","Math for Liberal Arts","Spring 2024",2024-01-16,2023-12-14,60
"7004","MATH","1060","Finite Mathematics","Spring 2024",2024-01-16,2023-12-14,56
"7005","MATH","1110","College Algebra","Spring 2024",2024-01-16,2023-12-14,26
"7006","MATH","1401","Calculus I","Spring 2024",2024-01-16,2023-12-14,164
"7007","MATH","2411","Calculus II","Spring 2024",2024-01-16,2023-12-14,130
"7008","MATH","2830","Introductory Statistics","Spring 2024",2024-01-16,2023-12-14,76
"7009","MATH","1010","Math for Liberal Arts","Spring 2024",2024-01-16,2023-12-15,62
"7010","MATH","1060","Finite Mathematics","Spring 2024",2024-01-16,2023-12-15,57
"7011","MATH","1110","College Algebra","Spring 2024",2024-01-16,2023-12-15,26
"7012","MATH","1401","Calculus I","Spring 2024",2024-01-16,2023-12-15,165
"7013","MATH","2411","Calculus II","Spring 2024",2024-01-16,2023-12-15,133
"7014","MATH","2830","Introductory Statistics","Spring 2024",2024-01-16,2023-12-15,76
"7015","MATH","1010","Math for Liberal Arts","Spring 2024",2024-01-16,2023-12-16,63
"7016","MATH","1060","Finite Mathematics","Spring 2024",2024-01-16,2023-12-16,58
"7017","MATH","1110","College Algebra","Spring 2024",2024-01-16,2023-12-16,28
"7018","MATH","1401","Calculus I","Spring 2024",2024-01-16,2023-12-16,164
"7019","MATH","2411","Calculus II","Spring 2024",2024-01-16,2023-12-16,133
"7020","MATH","2830","Introductory Statistics","Spring 2024",2024-01-16,2023-12-16,81
"7021","MATH","1010","Math for Liberal Arts","Spring 2024",2024-01-16,2023-12-17,64
"7022","MATH","1060","Finite Mathematics","Spring 2024",2024-01-16,2023-12-17,58
"7023","MATH","1110","College Algebra","Spring 2024",2024-01-16,2023-12-17,28
"7024","MATH","1401","Calculus I","Spring 2024",2024-01-16,2023-12-17,164
"7025","MATH","2411","Calculus II","Spring 2024",2024-01-16,2023-12-17,134
"7026","MATH","2830","Introductory Statistics","Spring 2024",2024-01-16,2023-12-17,82
"7027","MATH","1010","Math for Liberal Arts","Spring 2024",2024-01-16,2023-12-18,63
"7028","MATH","1060","Finite Mathematics","Spring 2024",2024-01-16,2023-12-18,58
"7029","MATH","1110","College Algebra","Spring 2024",2024-01-16,2023-12-18,29
"7030","MATH","1401","Calculus I","Spring 2024",2024-01-16,2023-12-18,164
"7031","MATH","2411","Calculus II","Spring 2024",2024-01-16,2023-12-18,134
"7032","MATH","2830","Introductory Statistics","Spring 2024",2024-01-16,2023-12-18,82
"7033","MATH","1010","Math for Liberal Arts","Spring 2024",2024-01-16,2023-12-19,63
"7034","MATH","1060","Finite Mathematics","Spring 2024",2024-01-16,2023-12-19,57
"7035","MATH","1110","College Algebra","Spring 2024",2024-01-16,2023-12-19,29
"7036","MATH","1401","Calculus I","Spring 2024",2024-01-16,2023-12-19,167
"7037","MATH","2411","Calculus II","Spring 2024",2024-01-16,2023-12-19,135
"7038","MATH","2830","Introductory Statistics","Spring 2024",2024-01-16,2023-12-19,83
"7039","MATH","1010","Math for Liberal Arts","Spring 2024",2024-01-16,2023-12-20,64
"7040","MATH","1060","Finite Mathematics","Spring 2024",2024-01-16,2023-12-20,60
"7041","MATH","1110","College Algebra","Spring 2024",2024-01-16,2023-12-20,29
"7042","MATH","1401","Calculus I","Spring 2024",2024-01-16,2023-12-20,171
"7043","MATH","2411","Calculus II","Spring 2024",2024-01-16,2023-12-20,137
"7044","MATH","2830","Introductory Statistics","Spring 2024",2024-01-16,2023-12-20,83
"7045","MATH","1010","Math for Liberal Arts","Spring 2024",2024-01-16,2023-12-21,65
"7046","MATH","1060","Finite Mathematics","Spring 2024",2024-01-16,2023-12-21,62
"7047","MATH","1110","College Algebra","Spring 2024",2024-01-16,2023-12-21,28
"7048","MATH","1401","Calculus I","Spring 2024",2024-01-16,2023-12-21,172
"7049","MATH","2411","Calculus II","Spring 2024",2024-01-16,2023-12-21,138
"7050","MATH","2830","Introductory Statistics","Spring 2024",2024-01-16,2023-12-21,84
"7051","MATH","1010","Math for Liberal Arts","Spring 2024",2024-01-16,2023-12-22,66
"7052","MATH","1060","Finite Mathematics","Spring 2024",2024-01-16,2023-12-22,62
"7053","MATH","1110","College Algebra","Spring 2024",2024-01-16,2023-12-22,28
"7054","MATH","1401","Calculus I","Spring 2024",2024-01-16,2023-12-22,179
"7055","MATH","2411","Calculus II","Spring 2024",2024-01-16,2023-12-22,140
"7056","MATH","2830","Introductory Statistics","Spring 2024",2024-01-16,2023-12-22,84
"7057","MATH","1010","Math for Liberal Arts","Spring 2024",2024-01-16,2023-12-23,60
"7058","MATH","1060","Finite Mathematics","Spring 2024",2024-01-16,2023-12-23,63
"7059","MATH","1110","College Algebra","Spring 2024",2024-01-16,2023-12-23,29
"7060","MATH","1401","Calculus I","Spring 2024",2024-01-16,2023-12-23,182
"7061","MATH","2411","Calculus II","Spring 2024",2024-01-16,2023-12-23,140
"7062","MATH","2830","Introductory Statistics","Spring 2024",2024-01-16,2023-12-23,85
"7063","MATH","1010","Math for Liberal Arts","Spring 2024",2024-01-16,2023-12-24,61
"7064","MATH","1060","Finite Mathematics","Spring 2024",2024-01-16,2023-12-24,64
"7065","MATH","1110","College Algebra","Spring 2024",2024-01-16,2023-12-24,29
"7066","MATH","1401","Calculus I","Spring 2024",2024-01-16,2023-12-24,182
"7067","MATH","2411","Calculus II","Spring 2024",2024-01-16,2023-12-24,140
"7068","MATH","2830","Introductory Statistics","Spring 2024",2024-01-16,2023-12-24,85
"7069","MATH","1010","Math for Liberal Arts","Spring 2024",2024-01-16,2023-12-25,62
"7070","MATH","1060","Finite Mathematics","Spring 2024",2024-01-16,2023-12-25,65
"7071","MATH","1110","College Algebra","Spring 2024",2024-01-16,2023-12-25,31
"7072","MATH","1401","Calculus I","Spring 2024",2024-01-16,2023-12-25,182
"7073","MATH","2411","Calculus II","Spring 2024",2024-01-16,2023-12-25,142
"7074","MATH","2830","Introductory Statistics","Spring 2024",2024-01-16,2023-12-25,84
"7075","MATH","1010","Math for Liberal Arts","Spring 2024",2024-01-16,2023-12-26,62
"7076","MATH","1060","Finite Mathematics","Spring 2024",2024-01-16,2023-12-26,65
"7077","MATH","1110","College Algebra","Spring 2024",2024-01-16,2023-12-26,31
"7078","MATH","1401","Calculus I","Spring 2024",2024-01-16,2023-12-26,185
"7079","MATH","2411","Calculus II","Spring 2024",2024-01-16,2023-12-26,142
"7080","MATH","2830","Introductory Statistics","Spring 2024",2024-01-16,2023-12-26,85
"7081","MATH","1010","Math for Liberal Arts","Spring 2024",2024-01-16,2023-12-27,62
"7082","MATH","1060","Finite Mathematics","Spring 2024",2024-01-16,2023-12-27,66
"7083","MATH","1110","College Algebra","Spring 2024",2024-01-16,2023-12-27,31
"7084","MATH","1401","Calculus I","Spring 2024",2024-01-16,2023-12-27,187
"7085","MATH","2411","Calculus II","Spring 2024",2024-01-16,2023-12-27,143
"7086","MATH","2830","Introductory Statistics","Spring 2024",2024-01-16,2023-12-27,86
"7087","MATH","1010","Math for Liberal Arts","Spring 2024",2024-01-16,2023-12-28,63
"7088","MATH","1060","Finite Mathematics","Spring 2024",2024-01-16,2023-12-28,67
"7089","MATH","1110","College Algebra","Spring 2024",2024-01-16,2023-12-28,31
"7090","MATH","1401","Calculus I","Spring 2024",2024-01-16,2023-12-28,187
"7091","MATH","2411","Calculus II","Spring 2024",2024-01-16,2023-12-28,144
"7092","MATH","2830","Introductory Statistics","Spring 2024",2024-01-16,2023-12-28,86
"7093","MATH","1010","Math for Liberal Arts","Spring 2024",2024-01-16,2023-12-29,62
"7094","MATH","1060","Finite Mathematics","Spring 2024",2024-01-16,2023-12-29,67
"7095","MATH","1110","College Algebra","Spring 2024",2024-01-16,2023-12-29,32
"7096","MATH","1401","Calculus I","Spring 2024",2024-01-16,2023-12-29,188
"7097","MATH","2411","Calculus II","Spring 2024",2024-01-16,2023-12-29,144
"7098","MATH","2830","Introductory Statistics","Spring 2024",2024-01-16,2023-12-29,86
"7099","MATH","1010","Math for Liberal Arts","Spring 2024",2024-01-16,2023-12-30,62
"7100","MATH","1060","Finite Mathematics","Spring 2024",2024-01-16,2023-12-30,68
"7101","MATH","1110","College Algebra","Spring 2024",2024-01-16,2023-12-30,32
"7102","MATH","1401","Calculus I","Spring 2024",2024-01-16,2023-12-30,191
"7103","MATH","2411","Calculus II","Spring 2024",2024-01-16,2023-12-30,145
"7104","MATH","2830","Introductory Statistics","Spring 2024",2024-01-16,2023-12-30,87
"7105","MATH","1010","Math for Liberal Arts","Spring 2024",2024-01-16,2023-12-31,62
"7106","MATH","1060","Finite Mathematics","Spring 2024",2024-01-16,2023-12-31,67
"7107","MATH","1110","College Algebra","Spring 2024",2024-01-16,2023-12-31,32
"7108","MATH","1401","Calculus I","Spring 2024",2024-01-16,2023-12-31,191
"7109","MATH","2411","Calculus II","Spring 2024",2024-01-16,2023-12-31,145
"7110","MATH","2830","Introductory Statistics","Spring 2024",2024-01-16,2023-12-31,87
"7111","MATH","1010","Math for Liberal Arts","Spring 2024",2024-01-16,2024-01-01,62
"7112","MATH","1060","Finite Mathematics","Spring 2024",2024-01-16,2024-01-01,67
"7113","MATH","1110","College Algebra","Spring 2024",2024-01-16,2024-01-01,33
"7114","MATH","1401","Calculus I","Spring 2024",2024-01-16,2024-01-01,191
"7115","MATH","2411","Calculus II","Spring 2024",2024-01-16,2024-01-01,145
"7116","MATH","2830","Introductory Statistics","Spring 2024",2024-01-16,2024-01-01,87
"7117","MATH","1010","Math for Liberal Arts","Spring 2024",2024-01-16,2024-01-02,63
"7118","MATH","1060","Finite Mathematics","Spring 2024",2024-01-16,2024-01-02,67
"7119","MATH","1110","College Algebra","Spring 2024",2024-01-16,2024-01-02,33
"7120","MATH","1401","Calculus I","Spring 2024",2024-01-16,2024-01-02,191
"7121","MATH","2411","Calculus II","Spring 2024",2024-01-16,2024-01-02,145
"7122","MATH","2830","Introductory Statistics","Spring 2024",2024-01-16,2024-01-02,87
"7123","MATH","1010","Math for Liberal Arts","Spring 2024",2024-01-16,2024-01-03,64
"7124","MATH","1060","Finite Mathematics","Spring 2024",2024-01-16,2024-01-03,60
"7125","MATH","1110","College Algebra","Spring 2024",2024-01-16,2024-01-03,33
"7126","MATH","1401","Calculus I","Spring 2024",2024-01-16,2024-01-03,189
"7127","MATH","2411","Calculus II","Spring 2024",2024-01-16,2024-01-03,145
"7128","MATH","2830","Introductory Statistics","Spring 2024",2024-01-16,2024-01-03,86
"7129","MATH","1010","Math for Liberal Arts","Spring 2024",2024-01-16,2024-01-04,64
"7130","MATH","1060","Finite Mathematics","Spring 2024",2024-01-16,2024-01-04,62
"7131","MATH","1110","College Algebra","Spring 2024",2024-01-16,2024-01-04,33
"7132","MATH","1401","Calculus I","Spring 2024",2024-01-16,2024-01-04,193
"7133","MATH","2411","Calculus II","Spring 2024",2024-01-16,2024-01-04,146
"7134","MATH","2830","Introductory Statistics","Spring 2024",2024-01-16,2024-01-04,87
"7135","MATH","1010","Math for Liberal Arts","Spring 2024",2024-01-16,2024-01-05,65
"7136","MATH","1060","Finite Mathematics","Spring 2024",2024-01-16,2024-01-05,64
"7137","MATH","1110","College Algebra","Spring 2024",2024-01-16,2024-01-05,36
"7138","MATH","1401","Calculus I","Spring 2024",2024-01-16,2024-01-05,195
"7139","MATH","2411","Calculus II","Spring 2024",2024-01-16,2024-01-05,153
"7140","MATH","2830","Introductory Statistics","Spring 2024",2024-01-16,2024-01-05,87
"7141","MATH","1010","Math for Liberal Arts","Spring 2024",2024-01-16,2024-01-06,66
"7142","MATH","1060","Finite Mathematics","Spring 2024",2024-01-16,2024-01-06,66
"7143","MATH","1110","College Algebra","Spring 2024",2024-01-16,2024-01-06,36
"7144","MATH","1401","Calculus I","Spring 2024",2024-01-16,2024-01-06,198
"7145","MATH","2411","Calculus II","Spring 2024",2024-01-16,2024-01-06,154
"7146","MATH","2830","Introductory Statistics","Spring 2024",2024-01-16,2024-01-06,88
"7147","MATH","1010","Math for Liberal Arts","Spring 2024",2024-01-16,2024-01-07,67
"7148","MATH","1060","Finite Mathematics","Spring 2024",2024-01-16,2024-01-07,66
"7149","MATH","1110","College Algebra","Spring 2024",2024-01-16,2024-01-07,36
"7150","MATH","1401","Calculus I","Spring 2024",2024-01-16,2024-01-07,201
"7151","MATH","2411","Calculus II","Spring 2024",2024-01-16,2024-01-07,155
"7152","MATH","2830","Introductory Statistics","Spring 2024",2024-01-16,2024-01-07,88
"7153","MATH","1010","Math for Liberal Arts","Spring 2024",2024-01-16,2024-01-08,67
"7154","MATH","1060","Finite Mathematics","Spring 2024",2024-01-16,2024-01-08,66
"7155","MATH","1110","College Algebra","Spring 2024",2024-01-16,2024-01-08,36
"7156","MATH","1401","Calculus I","Spring 2024",2024-01-16,2024-01-08,201
"7157","MATH","2411","Calculus II","Spring 2024",2024-01-16,2024-01-08,156
"7158","MATH","2830","Introductory Statistics","Spring 2024",2024-01-16,2024-01-08,89
"7159","MATH","1010","Math for Liberal Arts","Spring 2024",2024-01-16,2024-01-09,71
"7160","MATH","1060","Finite Mathematics","Spring 2024",2024-01-16,2024-01-09,70
"7161","MATH","1110","College Algebra","Spring 2024",2024-01-16,2024-01-09,36
"7162","MATH","1401","Calculus I","Spring 2024",2024-01-16,2024-01-09,203
"7163","MATH","2411","Calculus II","Spring 2024",2024-01-16,2024-01-09,157
"7164","MATH","2830","Introductory Statistics","Spring 2024",2024-01-16,2024-01-09,93
"7165","MATH","1010","Math for Liberal Arts","Spring 2024",2024-01-16,2024-01-10,84
"7166","MATH","1060","Finite Mathematics","Spring 2024",2024-01-16,2024-01-10,82
"7167","MATH","1110","College Algebra","Spring 2024",2024-01-16,2024-01-10,37
"7168","MATH","1401","Calculus I","Spring 2024",2024-01-16,2024-01-10,206
"7169","MATH","2411","Calculus II","Spring 2024",2024-01-16,2024-01-10,161
"7170","MATH","2830","Introductory Statistics","Spring 2024",2024-01-16,2024-01-10,97
"7171","MATH","1010","Math for Liberal Arts","Spring 2024",2024-01-16,2024-01-11,84
"7172","MATH","1060","Finite Mathematics","Spring 2024",2024-01-16,2024-01-11,85
"7173","MATH","1110","College Algebra","Spring 2024",2024-01-16,2024-01-11,39
"7174","MATH","1401","Calculus I","Spring 2024",2024-01-16,2024-01-11,209
"7175","MATH","2411","Calculus II","Spring 2024",2024-01-16,2024-01-11,161
"7176","MATH","2830","Introductory Statistics","Spring 2024",2024-01-16,2024-01-11,98
"7177","MATH","1010","Math for Liberal Arts","Spring 2024",2024-01-16,2024-01-12,87
"7178","MATH","1060","Finite Mathematics","Spring 2024",2024-01-16,2024-01-12,87
"7179","MATH","1110","College Algebra","Spring 2024",2024-01-16,2024-01-12,42
"7180","MATH","1401","Calculus I","Spring 2024",2024-01-16,2024-01-12,211
"7181","MATH","2411","Calculus II","Spring 2024",2024-01-16,2024-01-12,162
"7182","MATH","2830","Introductory Statistics","Spring 2024",2024-01-16,2024-01-12,100
"7183","MATH","1010","Math for Liberal Arts","Spring 2024",2024-01-16,2024-01-13,86
"7184","MATH","1060","Finite Mathematics","Spring 2024",2024-01-16,2024-01-13,87
"7185","MATH","1110","College Algebra","Spring 2024",2024-01-16,2024-01-13,42
"7186","MATH","1401","Calculus I","Spring 2024",2024-01-16,2024-01-13,213
"7187","MATH","2411","Calculus II","Spring 2024",2024-01-16,2024-01-13,162
"7188","MATH","2830","Introductory Statistics","Spring 2024",2024-01-16,2024-01-13,101
"7189","MATH","1010","Math for Liberal Arts","Spring 2024",2024-01-16,2024-01-14,88
"7190","MATH","1060","Finite Mathematics","Spring 2024",2024-01-16,2024-01-14,89
"7191","MATH","1110","College Algebra","Spring 2024",2024-01-16,2024-01-14,43
"7192","MATH","1401","Calculus I","Spring 2024",2024-01-16,2024-01-14,214
"7193","MATH","2411","Calculus II","Spring 2024",2024-01-16,2024-01-14,164
"7194","MATH","2830","Introductory Statistics","Spring 2024",2024-01-16,2024-01-14,101
"7195","MATH","1010","Math for Liberal Arts","Spring 2024",2024-01-16,2024-01-15,87
"7196","MATH","1060","Finite Mathematics","Spring 2024",2024-01-16,2024-01-15,90
"7197","MATH","1110","College Algebra","Spring 2024",2024-01-16,2024-01-15,43
"7198","MATH","1401","Calculus I","Spring 2024",2024-01-16,2024-01-15,216
"7199","MATH","2411","Calculus II","Spring 2024",2024-01-16,2024-01-15,165
"7200","MATH","2830","Introductory Statistics","Spring 2024",2024-01-16,2024-01-15,103
"7201","MATH","1010","Math for Liberal Arts","Spring 2024",2024-01-16,2024-01-16,89
"7202","MATH","1060","Finite Mathematics","Spring 2024",2024-01-16,2024-01-16,91
"7203","MATH","1110","College Algebra","Spring 2024",2024-01-16,2024-01-16,44
"7204","MATH","1401","Calculus I","Spring 2024",2024-01-16,2024-01-16,217
"7205","MATH","2411","Calculus II","Spring 2024",2024-01-16,2024-01-16,172
"7206","MATH","2830","Introductory Statistics","Spring 2024",2024-01-16,2024-01-16,105
"7207","MATH","1010","Math for Liberal Arts","Spring 2024",2024-01-16,2024-01-17,90
"7208","MATH","1060","Finite Mathematics","Spring 2024",2024-01-16,2024-01-17,94
"7209","MATH","1110","College Algebra","Spring 2024",2024-01-16,2024-01-17,44
"7210","MATH","1401","Calculus I","Spring 2024",2024-01-16,2024-01-17,220
"7211","MATH","2411","Calculus II","Spring 2024",2024-01-16,2024-01-17,171
"7212","MATH","2830","Introductory Statistics","Spring 2024",2024-01-16,2024-01-17,105
"7213","MATH","1010","Math for Liberal Arts","Spring 2024",2024-01-16,2024-01-18,87
"7214","MATH","1060","Finite Mathematics","Spring 2024",2024-01-16,2024-01-18,96
"7215","MATH","1110","College Algebra","Spring 2024",2024-01-16,2024-01-18,45
"7216","MATH","1401","Calculus I","Spring 2024",2024-01-16,2024-01-18,226
"7217","MATH","2411","Calculus II","Spring 2024",2024-01-16,2024-01-18,174
"7218","MATH","2830","Introductory Statistics","Spring 2024",2024-01-16,2024-01-18,106
"7219","MATH","1010","Math for Liberal Arts","Spring 2024",2024-01-16,2024-01-19,91
"7220","MATH","1060","Finite Mathematics","Spring 2024",2024-01-16,2024-01-19,96
"7221","MATH","1110","College Algebra","Spring 2024",2024-01-16,2024-01-19,45
"7222","MATH","1401","Calculus I","Spring 2024",2024-01-16,2024-01-19,227
"7223","MATH","2411","Calculus II","Spring 2024",2024-01-16,2024-01-19,173
"7224","MATH","2830","Introductory Statistics","Spring 2024",2024-01-16,2024-01-19,106
"7225","MATH","1010","Math for Liberal Arts","Spring 2024",2024-01-16,2024-01-20,92
"7226","MATH","1060","Finite Mathematics","Spring 2024",2024-01-16,2024-01-20,96
"7227","MATH","1110","College Algebra","Spring 2024",2024-01-16,2024-01-20,44
"7228","MATH","1401","Calculus I","Spring 2024",2024-01-16,2024-01-20,227
"7229","MATH","2411","Calculus II","Spring 2024",2024-01-16,2024-01-20,173
"7230","MATH","2830","Introductory Statistics","Spring 2024",2024-01-16,2024-01-20,106
"7231","MATH","1010","Math for Liberal Arts","Spring 2024",2024-01-16,2024-01-21,92
"7232","MATH","1060","Finite Mathematics","Spring 2024",2024-01-16,2024-01-21,96
"7233","MATH","1110","College Algebra","Spring 2024",2024-01-16,2024-01-21,45
"7234","MATH","1401","Calculus I","Spring 2024",2024-01-16,2024-01-21,227
"7235","MATH","2411","Calculus II","Spring 2024",2024-01-16,2024-01-21,172
"7236","MATH","2830","Introductory Statistics","Spring 2024",2024-01-16,2024-01-21,106
"7237","MATH","1010","Math for Liberal Arts","Spring 2024",2024-01-16,2024-01-22,92
"7238","MATH","1060","Finite Mathematics","Spring 2024",2024-01-16,2024-01-22,96
"7239","MATH","1110","College Algebra","Spring 2024",2024-01-16,2024-01-22,45
"7240","MATH","1401","Calculus I","Spring 2024",2024-01-16,2024-01-22,229
"7241","MATH","2411","Calculus II","Spring 2024",2024-01-16,2024-01-22,172
"7242","MATH","2830","Introductory Statistics","Spring 2024",2024-01-16,2024-01-22,106
"7243","MATH","1010","Math for Liberal Arts","Spring 2024",2024-01-16,2024-01-23,92
"7244","MATH","1060","Finite Mathematics","Spring 2024",2024-01-16,2024-01-23,94
"7245","MATH","1110","College Algebra","Spring 2024",2024-01-16,2024-01-23,45
"7246","MATH","1401","Calculus I","Spring 2024",2024-01-16,2024-01-23,231
"7247","MATH","2411","Calculus II","Spring 2024",2024-01-16,2024-01-23,172
"7248","MATH","2830","Introductory Statistics","Spring 2024",2024-01-16,2024-01-23,105
"7249","MATH","1010","Math for Liberal Arts","Spring 2024",2024-01-16,2024-01-24,92
"7250","MATH","1060","Finite Mathematics","Spring 2024",2024-01-16,2024-01-24,94
"7251","MATH","1110","College Algebra","Spring 2024",2024-01-16,2024-01-24,45
"7252","MATH","1401","Calculus I","Spring 2024",2024-01-16,2024-01-24,232
"7253","MATH","2411","Calculus II","Spring 2024",2024-01-16,2024-01-24,172
"7254","MATH","2830","Introductory Statistics","Spring 2024",2024-01-16,2024-01-24,105
"7255","MATH","1010","Math for Liberal Arts","Spring 2024",2024-01-16,2024-01-25,91
"7256","MATH","1060","Finite Mathematics","Spring 2024",2024-01-16,2024-01-25,93
"7257","MATH","1110","College Algebra","Spring 2024",2024-01-16,2024-01-25,44
"7258","MATH","1401","Calculus I","Spring 2024",2024-01-16,2024-01-25,233
"7259","MATH","2411","Calculus II","Spring 2024",2024-01-16,2024-01-25,171
"7260","MATH","2830","Introductory Statistics","Spring 2024",2024-01-16,2024-01-25,105
"7261","MATH","1010","Math for Liberal Arts","Spring 2024",2024-01-16,2024-01-26,92
"7262","MATH","1060","Finite Mathematics","Spring 2024",2024-01-16,2024-01-26,93
"7263","MATH","1110","College Algebra","Spring 2024",2024-01-16,2024-01-26,44
"7264","MATH","1401","Calculus I","Spring 2024",2024-01-16,2024-01-26,233
"7265","MATH","2411","Calculus II","Spring 2024",2024-01-16,2024-01-26,171
"7266","MATH","2830","Introductory Statistics","Spring 2024",2024-01-16,2024-01-26,106
"7267","MATH","1010","Math for Liberal Arts","Spring 2024",2024-01-16,2024-01-27,92
"7268","MATH","1060","Finite Mathematics","Spring 2024",2024-01-16,2024-01-27,93
"7269","MATH","1110","College Algebra","Spring 2024",2024-01-16,2024-01-27,44
"7270","MATH","1401","Calculus I","Spring 2024",2024-01-16,2024-01-27,233
"7271","MATH","2411","Calculus II","Spring 2024",2024-01-16,2024-01-27,170
"7272","MATH","2830","Introductory Statistics","Spring 2024",2024-01-16,2024-01-27,106
"7273","MATH","1010","Math for Liberal Arts","Spring 2024",2024-01-16,2024-01-28,92
"7274","MATH","1060","Finite Mathematics","Spring 2024",2024-01-16,2024-01-28,92
"7275","MATH","1110","College Algebra","Spring 2024",2024-01-16,2024-01-28,44
"7276","MATH","1401","Calculus I","Spring 2024",2024-01-16,2024-01-28,233
"7277","MATH","2411","Calculus II","Spring 2024",2024-01-16,2024-01-28,170
"7278","MATH","2830","Introductory Statistics","Spring 2024",2024-01-16,2024-01-28,106
"7279","MATH","1010","Math for Liberal Arts","Spring 2024",2024-01-16,2024-01-29,92
"7280","MATH","1060","Finite Mathematics","Spring 2024",2024-01-16,2024-01-29,91
"7281","MATH","1110","College Algebra","Spring 2024",2024-01-16,2024-01-29,44
"7282","MATH","1401","Calculus I","Spring 2024",2024-01-16,2024-01-29,233
"7283","MATH","2411","Calculus II","Spring 2024",2024-01-16,2024-01-29,170
"7284","MATH","2830","Introductory Statistics","Spring 2024",2024-01-16,2024-01-29,106
"7285","MATH","1010","Math for Liberal Arts","Spring 2024",2024-01-16,2024-01-30,92
"7286","MATH","1060","Finite Mathematics","Spring 2024",2024-01-16,2024-01-30,90
"7287","MATH","1110","College Algebra","Spring 2024",2024-01-16,2024-01-30,44
"7288","MATH","1401","Calculus I","Spring 2024",2024-01-16,2024-01-30,232
"7289","MATH","2411","Calculus II","Spring 2024",2024-01-16,2024-01-30,170
"7290","MATH","2830","Introductory Statistics","Spring 2024",2024-01-16,2024-01-30,105
"7291","MATH","1010","Math for Liberal Arts","Spring 2024",2024-01-16,2024-01-31,91
"7292","MATH","1060","Finite Mathematics","Spring 2024",2024-01-16,2024-01-31,91
"7293","MATH","1110","College Algebra","Spring 2024",2024-01-16,2024-01-31,45
"7294","MATH","1401","Calculus I","Spring 2024",2024-01-16,2024-01-31,232
"7295","MATH","2411","Calculus II","Spring 2024",2024-01-16,2024-01-31,169
"7296","MATH","2830","Introductory Statistics","Spring 2024",2024-01-16,2024-01-31,106
"7297","MATH","1010","Math for Liberal Arts","Spring 2024",2024-01-16,2024-02-01,92
"7298","MATH","1060","Finite Mathematics","Spring 2024",2024-01-16,2024-02-01,92
"7299","MATH","1110","College Algebra","Spring 2024",2024-01-16,2024-02-01,45
"7300","MATH","1401","Calculus I","Spring 2024",2024-01-16,2024-02-01,233
"7301","MATH","2411","Calculus II","Spring 2024",2024-01-16,2024-02-01,169
"7302","MATH","2830","Introductory Statistics","Spring 2024",2024-01-16,2024-02-01,106
"7303","MATH","1010","Math for Liberal Arts","Spring 2024",2024-01-16,2024-02-02,92
"7304","MATH","1060","Finite Mathematics","Spring 2024",2024-01-16,2024-02-02,92
"7305","MATH","1110","College Algebra","Spring 2024",2024-01-16,2024-02-02,45
"7306","MATH","1401","Calculus I","Spring 2024",2024-01-16,2024-02-02,233
"7307","MATH","2411","Calculus II","Spring 2024",2024-01-16,2024-02-02,169
"7308","MATH","2830","Introductory Statistics","Spring 2024",2024-01-16,2024-02-02,106
"7309","MATH","1010","Math for Liberal Arts","Spring 2024",2024-01-16,2024-02-03,92
"7310","MATH","1060","Finite Mathematics","Spring 2024",2024-01-16,2024-02-03,92
"7311","MATH","1110","College Algebra","Spring 2024",2024-01-16,2024-02-03,46
"7312","MATH","1401","Calculus I","Spring 2024",2024-01-16,2024-02-03,233
"7313","MATH","2411","Calculus II","Spring 2024",2024-01-16,2024-02-03,169
"7314","MATH","2830","Introductory Statistics","Spring 2024",2024-01-16,2024-02-03,106
"7315","MATH","1010","Math for Liberal Arts","Spring 2024",2024-01-16,2024-02-04,92
"7316","MATH","1060","Finite Mathematics","Spring 2024",2024-01-16,2024-02-04,92
"7317","MATH","1110","College Algebra","Spring 2024",2024-01-16,2024-02-04,46
"7318","MATH","1401","Calculus I","Spring 2024",2024-01-16,2024-02-04,233
"7319","MATH","2411","Calculus II","Spring 2024",2024-01-16,2024-02-04,169
"7320","MATH","2830","Introductory Statistics","Spring 2024",2024-01-16,2024-02-04,106
"7321","MATH","1010","Math for Liberal Arts","Spring 2024",2024-01-16,2024-02-05,92
"7322","MATH","1060","Finite Mathematics","Spring 2024",2024-01-16,2024-02-05,92
"7323","MATH","1110","College Algebra","Spring 2024",2024-01-16,2024-02-05,46
"7324","MATH","1401","Calculus I","Spring 2024",2024-01-16,2024-02-05,233
"7325","MATH","2411","Calculus II","Spring 2024",2024-01-16,2024-02-05,169
"7326","MATH","2830","Introductory Statistics","Spring 2024",2024-01-16,2024-02-05,106
"7327","MATH","1010","Math for Liberal Arts","Spring 2024",2024-01-16,2024-02-06,92
"7328","MATH","1060","Finite Mathematics","Spring 2024",2024-01-16,2024-02-06,92
"7329","MATH","1110","College Algebra","Spring 2024",2024-01-16,2024-02-06,46
"7330","MATH","1401","Calculus I","Spring 2024",2024-01-16,2024-02-06,233
"7331","MATH","2411","Calculus II","Spring 2024",2024-01-16,2024-02-06,169
"7332","MATH","2830","Introductory Statistics","Spring 2024",2024-01-16,2024-02-06,106
"7333","MATH","1010","Math for Liberal Arts","Spring 2024",2024-01-16,2024-02-07,92
"7334","MATH","1060","Finite Mathematics","Spring 2024",2024-01-16,2024-02-07,92
"7335","MATH","1110","College Algebra","Spring 2024",2024-01-16,2024-02-07,46
"7336","MATH","1401","Calculus I","Spring 2024",2024-01-16,2024-02-07,233
"7337","MATH","2411","Calculus II","Spring 2024",2024-01-16,2024-02-07,169
"7338","MATH","2830","Introductory Statistics","Spring 2024",2024-01-16,2024-02-07,106
"7339","MATH","1010","Math for Liberal Arts","Spring 2024",2024-01-16,2024-02-08,92
"7340","MATH","1060","Finite Mathematics","Spring 2024",2024-01-16,2024-02-08,92
"7341","MATH","1110","College Algebra","Spring 2024",2024-01-16,2024-02-08,46
"7342","MATH","1401","Calculus I","Spring 2024",2024-01-16,2024-02-08,233
"7343","MATH","2411","Calculus II","Spring 2024",2024-01-16,2024-02-08,169
"7344","MATH","2830","Introductory Statistics","Spring 2024",2024-01-16,2024-02-08,106
"7345","MATH","1010","Math for Liberal Arts","Spring 2024",2024-01-16,2024-02-09,92
"7346","MATH","1060","Finite Mathematics","Spring 2024",2024-01-16,2024-02-09,92
"7347","MATH","1110","College Algebra","Spring 2024",2024-01-16,2024-02-09,46
"7348","MATH","1401","Calculus I","Spring 2024",2024-01-16,2024-02-09,233
"7349","MATH","2411","Calculus II","Spring 2024",2024-01-16,2024-02-09,169
"7350","MATH","2830","Introductory Statistics","Spring 2024",2024-01-16,2024-02-09,106
"7351","MATH","1010","Math for Liberal Arts","Fall 2024",2024-08-19,2024-04-01,1
"7352","MATH","1401","Calculus I","Fall 2024",2024-08-19,2024-04-01,1
"7353","MATH","1010","Math for Liberal Arts","Fall 2024",2024-08-19,2024-04-02,1
"7354","MATH","1060","Finite Mathematics","Fall 2024",2024-08-19,2024-04-02,1
"7355","MATH","1401","Calculus I","Fall 2024",2024-08-19,2024-04-02,5
"7356","MATH","2411","Calculus II","Fall 2024",2024-08-19,2024-04-02,4
"7357","MATH","2830","Introductory Statistics","Fall 2024",2024-08-19,2024-04-02,1
"7358","MATH","1010","Math for Liberal Arts","Fall 2024",2024-08-19,2024-04-03,1
"7359","MATH","1060","Finite Mathematics","Fall 2024",2024-08-19,2024-04-03,1
"7360","MATH","1401","Calculus I","Fall 2024",2024-08-19,2024-04-03,8
"7361","MATH","2411","Calculus II","Fall 2024",2024-08-19,2024-04-03,5
"7362","MATH","2830","Introductory Statistics","Fall 2024",2024-08-19,2024-04-03,1
"7363","MATH","1010","Math for Liberal Arts","Fall 2024",2024-08-19,2024-04-04,1
"7364","MATH","1060","Finite Mathematics","Fall 2024",2024-08-19,2024-04-04,1
"7365","MATH","1401","Calculus I","Fall 2024",2024-08-19,2024-04-04,8
"7366","MATH","2411","Calculus II","Fall 2024",2024-08-19,2024-04-04,6
"7367","MATH","2830","Introductory Statistics","Fall 2024",2024-08-19,2024-04-04,1
"7368","MATH","1010","Math for Liberal Arts","Fall 2024",2024-08-19,2024-04-05,1
"7369","MATH","1060","Finite Mathematics","Fall 2024",2024-08-19,2024-04-05,1
"7370","MATH","1401","Calculus I","Fall 2024",2024-08-19,2024-04-05,8
"7371","MATH","2411","Calculus II","Fall 2024",2024-08-19,2024-04-05,6
"7372","MATH","2830","Introductory Statistics","Fall 2024",2024-08-19,2024-04-05,1
"7373","MATH","1010","Math for Liberal Arts","Fall 2024",2024-08-19,2024-04-06,1
"7374","MATH","1060","Finite Mathematics","Fall 2024",2024-08-19,2024-04-06,1
"7375","MATH","1401","Calculus I","Fall 2024",2024-08-19,2024-04-06,9
"7376","MATH","2411","Calculus II","Fall 2024",2024-08-19,2024-04-06,7
"7377","MATH","2830","Introductory Statistics","Fall 2024",2024-08-19,2024-04-06,1
"7378","MATH","1010","Math for Liberal Arts","Fall 2024",2024-08-19,2024-04-07,1
"7379","MATH","1060","Finite Mathematics","Fall 2024",2024-08-19,2024-04-07,1
"7380","MATH","1401","Calculus I","Fall 2024",2024-08-19,2024-04-07,9
"7381","MATH","2411","Calculus II","Fall 2024",2024-08-19,2024-04-07,7
"7382","MATH","2830","Introductory Statistics","Fall 2024",2024-08-19,2024-04-07,1
"7383","MATH","1010","Math for Liberal Arts","Fall 2024",2024-08-19,2024-04-08,1
"7384","MATH","1060","Finite Mathematics","Fall 2024",2024-08-19,2024-04-08,1
"7385","MATH","1401","Calculus I","Fall 2024",2024-08-19,2024-04-08,9
"7386","MATH","2411","Calculus II","Fall 2024",2024-08-19,2024-04-08,7
"7387","MATH","2830","Introductory Statistics","Fall 2024",2024-08-19,2024-04-08,2
"7388","MATH","1010","Math for Liberal Arts","Fall 2024",2024-08-19,2024-04-09,1
"7389","MATH","1060","Finite Mathematics","Fall 2024",2024-08-19,2024-04-09,1
"7390","MATH","1401","Calculus I","Fall 2024",2024-08-19,2024-04-09,11
"7391","MATH","2411","Calculus II","Fall 2024",2024-08-19,2024-04-09,8
"7392","MATH","2830","Introductory Statistics","Fall 2024",2024-08-19,2024-04-09,2
"7393","MATH","1010","Math for Liberal Arts","Fall 2024",2024-08-19,2024-04-10,1
"7394","MATH","1060","Finite Mathematics","Fall 2024",2024-08-19,2024-04-10,1
"7395","MATH","1401","Calculus I","Fall 2024",2024-08-19,2024-04-10,11
"7396","MATH","2411","Calculus II","Fall 2024",2024-08-19,2024-04-10,9
"7397","MATH","2830","Introductory Statistics","Fall 2024",2024-08-19,2024-04-10,2
"7398","MATH","1010","Math for Liberal Arts","Fall 2024",2024-08-19,2024-04-11,2
"7399","MATH","1060","Finite Mathematics","Fall 2024",2024-08-19,2024-04-11,2
"7400","MATH","1401","Calculus I","Fall 2024",2024-08-19,2024-04-11,13
"7401","MATH","2411","Calculus II","Fall 2024",2024-08-19,2024-04-11,10
"7402","MATH","2830","Introductory Statistics","Fall 2024",2024-08-19,2024-04-11,3
"7403","MATH","1010","Math for Liberal Arts","Fall 2024",2024-08-19,2024-04-12,4
"7404","MATH","1060","Finite Mathematics","Fall 2024",2024-08-19,2024-04-12,3
"7405","MATH","1401","Calculus I","Fall 2024",2024-08-19,2024-04-12,16
"7406","MATH","2411","Calculus II","Fall 2024",2024-08-19,2024-04-12,13
"7407","MATH","2830","Introductory Statistics","Fall 2024",2024-08-19,2024-04-12,3
"7408","MATH","1010","Math for Liberal Arts","Fall 2024",2024-08-19,2024-04-13,14
"7409","MATH","1060","Finite Mathematics","Fall 2024",2024-08-19,2024-04-13,8
"7410","MATH","1110","College Algebra","Fall 2024",2024-08-19,2024-04-13,4
"7411","MATH","1401","Calculus I","Fall 2024",2024-08-19,2024-04-13,34
"7412","MATH","2411","Calculus II","Fall 2024",2024-08-19,2024-04-13,19
"7413","MATH","2830","Introductory Statistics","Fall 2024",2024-08-19,2024-04-13,15
"7414","MATH","1010","Math for Liberal Arts","Fall 2024",2024-08-19,2024-04-14,14
"7415","MATH","1060","Finite Mathematics","Fall 2024",2024-08-19,2024-04-14,8
"7416","MATH","1110","College Algebra","Fall 2024",2024-08-19,2024-04-14,4
"7417","MATH","1401","Calculus I","Fall 2024",2024-08-19,2024-04-14,37
"7418","MATH","2411","Calculus II","Fall 2024",2024-08-19,2024-04-14,22
"7419","MATH","2830","Introductory Statistics","Fall 2024",2024-08-19,2024-04-14,16
"7420","MATH","1010","Math for Liberal Arts","Fall 2024",2024-08-19,2024-04-15,14
"7421","MATH","1060","Finite Mathematics","Fall 2024",2024-08-19,2024-04-15,8
"7422","MATH","1110","College Algebra","Fall 2024",2024-08-19,2024-04-15,4
"7423","MATH","1401","Calculus I","Fall 2024",2024-08-19,2024-04-15,40
"7424","MATH","2411","Calculus II","Fall 2024",2024-08-19,2024-04-15,23
"7425","MATH","2830","Introductory Statistics","Fall 2024",2024-08-19,2024-04-15,17
"7426","MATH","1010","Math for Liberal Arts","Fall 2024",2024-08-19,2024-04-16,19
"7427","MATH","1060","Finite Mathematics","Fall 2024",2024-08-19,2024-04-16,10
"7428","MATH","1110","College Algebra","Fall 2024",2024-08-19,2024-04-16,9
"7429","MATH","1401","Calculus I","Fall 2024",2024-08-19,2024-04-16,54
"7430","MATH","2411","Calculus II","Fall 2024",2024-08-19,2024-04-16,30
"7431","MATH","2830","Introductory Statistics","Fall 2024",2024-08-19,2024-04-16,18
"7432","MATH","1010","Math for Liberal Arts","Fall 2024",2024-08-19,2024-04-17,26
"7433","MATH","1060","Finite Mathematics","Fall 2024",2024-08-19,2024-04-17,12
"7434","MATH","1110","College Algebra","Fall 2024",2024-08-19,2024-04-17,9
"7435","MATH","1401","Calculus I","Fall 2024",2024-08-19,2024-04-17,65
"7436","MATH","2411","Calculus II","Fall 2024",2024-08-19,2024-04-17,34
"7437","MATH","2830","Introductory Statistics","Fall 2024",2024-08-19,2024-04-17,23
"7438","MATH","1010","Math for Liberal Arts","Fall 2024",2024-08-19,2024-04-18,28
"7439","MATH","1060","Finite Mathematics","Fall 2024",2024-08-19,2024-04-18,13
"7440","MATH","1110","College Algebra","Fall 2024",2024-08-19,2024-04-18,9
"7441","MATH","1401","Calculus I","Fall 2024",2024-08-19,2024-04-18,70
"7442","MATH","2411","Calculus II","Fall 2024",2024-08-19,2024-04-18,39
"7443","MATH","2830","Introductory Statistics","Fall 2024",2024-08-19,2024-04-18,25
"7444","MATH","1010","Math for Liberal Arts","Fall 2024",2024-08-19,2024-04-19,28
"7445","MATH","1060","Finite Mathematics","Fall 2024",2024-08-19,2024-04-19,15
"7446","MATH","1110","College Algebra","Fall 2024",2024-08-19,2024-04-19,10
"7447","MATH","1401","Calculus I","Fall 2024",2024-08-19,2024-04-19,71
"7448","MATH","2411","Calculus II","Fall 2024",2024-08-19,2024-04-19,41
"7449","MATH","2830","Introductory Statistics","Fall 2024",2024-08-19,2024-04-19,26
"7450","MATH","1010","Math for Liberal Arts","Fall 2024",2024-08-19,2024-04-20,34
"7451","MATH","1060","Finite Mathematics","Fall 2024",2024-08-19,2024-04-20,20
"7452","MATH","1110","College Algebra","Fall 2024",2024-08-19,2024-04-20,11
"7453","MATH","1401","Calculus I","Fall 2024",2024-08-19,2024-04-20,77
"7454","MATH","2411","Calculus II","Fall 2024",2024-08-19,2024-04-20,41
"7455","MATH","2830","Introductory Statistics","Fall 2024",2024-08-19,2024-04-20,32
"7456","MATH","1010","Math for Liberal Arts","Fall 2024",2024-08-19,2024-04-21,34
"7457","MATH","1060","Finite Mathematics","Fall 2024",2024-08-19,2024-04-21,20
"7458","MATH","1110","College Algebra","Fall 2024",2024-08-19,2024-04-21,11
"7459","MATH","1401","Calculus I","Fall 2024",2024-08-19,2024-04-21,78
"7460","MATH","2411","Calculus II","Fall 2024",2024-08-19,2024-04-21,41
"7461","MATH","2830","Introductory Statistics","Fall 2024",2024-08-19,2024-04-21,32
"7462","MATH","1010","Math for Liberal Arts","Fall 2024",2024-08-19,2024-04-22,34
"7463","MATH","1060","Finite Mathematics","Fall 2024",2024-08-19,2024-04-22,20
"7464","MATH","1110","College Algebra","Fall 2024",2024-08-19,2024-04-22,12
"7465","MATH","1401","Calculus I","Fall 2024",2024-08-19,2024-04-22,80
"7466","MATH","2411","Calculus II","Fall 2024",2024-08-19,2024-04-22,42
"7467","MATH","2830","Introductory Statistics","Fall 2024",2024-08-19,2024-04-22,32
"7468","MATH","1010","Math for Liberal Arts","Fall 2024",2024-08-19,2024-04-23,35
"7469","MATH","1060","Finite Mathematics","Fall 2024",2024-08-19,2024-04-23,21
"7470","MATH","1110","College Algebra","Fall 2024",2024-08-19,2024-04-23,15
"7471","MATH","1401","Calculus I","Fall 2024",2024-08-19,2024-04-23,81
"7472","MATH","2411","Calculus II","Fall 2024",2024-08-19,2024-04-23,45
"7473","MATH","2830","Introductory Statistics","Fall 2024",2024-08-19,2024-04-23,33
"7474","MATH","1010","Math for Liberal Arts","Fall 2024",2024-08-19,2024-04-24,35
"7475","MATH","1060","Finite Mathematics","Fall 2024",2024-08-19,2024-04-24,21
"7476","MATH","1110","College Algebra","Fall 2024",2024-08-19,2024-04-24,15
"7477","MATH","1401","Calculus I","Fall 2024",2024-08-19,2024-04-24,81
"7478","MATH","2411","Calculus II","Fall 2024",2024-08-19,2024-04-24,46
"7479","MATH","2830","Introductory Statistics","Fall 2024",2024-08-19,2024-04-24,34
"7480","MATH","1010","Math for Liberal Arts","Fall 2024",2024-08-19,2024-04-25,37
"7481","MATH","1060","Finite Mathematics","Fall 2024",2024-08-19,2024-04-25,21
"7482","MATH","1110","College Algebra","Fall 2024",2024-08-19,2024-04-25,16
"7483","MATH","1401","Calculus I","Fall 2024",2024-08-19,2024-04-25,82
"7484","MATH","2411","Calculus II","Fall 2024",2024-08-19,2024-04-25,46
"7485","MATH","2830","Introductory Statistics","Fall 2024",2024-08-19,2024-04-25,35
"7486","MATH","1010","Math for Liberal Arts","Fall 2024",2024-08-19,2024-04-26,38
"7487","MATH","1060","Finite Mathematics","Fall 2024",2024-08-19,2024-04-26,21
"7488","MATH","1110","College Algebra","Fall 2024",2024-08-19,2024-04-26,16
"7489","MATH","1401","Calculus I","Fall 2024",2024-08-19,2024-04-26,82
"7490","MATH","2411","Calculus II","Fall 2024",2024-08-19,2024-04-26,46
"7491","MATH","2830","Introductory Statistics","Fall 2024",2024-08-19,2024-04-26,36
"7492","MATH","1010","Math for Liberal Arts","Fall 2024",2024-08-19,2024-04-27,46
"7493","MATH","1060","Finite Mathematics","Fall 2024",2024-08-19,2024-04-27,26
"7494","MATH","1110","College Algebra","Fall 2024",2024-08-19,2024-04-27,15
"7495","MATH","1401","Calculus I","Fall 2024",2024-08-19,2024-04-27,87
"7496","MATH","2411","Calculus II","Fall 2024",2024-08-19,2024-04-27,46
"7497","MATH","2830","Introductory Statistics","Fall 2024",2024-08-19,2024-04-27,44
"7498","MATH","1010","Math for Liberal Arts","Fall 2024",2024-08-19,2024-04-28,46
"7499","MATH","1060","Finite Mathematics","Fall 2024",2024-08-19,2024-04-28,26
"7500","MATH","1110","College Algebra","Fall 2024",2024-08-19,2024-04-28,15
"7501","MATH","1401","Calculus I","Fall 2024",2024-08-19,2024-04-28,89
"7502","MATH","2411","Calculus II","Fall 2024",2024-08-19,2024-04-28,46
"7503","MATH","2830","Introductory Statistics","Fall 2024",2024-08-19,2024-04-28,45
"7504","MATH","1010","Math for Liberal Arts","Fall 2024",2024-08-19,2024-04-29,46
"7505","MATH","1060","Finite Mathematics","Fall 2024",2024-08-19,2024-04-29,26
"7506","MATH","1110","College Algebra","Fall 2024",2024-08-19,2024-04-29,15
"7507","MATH","1401","Calculus I","Fall 2024",2024-08-19,2024-04-29,87
"7508","MATH","2411","Calculus II","Fall 2024",2024-08-19,2024-04-29,47
"7509","MATH","2830","Introductory Statistics","Fall 2024",2024-08-19,2024-04-29,45
"7510","MATH","1010","Math for Liberal Arts","Fall 2024",2024-08-19,2024-04-30,46
"7511","MATH","1060","Finite Mathematics","Fall 2024",2024-08-19,2024-04-30,26
"7512","MATH","1110","College Algebra","Fall 2024",2024-08-19,2024-04-30,15
"7513","MATH","1401","Calculus I","Fall 2024",2024-08-19,2024-04-30,90
"7514","MATH","2411","Calculus II","Fall 2024",2024-08-19,2024-04-30,47
"7515","MATH","2830","Introductory Statistics","Fall 2024",2024-08-19,2024-04-30,47
"7516","MATH","1010","Math for Liberal Arts","Fall 2024",2024-08-19,2024-05-01,47
"7517","MATH","1060","Finite Mathematics","Fall 2024",2024-08-19,2024-05-01,27
"7518","MATH","1110","College Algebra","Fall 2024",2024-08-19,2024-05-01,16
"7519","MATH","1401","Calculus I","Fall 2024",2024-08-19,2024-05-01,91
"7520","MATH","2411","Calculus II","Fall 2024",2024-08-19,2024-05-01,50
"7521","MATH","2830","Introductory Statistics","Fall 2024",2024-08-19,2024-05-01,49
"7522","MATH","1010","Math for Liberal Arts","Fall 2024",2024-08-19,2024-05-02,46
"7523","MATH","1060","Finite Mathematics","Fall 2024",2024-08-19,2024-05-02,28
"7524","MATH","1110","College Algebra","Fall 2024",2024-08-19,2024-05-02,16
"7525","MATH","1401","Calculus I","Fall 2024",2024-08-19,2024-05-02,94
"7526","MATH","2411","Calculus II","Fall 2024",2024-08-19,2024-05-02,50
"7527","MATH","2830","Introductory Statistics","Fall 2024",2024-08-19,2024-05-02,50
"7528","MATH","1010","Math for Liberal Arts","Fall 2024",2024-08-19,2024-05-03,47
"7529","MATH","1060","Finite Mathematics","Fall 2024",2024-08-19,2024-05-03,28
"7530","MATH","1110","College Algebra","Fall 2024",2024-08-19,2024-05-03,17
"7531","MATH","1401","Calculus I","Fall 2024",2024-08-19,2024-05-03,96
"7532","MATH","2411","Calculus II","Fall 2024",2024-08-19,2024-05-03,54
"7533","MATH","2830","Introductory Statistics","Fall 2024",2024-08-19,2024-05-03,54
"7534","MATH","1010","Math for Liberal Arts","Fall 2024",2024-08-19,2024-05-04,54
"7535","MATH","1060","Finite Mathematics","Fall 2024",2024-08-19,2024-05-04,32
"7536","MATH","1110","College Algebra","Fall 2024",2024-08-19,2024-05-04,19
"7537","MATH","1401","Calculus I","Fall 2024",2024-08-19,2024-05-04,102
"7538","MATH","2411","Calculus II","Fall 2024",2024-08-19,2024-05-04,55
"7539","MATH","2830","Introductory Statistics","Fall 2024",2024-08-19,2024-05-04,57
"7540","MATH","1010","Math for Liberal Arts","Fall 2024",2024-08-19,2024-05-05,54
"7541","MATH","1060","Finite Mathematics","Fall 2024",2024-08-19,2024-05-05,32
"7542","MATH","1110","College Algebra","Fall 2024",2024-08-19,2024-05-05,19
"7543","MATH","1401","Calculus I","Fall 2024",2024-08-19,2024-05-05,101
"7544","MATH","2411","Calculus II","Fall 2024",2024-08-19,2024-05-05,57
"7545","MATH","2830","Introductory Statistics","Fall 2024",2024-08-19,2024-05-05,57
"7546","MATH","1010","Math for Liberal Arts","Fall 2024",2024-08-19,2024-05-06,54
"7547","MATH","1060","Finite Mathematics","Fall 2024",2024-08-19,2024-05-06,32
"7548","MATH","1110","College Algebra","Fall 2024",2024-08-19,2024-05-06,19
"7549","MATH","1401","Calculus I","Fall 2024",2024-08-19,2024-05-06,103
"7550","MATH","2411","Calculus II","Fall 2024",2024-08-19,2024-05-06,57
"7551","MATH","2830","Introductory Statistics","Fall 2024",2024-08-19,2024-05-06,57
"7552","MATH","1010","Math for Liberal Arts","Fall 2024",2024-08-19,2024-05-07,54
"7553","MATH","1060","Finite Mathematics","Fall 2024",2024-08-19,2024-05-07,33
"7554","MATH","1110","College Algebra","Fall 2024",2024-08-19,2024-05-07,20
"7555","MATH","1401","Calculus I","Fall 2024",2024-08-19,2024-05-07,105
"7556","MATH","2411","Calculus II","Fall 2024",2024-08-19,2024-05-07,58
"7557","MATH","2830","Introductory Statistics","Fall 2024",2024-08-19,2024-05-07,56
"7558","MATH","1010","Math for Liberal Arts","Fall 2024",2024-08-19,2024-05-08,55
"7559","MATH","1060","Finite Mathematics","Fall 2024",2024-08-19,2024-05-08,33
"7560","MATH","1110","College Algebra","Fall 2024",2024-08-19,2024-05-08,20
"7561","MATH","1401","Calculus I","Fall 2024",2024-08-19,2024-05-08,105
"7562","MATH","2411","Calculus II","Fall 2024",2024-08-19,2024-05-08,57
"7563","MATH","2830","Introductory Statistics","Fall 2024",2024-08-19,2024-05-08,57
"7564","MATH","1010","Math for Liberal Arts","Fall 2024",2024-08-19,2024-05-09,56
"7565","MATH","1060","Finite Mathematics","Fall 2024",2024-08-19,2024-05-09,33
"7566","MATH","1110","College Algebra","Fall 2024",2024-08-19,2024-05-09,21
"7567","MATH","1401","Calculus I","Fall 2024",2024-08-19,2024-05-09,107
"7568","MATH","2411","Calculus II","Fall 2024",2024-08-19,2024-05-09,59
"7569","MATH","2830","Introductory Statistics","Fall 2024",2024-08-19,2024-05-09,58
"7570","MATH","1010","Math for Liberal Arts","Fall 2024",2024-08-19,2024-05-10,56
"7571","MATH","1060","Finite Mathematics","Fall 2024",2024-08-19,2024-05-10,36
"7572","MATH","1110","College Algebra","Fall 2024",2024-08-19,2024-05-10,22
"7573","MATH","1401","Calculus I","Fall 2024",2024-08-19,2024-05-10,108
"7574","MATH","2411","Calculus II","Fall 2024",2024-08-19,2024-05-10,58
"7575","MATH","2830","Introductory Statistics","Fall 2024",2024-08-19,2024-05-10,58
"7576","MATH","1010","Math for Liberal Arts","Fall 2024",2024-08-19,2024-05-11,65
"7577","MATH","1060","Finite Mathematics","Fall 2024",2024-08-19,2024-05-11,41
"7578","MATH","1110","College Algebra","Fall 2024",2024-08-19,2024-05-11,22
"7579","MATH","1401","Calculus I","Fall 2024",2024-08-19,2024-05-11,110
"7580","MATH","2411","Calculus II","Fall 2024",2024-08-19,2024-05-11,60
"7581","MATH","2830","Introductory Statistics","Fall 2024",2024-08-19,2024-05-11,65
"7582","MATH","1010","Math for Liberal Arts","Fall 2024",2024-08-19,2024-05-12,66
"7583","MATH","1060","Finite Mathematics","Fall 2024",2024-08-19,2024-05-12,42
"7584","MATH","1110","College Algebra","Fall 2024",2024-08-19,2024-05-12,21
"7585","MATH","1401","Calculus I","Fall 2024",2024-08-19,2024-05-12,111
"7586","MATH","2411","Calculus II","Fall 2024",2024-08-19,2024-05-12,59
"7587","MATH","2830","Introductory Statistics","Fall 2024",2024-08-19,2024-05-12,67
"7588","MATH","1010","Math for Liberal Arts","Fall 2024",2024-08-19,2024-05-13,66
"7589","MATH","1060","Finite Mathematics","Fall 2024",2024-08-19,2024-05-13,42
"7590","MATH","1110","College Algebra","Fall 2024",2024-08-19,2024-05-13,21
"7591","MATH","1401","Calculus I","Fall 2024",2024-08-19,2024-05-13,111
"7592","MATH","2411","Calculus II","Fall 2024",2024-08-19,2024-05-13,59
"7593","MATH","2830","Introductory Statistics","Fall 2024",2024-08-19,2024-05-13,68
"7594","MATH","1010","Math for Liberal Arts","Fall 2024",2024-08-19,2024-05-14,67
"7595","MATH","1060","Finite Mathematics","Fall 2024",2024-08-19,2024-05-14,43
"7596","MATH","1110","College Algebra","Fall 2024",2024-08-19,2024-05-14,21
"7597","MATH","1401","Calculus I","Fall 2024",2024-08-19,2024-05-14,113
"7598","MATH","2411","Calculus II","Fall 2024",2024-08-19,2024-05-14,62
"7599","MATH","2830","Introductory Statistics","Fall 2024",2024-08-19,2024-05-14,69
"7600","MATH","1010","Math for Liberal Arts","Fall 2024",2024-08-19,2024-05-15,70
"7601","MATH","1060","Finite Mathematics","Fall 2024",2024-08-19,2024-05-15,43
"7602","MATH","1110","College Algebra","Fall 2024",2024-08-19,2024-05-15,21
"7603","MATH","1401","Calculus I","Fall 2024",2024-08-19,2024-05-15,116
"7604","MATH","2411","Calculus II","Fall 2024",2024-08-19,2024-05-15,65
"7605","MATH","2830","Introductory Statistics","Fall 2024",2024-08-19,2024-05-15,72
"7606","MATH","1010","Math for Liberal Arts","Fall 2024",2024-08-19,2024-05-16,70
"7607","MATH","1060","Finite Mathematics","Fall 2024",2024-08-19,2024-05-16,44
"7608","MATH","1110","College Algebra","Fall 2024",2024-08-19,2024-05-16,21
"7609","MATH","1401","Calculus I","Fall 2024",2024-08-19,2024-05-16,117
"7610","MATH","2411","Calculus II","Fall 2024",2024-08-19,2024-05-16,64
"7611","MATH","2830","Introductory Statistics","Fall 2024",2024-08-19,2024-05-16,73
"7612","MATH","1010","Math for Liberal Arts","Fall 2024",2024-08-19,2024-05-17,71
"7613","MATH","1060","Finite Mathematics","Fall 2024",2024-08-19,2024-05-17,46
"7614","MATH","1110","College Algebra","Fall 2024",2024-08-19,2024-05-17,21
"7615","MATH","1401","Calculus I","Fall 2024",2024-08-19,2024-05-17,117
"7616","MATH","2411","Calculus II","Fall 2024",2024-08-19,2024-05-17,66
"7617","MATH","2830","Introductory Statistics","Fall 2024",2024-08-19,2024-05-17,73
"7618","MATH","1010","Math for Liberal Arts","Fall 2024",2024-08-19,2024-05-18,79
"7619","MATH","1060","Finite Mathematics","Fall 2024",2024-08-19,2024-05-18,50
"7620","MATH","1110","College Algebra","Fall 2024",2024-08-19,2024-05-18,21
"7621","MATH","1401","Calculus I","Fall 2024",2024-08-19,2024-05-18,119
"7622","MATH","2411","Calculus II","Fall 2024",2024-08-19,2024-05-18,70
"7623","MATH","2830","Introductory Statistics","Fall 2024",2024-08-19,2024-05-18,74
"7624","MATH","1010","Math for Liberal Arts","Fall 2024",2024-08-19,2024-05-19,79
"7625","MATH","1060","Finite Mathematics","Fall 2024",2024-08-19,2024-05-19,50
"7626","MATH","1110","College Algebra","Fall 2024",2024-08-19,2024-05-19,22
"7627","MATH","1401","Calculus I","Fall 2024",2024-08-19,2024-05-19,118
"7628","MATH","2411","Calculus II","Fall 2024",2024-08-19,2024-05-19,70
"7629","MATH","2830","Introductory Statistics","Fall 2024",2024-08-19,2024-05-19,74
"7630","MATH","1010","Math for Liberal Arts","Fall 2024",2024-08-19,2024-05-20,79
"7631","MATH","1060","Finite Mathematics","Fall 2024",2024-08-19,2024-05-20,50
"7632","MATH","1110","College Algebra","Fall 2024",2024-08-19,2024-05-20,22
"7633","MATH","1401","Calculus I","Fall 2024",2024-08-19,2024-05-20,117
"7634","MATH","2411","Calculus II","Fall 2024",2024-08-19,2024-05-20,71
"7635","MATH","2830","Introductory Statistics","Fall 2024",2024-08-19,2024-05-20,74
"7636","MATH","1010","Math for Liberal Arts","Fall 2024",2024-08-19,2024-05-21,79
"7637","MATH","1060","Finite Mathematics","Fall 2024",2024-08-19,2024-05-21,52
"7638","MATH","1110","College Algebra","Fall 2024",2024-08-19,2024-05-21,24
"7639","MATH","1401","Calculus I","Fall 2024",2024-08-19,2024-05-21,119
"7640","MATH","2411","Calculus II","Fall 2024",2024-08-19,2024-05-21,72
"7641","MATH","2830","Introductory Statistics","Fall 2024",2024-08-19,2024-05-21,75
"7642","MATH","1010","Math for Liberal Arts","Fall 2024",2024-08-19,2024-05-22,83
"7643","MATH","1060","Finite Mathematics","Fall 2024",2024-08-19,2024-05-22,54
"7644","MATH","1110","College Algebra","Fall 2024",2024-08-19,2024-05-22,24
"7645","MATH","1401","Calculus I","Fall 2024",2024-08-19,2024-05-22,121
"7646","MATH","2411","Calculus II","Fall 2024",2024-08-19,2024-05-22,76
"7647","MATH","2830","Introductory Statistics","Fall 2024",2024-08-19,2024-05-22,76
"7648","MATH","1010","Math for Liberal Arts","Fall 2024",2024-08-19,2024-05-23,84
"7649","MATH","1060","Finite Mathematics","Fall 2024",2024-08-19,2024-05-23,54
"7650","MATH","1110","College Algebra","Fall 2024",2024-08-19,2024-05-23,24
"7651","MATH","1401","Calculus I","Fall 2024",2024-08-19,2024-05-23,121
"7652","MATH","2411","Calculus II","Fall 2024",2024-08-19,2024-05-23,75
"7653","MATH","2830","Introductory Statistics","Fall 2024",2024-08-19,2024-05-23,76
"7654","MATH","1010","Math for Liberal Arts","Fall 2024",2024-08-19,2024-05-24,84
"7655","MATH","1060","Finite Mathematics","Fall 2024",2024-08-19,2024-05-24,54
"7656","MATH","1110","College Algebra","Fall 2024",2024-08-19,2024-05-24,25
"7657","MATH","1401","Calculus I","Fall 2024",2024-08-19,2024-05-24,122
"7658","MATH","2411","Calculus II","Fall 2024",2024-08-19,2024-05-24,77
"7659","MATH","2830","Introductory Statistics","Fall 2024",2024-08-19,2024-05-24,76
"7660","MATH","1010","Math for Liberal Arts","Fall 2024",2024-08-19,2024-05-25,88
"7661","MATH","1060","Finite Mathematics","Fall 2024",2024-08-19,2024-05-25,60
"7662","MATH","1110","College Algebra","Fall 2024",2024-08-19,2024-05-25,26
"7663","MATH","1401","Calculus I","Fall 2024",2024-08-19,2024-05-25,123
"7664","MATH","2411","Calculus II","Fall 2024",2024-08-19,2024-05-25,78
"7665","MATH","2830","Introductory Statistics","Fall 2024",2024-08-19,2024-05-25,77
"7666","MATH","1010","Math for Liberal Arts","Fall 2024",2024-08-19,2024-05-26,88
"7667","MATH","1060","Finite Mathematics","Fall 2024",2024-08-19,2024-05-26,59
"7668","MATH","1110","College Algebra","Fall 2024",2024-08-19,2024-05-26,26
"7669","MATH","1401","Calculus I","Fall 2024",2024-08-19,2024-05-26,123
"7670","MATH","2411","Calculus II","Fall 2024",2024-08-19,2024-05-26,78
"7671","MATH","2830","Introductory Statistics","Fall 2024",2024-08-19,2024-05-26,77
"7672","MATH","1010","Math for Liberal Arts","Fall 2024",2024-08-19,2024-05-27,88
"7673","MATH","1060","Finite Mathematics","Fall 2024",2024-08-19,2024-05-27,60
"7674","MATH","1110","College Algebra","Fall 2024",2024-08-19,2024-05-27,26
"7675","MATH","1401","Calculus I","Fall 2024",2024-08-19,2024-05-27,122
"7676","MATH","2411","Calculus II","Fall 2024",2024-08-19,2024-05-27,78
"7677","MATH","2830","Introductory Statistics","Fall 2024",2024-08-19,2024-05-27,77
"7678","MATH","1010","Math for Liberal Arts","Fall 2024",2024-08-19,2024-05-28,88
"7679","MATH","1060","Finite Mathematics","Fall 2024",2024-08-19,2024-05-28,60
"7680","MATH","1110","College Algebra","Fall 2024",2024-08-19,2024-05-28,27
"7681","MATH","1401","Calculus I","Fall 2024",2024-08-19,2024-05-28,122
"7682","MATH","2411","Calculus II","Fall 2024",2024-08-19,2024-05-28,78
"7683","MATH","2830","Introductory Statistics","Fall 2024",2024-08-19,2024-05-28,78
"7684","MATH","1010","Math for Liberal Arts","Fall 2024",2024-08-19,2024-05-29,89
"7685","MATH","1060","Finite Mathematics","Fall 2024",2024-08-19,2024-05-29,60
"7686","MATH","1110","College Algebra","Fall 2024",2024-08-19,2024-05-29,29
"7687","MATH","1401","Calculus I","Fall 2024",2024-08-19,2024-05-29,126
"7688","MATH","2411","Calculus II","Fall 2024",2024-08-19,2024-05-29,79
"7689","MATH","2830","Introductory Statistics","Fall 2024",2024-08-19,2024-05-29,77
"7690","MATH","1010","Math for Liberal Arts","Fall 2024",2024-08-19,2024-05-30,89
"7691","MATH","1060","Finite Mathematics","Fall 2024",2024-08-19,2024-05-30,61
"7692","MATH","1110","College Algebra","Fall 2024",2024-08-19,2024-05-30,30
"7693","MATH","1401","Calculus I","Fall 2024",2024-08-19,2024-05-30,126
"7694","MATH","2411","Calculus II","Fall 2024",2024-08-19,2024-05-30,79
"7695","MATH","2830","Introductory Statistics","Fall 2024",2024-08-19,2024-05-30,79
"7696","MATH","1010","Math for Liberal Arts","Fall 2024",2024-08-19,2024-05-31,90
"7697","MATH","1060","Finite Mathematics","Fall 2024",2024-08-19,2024-05-31,62
"7698","MATH","1110","College Algebra","Fall 2024",2024-08-19,2024-05-31,30
"7699","MATH","1401","Calculus I","Fall 2024",2024-08-19,2024-05-31,126
"7700","MATH","2411","Calculus II","Fall 2024",2024-08-19,2024-05-31,79
"7701","MATH","2830","Introductory Statistics","Fall 2024",2024-08-19,2024-05-31,79
"7702","MATH","1010","Math for Liberal Arts","Fall 2024",2024-08-19,2024-06-01,94
"7703","MATH","1060","Finite Mathematics","Fall 2024",2024-08-19,2024-06-01,66
"7704","MATH","1110","College Algebra","Fall 2024",2024-08-19,2024-06-01,32
"7705","MATH","1401","Calculus I","Fall 2024",2024-08-19,2024-06-01,128
"7706","MATH","2411","Calculus II","Fall 2024",2024-08-19,2024-06-01,80
"7707","MATH","2830","Introductory Statistics","Fall 2024",2024-08-19,2024-06-01,79
"7708","MATH","1010","Math for Liberal Arts","Fall 2024",2024-08-19,2024-06-02,94
"7709","MATH","1060","Finite Mathematics","Fall 2024",2024-08-19,2024-06-02,66
"7710","MATH","1110","College Algebra","Fall 2024",2024-08-19,2024-06-02,32
"7711","MATH","1401","Calculus I","Fall 2024",2024-08-19,2024-06-02,128
"7712","MATH","2411","Calculus II","Fall 2024",2024-08-19,2024-06-02,80
"7713","MATH","2830","Introductory Statistics","Fall 2024",2024-08-19,2024-06-02,79
"7714","MATH","1010","Math for Liberal Arts","Fall 2024",2024-08-19,2024-06-03,93
"7715","MATH","1060","Finite Mathematics","Fall 2024",2024-08-19,2024-06-03,66
"7716","MATH","1110","College Algebra","Fall 2024",2024-08-19,2024-06-03,32
"7717","MATH","1401","Calculus I","Fall 2024",2024-08-19,2024-06-03,128
"7718","MATH","2411","Calculus II","Fall 2024",2024-08-19,2024-06-03,80
"7719","MATH","2830","Introductory Statistics","Fall 2024",2024-08-19,2024-06-03,79
"7720","MATH","1010","Math for Liberal Arts","Fall 2024",2024-08-19,2024-06-04,93
"7721","MATH","1060","Finite Mathematics","Fall 2024",2024-08-19,2024-06-04,67
"7722","MATH","1110","College Algebra","Fall 2024",2024-08-19,2024-06-04,33
"7723","MATH","1401","Calculus I","Fall 2024",2024-08-19,2024-06-04,127
"7724","MATH","2411","Calculus II","Fall 2024",2024-08-19,2024-06-04,82
"7725","MATH","2830","Introductory Statistics","Fall 2024",2024-08-19,2024-06-04,80
"7726","MATH","1010","Math for Liberal Arts","Fall 2024",2024-08-19,2024-06-05,97
"7727","MATH","1060","Finite Mathematics","Fall 2024",2024-08-19,2024-06-05,79
"7728","MATH","1110","College Algebra","Fall 2024",2024-08-19,2024-06-05,34
"7729","MATH","1401","Calculus I","Fall 2024",2024-08-19,2024-06-05,130
"7730","MATH","2411","Calculus II","Fall 2024",2024-08-19,2024-06-05,83
"7731","MATH","2830","Introductory Statistics","Fall 2024",2024-08-19,2024-06-05,82
"7732","MATH","1010","Math for Liberal Arts","Fall 2024",2024-08-19,2024-06-06,97
"7733","MATH","1060","Finite Mathematics","Fall 2024",2024-08-19,2024-06-06,80
"7734","MATH","1110","College Algebra","Fall 2024",2024-08-19,2024-06-06,37
"7735","MATH","1401","Calculus I","Fall 2024",2024-08-19,2024-06-06,131
"7736","MATH","2411","Calculus II","Fall 2024",2024-08-19,2024-06-06,84
"7737","MATH","2830","Introductory Statistics","Fall 2024",2024-08-19,2024-06-06,82
"7738","MATH","1010","Math for Liberal Arts","Fall 2024",2024-08-19,2024-06-07,101
"7739","MATH","1060","Finite Mathematics","Fall 2024",2024-08-19,2024-06-07,88
"7740","MATH","1110","College Algebra","Fall 2024",2024-08-19,2024-06-07,39
"7741","MATH","1401","Calculus I","Fall 2024",2024-08-19,2024-06-07,133
"7742","MATH","2411","Calculus II","Fall 2024",2024-08-19,2024-06-07,86
"7743","MATH","2830","Introductory Statistics","Fall 2024",2024-08-19,2024-06-07,88
"7744","MATH","1010","Math for Liberal Arts","Fall 2024",2024-08-19,2024-06-08,101
"7745","MATH","1060","Finite Mathematics","Fall 2024",2024-08-19,2024-06-08,89
"7746","MATH","1110","College Algebra","Fall 2024",2024-08-19,2024-06-08,40
"7747","MATH","1401","Calculus I","Fall 2024",2024-08-19,2024-06-08,136
"7748","MATH","2411","Calculus II","Fall 2024",2024-08-19,2024-06-08,86
"7749","MATH","2830","Introductory Statistics","Fall 2024",2024-08-19,2024-06-08,90
"7750","MATH","1010","Math for Liberal Arts","Fall 2024",2024-08-19,2024-06-09,101
"7751","MATH","1060","Finite Mathematics","Fall 2024",2024-08-19,2024-06-09,90
"7752","MATH","1110","College Algebra","Fall 2024",2024-08-19,2024-06-09,40
"7753","MATH","1401","Calculus I","Fall 2024",2024-08-19,2024-06-09,136
"7754","MATH","2411","Calculus II","Fall 2024",2024-08-19,2024-06-09,86
"7755","MATH","2830","Introductory Statistics","Fall 2024",2024-08-19,2024-06-09,91
"7756","MATH","1010","Math for Liberal Arts","Fall 2024",2024-08-19,2024-06-10,103
"7757","MATH","1060","Finite Mathematics","Fall 2024",2024-08-19,2024-06-10,90
"7758","MATH","1110","College Algebra","Fall 2024",2024-08-19,2024-06-10,40
"7759","MATH","1401","Calculus I","Fall 2024",2024-08-19,2024-06-10,138
"7760","MATH","2411","Calculus II","Fall 2024",2024-08-19,2024-06-10,86
"7761","MATH","2830","Introductory Statistics","Fall 2024",2024-08-19,2024-06-10,91
"7762","MATH","1010","Math for Liberal Arts","Fall 2024",2024-08-19,2024-06-11,105
"7763","MATH","1060","Finite Mathematics","Fall 2024",2024-08-19,2024-06-11,90
"7764","MATH","1110","College Algebra","Fall 2024",2024-08-19,2024-06-11,40
"7765","MATH","1401","Calculus I","Fall 2024",2024-08-19,2024-06-11,140
"7766","MATH","2411","Calculus II","Fall 2024",2024-08-19,2024-06-11,89
"7767","MATH","2830","Introductory Statistics","Fall 2024",2024-08-19,2024-06-11,92
"7768","MATH","1010","Math for Liberal Arts","Fall 2024",2024-08-19,2024-06-12,107
"7769","MATH","1060","Finite Mathematics","Fall 2024",2024-08-19,2024-06-12,97
"7770","MATH","1110","College Algebra","Fall 2024",2024-08-19,2024-06-12,40
"7771","MATH","1401","Calculus I","Fall 2024",2024-08-19,2024-06-12,145
"7772","MATH","2411","Calculus II","Fall 2024",2024-08-19,2024-06-12,90
"7773","MATH","2830","Introductory Statistics","Fall 2024",2024-08-19,2024-06-12,99
"7774","MATH","1010","Math for Liberal Arts","Fall 2024",2024-08-19,2024-06-13,107
"7775","MATH","1060","Finite Mathematics","Fall 2024",2024-08-19,2024-06-13,97
"7776","MATH","1110","College Algebra","Fall 2024",2024-08-19,2024-06-13,40
"7777","MATH","1401","Calculus I","Fall 2024",2024-08-19,2024-06-13,147
"7778","MATH","2411","Calculus II","Fall 2024",2024-08-19,2024-06-13,90
"7779","MATH","2830","Introductory Statistics","Fall 2024",2024-08-19,2024-06-13,100
"7780","MATH","1010","Math for Liberal Arts","Fall 2024",2024-08-19,2024-06-14,111
"7781","MATH","1060","Finite Mathematics","Fall 2024",2024-08-19,2024-06-14,108
"7782","MATH","1110","College Algebra","Fall 2024",2024-08-19,2024-06-14,41
"7783","MATH","1401","Calculus I","Fall 2024",2024-08-19,2024-06-14,149
"7784","MATH","2411","Calculus II","Fall 2024",2024-08-19,2024-06-14,90
"7785","MATH","2830","Introductory Statistics","Fall 2024",2024-08-19,2024-06-14,104
"7786","MATH","1010","Math for Liberal Arts","Fall 2024",2024-08-19,2024-06-15,111
"7787","MATH","1060","Finite Mathematics","Fall 2024",2024-08-19,2024-06-15,108
"7788","MATH","1110","College Algebra","Fall 2024",2024-08-19,2024-06-15,42
"7789","MATH","1401","Calculus I","Fall 2024",2024-08-19,2024-06-15,151
"7790","MATH","2411","Calculus II","Fall 2024",2024-08-19,2024-06-15,90
"7791","MATH","2830","Introductory Statistics","Fall 2024",2024-08-19,2024-06-15,103
"7792","MATH","1010","Math for Liberal Arts","Fall 2024",2024-08-19,2024-06-16,111
"7793","MATH","1060","Finite Mathematics","Fall 2024",2024-08-19,2024-06-16,109
"7794","MATH","1110","College Algebra","Fall 2024",2024-08-19,2024-06-16,42
"7795","MATH","1401","Calculus I","Fall 2024",2024-08-19,2024-06-16,152
"7796","MATH","2411","Calculus II","Fall 2024",2024-08-19,2024-06-16,90
"7797","MATH","2830","Introductory Statistics","Fall 2024",2024-08-19,2024-06-16,103
"7798","MATH","1010","Math for Liberal Arts","Fall 2024",2024-08-19,2024-06-17,111
"7799","MATH","1060","Finite Mathematics","Fall 2024",2024-08-19,2024-06-17,110
"7800","MATH","1110","College Algebra","Fall 2024",2024-08-19,2024-06-17,42
"7801","MATH","1401","Calculus I","Fall 2024",2024-08-19,2024-06-17,153
"7802","MATH","2411","Calculus II","Fall 2024",2024-08-19,2024-06-17,91
"7803","MATH","2830","Introductory Statistics","Fall 2024",2024-08-19,2024-06-17,103
"7804","MATH","1010","Math for Liberal Arts","Fall 2024",2024-08-19,2024-06-18,112
"7805","MATH","1060","Finite Mathematics","Fall 2024",2024-08-19,2024-06-18,112
"7806","MATH","1110","College Algebra","Fall 2024",2024-08-19,2024-06-18,43
"7807","MATH","1401","Calculus I","Fall 2024",2024-08-19,2024-06-18,155
"7808","MATH","2411","Calculus II","Fall 2024",2024-08-19,2024-06-18,92
"7809","MATH","2830","Introductory Statistics","Fall 2024",2024-08-19,2024-06-18,103
"7810","MATH","1010","Math for Liberal Arts","Fall 2024",2024-08-19,2024-06-19,117
"7811","MATH","1060","Finite Mathematics","Fall 2024",2024-08-19,2024-06-19,117
"7812","MATH","1110","College Algebra","Fall 2024",2024-08-19,2024-06-19,43
"7813","MATH","1401","Calculus I","Fall 2024",2024-08-19,2024-06-19,156
"7814","MATH","2411","Calculus II","Fall 2024",2024-08-19,2024-06-19,95
"7815","MATH","2830","Introductory Statistics","Fall 2024",2024-08-19,2024-06-19,111
"7816","MATH","1010","Math for Liberal Arts","Fall 2024",2024-08-19,2024-06-20,117
"7817","MATH","1060","Finite Mathematics","Fall 2024",2024-08-19,2024-06-20,117
"7818","MATH","1110","College Algebra","Fall 2024",2024-08-19,2024-06-20,43
"7819","MATH","1401","Calculus I","Fall 2024",2024-08-19,2024-06-20,157
"7820","MATH","2411","Calculus II","Fall 2024",2024-08-19,2024-06-20,95
"7821","MATH","2830","Introductory Statistics","Fall 2024",2024-08-19,2024-06-20,111
"7822","MATH","1010","Math for Liberal Arts","Fall 2024",2024-08-19,2024-06-21,120
"7823","MATH","1060","Finite Mathematics","Fall 2024",2024-08-19,2024-06-21,126
"7824","MATH","1110","College Algebra","Fall 2024",2024-08-19,2024-06-21,43
"7825","MATH","1401","Calculus I","Fall 2024",2024-08-19,2024-06-21,163
"7826","MATH","2411","Calculus II","Fall 2024",2024-08-19,2024-06-21,94
"7827","MATH","2830","Introductory Statistics","Fall 2024",2024-08-19,2024-06-21,115
"7828","MATH","1010","Math for Liberal Arts","Fall 2024",2024-08-19,2024-06-22,120
"7829","MATH","1060","Finite Mathematics","Fall 2024",2024-08-19,2024-06-22,127
"7830","MATH","1110","College Algebra","Fall 2024",2024-08-19,2024-06-22,43
"7831","MATH","1401","Calculus I","Fall 2024",2024-08-19,2024-06-22,166
"7832","MATH","2411","Calculus II","Fall 2024",2024-08-19,2024-06-22,95
"7833","MATH","2830","Introductory Statistics","Fall 2024",2024-08-19,2024-06-22,113
"7834","MATH","1010","Math for Liberal Arts","Fall 2024",2024-08-19,2024-06-23,120
"7835","MATH","1060","Finite Mathematics","Fall 2024",2024-08-19,2024-06-23,127
"7836","MATH","1110","College Algebra","Fall 2024",2024-08-19,2024-06-23,43
"7837","MATH","1401","Calculus I","Fall 2024",2024-08-19,2024-06-23,167
"7838","MATH","2411","Calculus II","Fall 2024",2024-08-19,2024-06-23,97
"7839","MATH","2830","Introductory Statistics","Fall 2024",2024-08-19,2024-06-23,114
"7840","MATH","1010","Math for Liberal Arts","Fall 2024",2024-08-19,2024-06-24,120
"7841","MATH","1060","Finite Mathematics","Fall 2024",2024-08-19,2024-06-24,127
"7842","MATH","1110","College Algebra","Fall 2024",2024-08-19,2024-06-24,43
"7843","MATH","1401","Calculus I","Fall 2024",2024-08-19,2024-06-24,168
"7844","MATH","2411","Calculus II","Fall 2024",2024-08-19,2024-06-24,97
"7845","MATH","2830","Introductory Statistics","Fall 2024",2024-08-19,2024-06-24,114
"7846","MATH","1010","Math for Liberal Arts","Fall 2024",2024-08-19,2024-06-25,120
"7847","MATH","1060","Finite Mathematics","Fall 2024",2024-08-19,2024-06-25,127
"7848","MATH","1110","College Algebra","Fall 2024",2024-08-19,2024-06-25,42
"7849","MATH","1401","Calculus I","Fall 2024",2024-08-19,2024-06-25,170
"7850","MATH","2411","Calculus II","Fall 2024",2024-08-19,2024-06-25,98
"7851","MATH","2830","Introductory Statistics","Fall 2024",2024-08-19,2024-06-25,115
"7852","MATH","1010","Math for Liberal Arts","Fall 2024",2024-08-19,2024-06-26,121
"7853","MATH","1060","Finite Mathematics","Fall 2024",2024-08-19,2024-06-26,134
"7854","MATH","1110","College Algebra","Fall 2024",2024-08-19,2024-06-26,44
"7855","MATH","1401","Calculus I","Fall 2024",2024-08-19,2024-06-26,172
"7856","MATH","2411","Calculus II","Fall 2024",2024-08-19,2024-06-26,98
"7857","MATH","2830","Introductory Statistics","Fall 2024",2024-08-19,2024-06-26,120
"7858","MATH","1010","Math for Liberal Arts","Fall 2024",2024-08-19,2024-06-27,121
"7859","MATH","1060","Finite Mathematics","Fall 2024",2024-08-19,2024-06-27,135
"7860","MATH","1110","College Algebra","Fall 2024",2024-08-19,2024-06-27,44
"7861","MATH","1401","Calculus I","Fall 2024",2024-08-19,2024-06-27,169
"7862","MATH","2411","Calculus II","Fall 2024",2024-08-19,2024-06-27,98
"7863","MATH","2830","Introductory Statistics","Fall 2024",2024-08-19,2024-06-27,120
"7864","MATH","1010","Math for Liberal Arts","Fall 2024",2024-08-19,2024-06-28,128
"7865","MATH","1060","Finite Mathematics","Fall 2024",2024-08-19,2024-06-28,140
"7866","MATH","1110","College Algebra","Fall 2024",2024-08-19,2024-06-28,44
"7867","MATH","1401","Calculus I","Fall 2024",2024-08-19,2024-06-28,172
"7868","MATH","2411","Calculus II","Fall 2024",2024-08-19,2024-06-28,99
"7869","MATH","2830","Introductory Statistics","Fall 2024",2024-08-19,2024-06-28,125
"7870","MATH","1010","Math for Liberal Arts","Fall 2024",2024-08-19,2024-06-29,129
"7871","MATH","1060","Finite Mathematics","Fall 2024",2024-08-19,2024-06-29,140
"7872","MATH","1110","College Algebra","Fall 2024",2024-08-19,2024-06-29,45
"7873","MATH","1401","Calculus I","Fall 2024",2024-08-19,2024-06-29,173
"7874","MATH","2411","Calculus II","Fall 2024",2024-08-19,2024-06-29,100
"7875","MATH","2830","Introductory Statistics","Fall 2024",2024-08-19,2024-06-29,126
"7876","MATH","1010","Math for Liberal Arts","Fall 2024",2024-08-19,2024-06-30,129
"7877","MATH","1060","Finite Mathematics","Fall 2024",2024-08-19,2024-06-30,141
"7878","MATH","1110","College Algebra","Fall 2024",2024-08-19,2024-06-30,45
"7879","MATH","1401","Calculus I","Fall 2024",2024-08-19,2024-06-30,175
"7880","MATH","2411","Calculus II","Fall 2024",2024-08-19,2024-06-30,101
"7881","MATH","2830","Introductory Statistics","Fall 2024",2024-08-19,2024-06-30,126
"7882","MATH","1010","Math for Liberal Arts","Fall 2024",2024-08-19,2024-07-01,129
"7883","MATH","1060","Finite Mathematics","Fall 2024",2024-08-19,2024-07-01,142
"7884","MATH","1110","College Algebra","Fall 2024",2024-08-19,2024-07-01,45
"7885","MATH","1401","Calculus I","Fall 2024",2024-08-19,2024-07-01,178
"7886","MATH","2411","Calculus II","Fall 2024",2024-08-19,2024-07-01,100
"7887","MATH","2830","Introductory Statistics","Fall 2024",2024-08-19,2024-07-01,126
"7888","MATH","1010","Math for Liberal Arts","Fall 2024",2024-08-19,2024-07-02,130
"7889","MATH","1060","Finite Mathematics","Fall 2024",2024-08-19,2024-07-02,142
"7890","MATH","1110","College Algebra","Fall 2024",2024-08-19,2024-07-02,45
"7891","MATH","1401","Calculus I","Fall 2024",2024-08-19,2024-07-02,180
"7892","MATH","2411","Calculus II","Fall 2024",2024-08-19,2024-07-02,100
"7893","MATH","2830","Introductory Statistics","Fall 2024",2024-08-19,2024-07-02,128
"7894","MATH","1010","Math for Liberal Arts","Fall 2024",2024-08-19,2024-07-03,131
"7895","MATH","1060","Finite Mathematics","Fall 2024",2024-08-19,2024-07-03,143
"7896","MATH","1110","College Algebra","Fall 2024",2024-08-19,2024-07-03,45
"7897","MATH","1401","Calculus I","Fall 2024",2024-08-19,2024-07-03,182
"7898","MATH","2411","Calculus II","Fall 2024",2024-08-19,2024-07-03,100
"7899","MATH","2830","Introductory Statistics","Fall 2024",2024-08-19,2024-07-03,128
"7900","MATH","1010","Math for Liberal Arts","Fall 2024",2024-08-19,2024-07-04,132
"7901","MATH","1060","Finite Mathematics","Fall 2024",2024-08-19,2024-07-04,144
"7902","MATH","1110","College Algebra","Fall 2024",2024-08-19,2024-07-04,44
"7903","MATH","1401","Calculus I","Fall 2024",2024-08-19,2024-07-04,182
"7904","MATH","2411","Calculus II","Fall 2024",2024-08-19,2024-07-04,100
"7905","MATH","2830","Introductory Statistics","Fall 2024",2024-08-19,2024-07-04,128
"7906","MATH","1010","Math for Liberal Arts","Fall 2024",2024-08-19,2024-07-05,132
"7907","MATH","1060","Finite Mathematics","Fall 2024",2024-08-19,2024-07-05,146
"7908","MATH","1110","College Algebra","Fall 2024",2024-08-19,2024-07-05,45
"7909","MATH","1401","Calculus I","Fall 2024",2024-08-19,2024-07-05,182
"7910","MATH","2411","Calculus II","Fall 2024",2024-08-19,2024-07-05,100
"7911","MATH","2830","Introductory Statistics","Fall 2024",2024-08-19,2024-07-05,128
"7912","MATH","1010","Math for Liberal Arts","Fall 2024",2024-08-19,2024-07-06,132
"7913","MATH","1060","Finite Mathematics","Fall 2024",2024-08-19,2024-07-06,146
"7914","MATH","1110","College Algebra","Fall 2024",2024-08-19,2024-07-06,45
"7915","MATH","1401","Calculus I","Fall 2024",2024-08-19,2024-07-06,183
"7916","MATH","2411","Calculus II","Fall 2024",2024-08-19,2024-07-06,100
"7917","MATH","2830","Introductory Statistics","Fall 2024",2024-08-19,2024-07-06,129
"7918","MATH","1010","Math for Liberal Arts","Fall 2024",2024-08-19,2024-07-07,133
"7919","MATH","1060","Finite Mathematics","Fall 2024",2024-08-19,2024-07-07,146
"7920","MATH","1110","College Algebra","Fall 2024",2024-08-19,2024-07-07,45
"7921","MATH","1401","Calculus I","Fall 2024",2024-08-19,2024-07-07,182
"7922","MATH","2411","Calculus II","Fall 2024",2024-08-19,2024-07-07,100
"7923","MATH","2830","Introductory Statistics","Fall 2024",2024-08-19,2024-07-07,129
"7924","MATH","1010","Math for Liberal Arts","Fall 2024",2024-08-19,2024-07-08,133
"7925","MATH","1060","Finite Mathematics","Fall 2024",2024-08-19,2024-07-08,146
"7926","MATH","1110","College Algebra","Fall 2024",2024-08-19,2024-07-08,45
"7927","MATH","1401","Calculus I","Fall 2024",2024-08-19,2024-07-08,182
"7928","MATH","2411","Calculus II","Fall 2024",2024-08-19,2024-07-08,101
"7929","MATH","2830","Introductory Statistics","Fall 2024",2024-08-19,2024-07-08,129
"7930","MATH","1010","Math for Liberal Arts","Fall 2024",2024-08-19,2024-07-09,133
"7931","MATH","1060","Finite Mathematics","Fall 2024",2024-08-19,2024-07-09,146
"7932","MATH","1110","College Algebra","Fall 2024",2024-08-19,2024-07-09,46
"7933","MATH","1401","Calculus I","Fall 2024",2024-08-19,2024-07-09,186
"7934","MATH","2411","Calculus II","Fall 2024",2024-08-19,2024-07-09,102
"7935","MATH","2830","Introductory Statistics","Fall 2024",2024-08-19,2024-07-09,131
"7936","MATH","1010","Math for Liberal Arts","Fall 2024",2024-08-19,2024-07-10,142
"7937","MATH","1060","Finite Mathematics","Fall 2024",2024-08-19,2024-07-10,149
"7938","MATH","1110","College Algebra","Fall 2024",2024-08-19,2024-07-10,48
"7939","MATH","1401","Calculus I","Fall 2024",2024-08-19,2024-07-10,190
"7940","MATH","2411","Calculus II","Fall 2024",2024-08-19,2024-07-10,102
"7941","MATH","2830","Introductory Statistics","Fall 2024",2024-08-19,2024-07-10,136
"7942","MATH","1010","Math for Liberal Arts","Fall 2024",2024-08-19,2024-07-11,142
"7943","MATH","1060","Finite Mathematics","Fall 2024",2024-08-19,2024-07-11,152
"7944","MATH","1110","College Algebra","Fall 2024",2024-08-19,2024-07-11,49
"7945","MATH","1401","Calculus I","Fall 2024",2024-08-19,2024-07-11,189
"7946","MATH","2411","Calculus II","Fall 2024",2024-08-19,2024-07-11,102
"7947","MATH","2830","Introductory Statistics","Fall 2024",2024-08-19,2024-07-11,137
"7948","MATH","1010","Math for Liberal Arts","Fall 2024",2024-08-19,2024-07-12,149
"7949","MATH","1060","Finite Mathematics","Fall 2024",2024-08-19,2024-07-12,160
"7950","MATH","1110","College Algebra","Fall 2024",2024-08-19,2024-07-12,49
"7951","MATH","1401","Calculus I","Fall 2024",2024-08-19,2024-07-12,195
"7952","MATH","2411","Calculus II","Fall 2024",2024-08-19,2024-07-12,104
"7953","MATH","2830","Introductory Statistics","Fall 2024",2024-08-19,2024-07-12,144
"7954","MATH","1010","Math for Liberal Arts","Fall 2024",2024-08-19,2024-07-13,147
"7955","MATH","1060","Finite Mathematics","Fall 2024",2024-08-19,2024-07-13,160
"7956","MATH","1110","College Algebra","Fall 2024",2024-08-19,2024-07-13,51
"7957","MATH","1401","Calculus I","Fall 2024",2024-08-19,2024-07-13,195
"7958","MATH","2411","Calculus II","Fall 2024",2024-08-19,2024-07-13,104
"7959","MATH","2830","Introductory Statistics","Fall 2024",2024-08-19,2024-07-13,144
"7960","MATH","1010","Math for Liberal Arts","Fall 2024",2024-08-19,2024-07-14,146
"7961","MATH","1060","Finite Mathematics","Fall 2024",2024-08-19,2024-07-14,160
"7962","MATH","1110","College Algebra","Fall 2024",2024-08-19,2024-07-14,52
"7963","MATH","1401","Calculus I","Fall 2024",2024-08-19,2024-07-14,197
"7964","MATH","2411","Calculus II","Fall 2024",2024-08-19,2024-07-14,104
"7965","MATH","2830","Introductory Statistics","Fall 2024",2024-08-19,2024-07-14,144
"7966","MATH","1010","Math for Liberal Arts","Fall 2024",2024-08-19,2024-07-15,145
"7967","MATH","1060","Finite Mathematics","Fall 2024",2024-08-19,2024-07-15,162
"7968","MATH","1110","College Algebra","Fall 2024",2024-08-19,2024-07-15,52
"7969","MATH","1401","Calculus I","Fall 2024",2024-08-19,2024-07-15,199
"7970","MATH","2411","Calculus II","Fall 2024",2024-08-19,2024-07-15,104
"7971","MATH","2830","Introductory Statistics","Fall 2024",2024-08-19,2024-07-15,146
"7972","MATH","1010","Math for Liberal Arts","Fall 2024",2024-08-19,2024-07-16,145
"7973","MATH","1060","Finite Mathematics","Fall 2024",2024-08-19,2024-07-16,163
"7974","MATH","1110","College Algebra","Fall 2024",2024-08-19,2024-07-16,54
"7975","MATH","1401","Calculus I","Fall 2024",2024-08-19,2024-07-16,200
"7976","MATH","2411","Calculus II","Fall 2024",2024-08-19,2024-07-16,105
"7977","MATH","2830","Introductory Statistics","Fall 2024",2024-08-19,2024-07-16,144
"7978","MATH","1010","Math for Liberal Arts","Fall 2024",2024-08-19,2024-07-17,150
"7979","MATH","1060","Finite Mathematics","Fall 2024",2024-08-19,2024-07-17,178
"7980","MATH","1110","College Algebra","Fall 2024",2024-08-19,2024-07-17,59
"7981","MATH","1401","Calculus I","Fall 2024",2024-08-19,2024-07-17,201
"7982","MATH","2411","Calculus II","Fall 2024",2024-08-19,2024-07-17,107
"7983","MATH","2830","Introductory Statistics","Fall 2024",2024-08-19,2024-07-17,146
"7984","MATH","1010","Math for Liberal Arts","Fall 2024",2024-08-19,2024-07-18,149
"7985","MATH","1060","Finite Mathematics","Fall 2024",2024-08-19,2024-07-18,180
"7986","MATH","1110","College Algebra","Fall 2024",2024-08-19,2024-07-18,61
"7987","MATH","1401","Calculus I","Fall 2024",2024-08-19,2024-07-18,200
"7988","MATH","2411","Calculus II","Fall 2024",2024-08-19,2024-07-18,108
"7989","MATH","2830","Introductory Statistics","Fall 2024",2024-08-19,2024-07-18,146
"7990","MATH","1010","Math for Liberal Arts","Fall 2024",2024-08-19,2024-07-19,159
"7991","MATH","1060","Finite Mathematics","Fall 2024",2024-08-19,2024-07-19,189
"7992","MATH","1110","College Algebra","Fall 2024",2024-08-19,2024-07-19,62
"7993","MATH","1401","Calculus I","Fall 2024",2024-08-19,2024-07-19,210
"7994","MATH","2411","Calculus II","Fall 2024",2024-08-19,2024-07-19,109
"7995","MATH","2830","Introductory Statistics","Fall 2024",2024-08-19,2024-07-19,150
"7996","MATH","1010","Math for Liberal Arts","Fall 2024",2024-08-19,2024-07-20,153
"7997","MATH","1060","Finite Mathematics","Fall 2024",2024-08-19,2024-07-20,190
"7998","MATH","1110","College Algebra","Fall 2024",2024-08-19,2024-07-20,64
"7999","MATH","1401","Calculus I","Fall 2024",2024-08-19,2024-07-20,210
"8000","MATH","2411","Calculus II","Fall 2024",2024-08-19,2024-07-20,109
"8001","MATH","2830","Introductory Statistics","Fall 2024",2024-08-19,2024-07-20,150
"8002","MATH","1010","Math for Liberal Arts","Fall 2024",2024-08-19,2024-07-21,154
"8003","MATH","1060","Finite Mathematics","Fall 2024",2024-08-19,2024-07-21,190
"8004","MATH","1110","College Algebra","Fall 2024",2024-08-19,2024-07-21,64
"8005","MATH","1401","Calculus I","Fall 2024",2024-08-19,2024-07-21,212
"8006","MATH","2411","Calculus II","Fall 2024",2024-08-19,2024-07-21,110
"8007","MATH","2830","Introductory Statistics","Fall 2024",2024-08-19,2024-07-21,151
"8008","MATH","1010","Math for Liberal Arts","Fall 2024",2024-08-19,2024-07-22,155
"8009","MATH","1060","Finite Mathematics","Fall 2024",2024-08-19,2024-07-22,191
"8010","MATH","1110","College Algebra","Fall 2024",2024-08-19,2024-07-22,64
"8011","MATH","1401","Calculus I","Fall 2024",2024-08-19,2024-07-22,213
"8012","MATH","2411","Calculus II","Fall 2024",2024-08-19,2024-07-22,110
"8013","MATH","2830","Introductory Statistics","Fall 2024",2024-08-19,2024-07-22,151
"8014","MATH","1010","Math for Liberal Arts","Fall 2024",2024-08-19,2024-07-23,157
"8015","MATH","1060","Finite Mathematics","Fall 2024",2024-08-19,2024-07-23,195
"8016","MATH","1110","College Algebra","Fall 2024",2024-08-19,2024-07-23,64
"8017","MATH","1401","Calculus I","Fall 2024",2024-08-19,2024-07-23,215
"8018","MATH","2411","Calculus II","Fall 2024",2024-08-19,2024-07-23,110
"8019","MATH","2830","Introductory Statistics","Fall 2024",2024-08-19,2024-07-23,152
"8020","MATH","1010","Math for Liberal Arts","Fall 2024",2024-08-19,2024-07-24,164
"8021","MATH","1060","Finite Mathematics","Fall 2024",2024-08-19,2024-07-24,203
"8022","MATH","1110","College Algebra","Fall 2024",2024-08-19,2024-07-24,64
"8023","MATH","1401","Calculus I","Fall 2024",2024-08-19,2024-07-24,224
"8024","MATH","2411","Calculus II","Fall 2024",2024-08-19,2024-07-24,110
"8025","MATH","2830","Introductory Statistics","Fall 2024",2024-08-19,2024-07-24,154
"8026","MATH","1010","Math for Liberal Arts","Fall 2024",2024-08-19,2024-07-25,164
"8027","MATH","1060","Finite Mathematics","Fall 2024",2024-08-19,2024-07-25,205
"8028","MATH","1110","College Algebra","Fall 2024",2024-08-19,2024-07-25,64
"8029","MATH","1401","Calculus I","Fall 2024",2024-08-19,2024-07-25,230
"8030","MATH","2411","Calculus II","Fall 2024",2024-08-19,2024-07-25,111
"8031","MATH","2830","Introductory Statistics","Fall 2024",2024-08-19,2024-07-25,154
"8032","MATH","1010","Math for Liberal Arts","Fall 2024",2024-08-19,2024-07-26,168
"8033","MATH","1060","Finite Mathematics","Fall 2024",2024-08-19,2024-07-26,212
"8034","MATH","1110","College Algebra","Fall 2024",2024-08-19,2024-07-26,64
"8035","MATH","1401","Calculus I","Fall 2024",2024-08-19,2024-07-26,232
"8036","MATH","2411","Calculus II","Fall 2024",2024-08-19,2024-07-26,112
"8037","MATH","2830","Introductory Statistics","Fall 2024",2024-08-19,2024-07-26,155
"8038","MATH","1010","Math for Liberal Arts","Fall 2024",2024-08-19,2024-07-27,169
"8039","MATH","1060","Finite Mathematics","Fall 2024",2024-08-19,2024-07-27,212
"8040","MATH","1110","College Algebra","Fall 2024",2024-08-19,2024-07-27,64
"8041","MATH","1401","Calculus I","Fall 2024",2024-08-19,2024-07-27,232
"8042","MATH","2411","Calculus II","Fall 2024",2024-08-19,2024-07-27,111
"8043","MATH","2830","Introductory Statistics","Fall 2024",2024-08-19,2024-07-27,158
"8044","MATH","1010","Math for Liberal Arts","Fall 2024",2024-08-19,2024-07-28,169
"8045","MATH","1060","Finite Mathematics","Fall 2024",2024-08-19,2024-07-28,213
"8046","MATH","1110","College Algebra","Fall 2024",2024-08-19,2024-07-28,66
"8047","MATH","1401","Calculus I","Fall 2024",2024-08-19,2024-07-28,235
"8048","MATH","2411","Calculus II","Fall 2024",2024-08-19,2024-07-28,112
"8049","MATH","2830","Introductory Statistics","Fall 2024",2024-08-19,2024-07-28,159
"8050","MATH","1010","Math for Liberal Arts","Fall 2024",2024-08-19,2024-07-29,171
"8051","MATH","1060","Finite Mathematics","Fall 2024",2024-08-19,2024-07-29,216
"8052","MATH","1110","College Algebra","Fall 2024",2024-08-19,2024-07-29,68
"8053","MATH","1401","Calculus I","Fall 2024",2024-08-19,2024-07-29,237
"8054","MATH","2411","Calculus II","Fall 2024",2024-08-19,2024-07-29,112
"8055","MATH","2830","Introductory Statistics","Fall 2024",2024-08-19,2024-07-29,161
"8056","MATH","1010","Math for Liberal Arts","Fall 2024",2024-08-19,2024-07-30,172
"8057","MATH","1060","Finite Mathematics","Fall 2024",2024-08-19,2024-07-30,218
"8058","MATH","1110","College Algebra","Fall 2024",2024-08-19,2024-07-30,68
"8059","MATH","1401","Calculus I","Fall 2024",2024-08-19,2024-07-30,240
"8060","MATH","2411","Calculus II","Fall 2024",2024-08-19,2024-07-30,112
"8061","MATH","2830","Introductory Statistics","Fall 2024",2024-08-19,2024-07-30,162
"8062","MATH","1010","Math for Liberal Arts","Fall 2024",2024-08-19,2024-07-31,174
"8063","MATH","1060","Finite Mathematics","Fall 2024",2024-08-19,2024-07-31,223
"8064","MATH","1110","College Algebra","Fall 2024",2024-08-19,2024-07-31,69
"8065","MATH","1401","Calculus I","Fall 2024",2024-08-19,2024-07-31,246
"8066","MATH","2411","Calculus II","Fall 2024",2024-08-19,2024-07-31,114
"8067","MATH","2830","Introductory Statistics","Fall 2024",2024-08-19,2024-07-31,164
"8068","MATH","1010","Math for Liberal Arts","Fall 2024",2024-08-19,2024-08-01,175
"8069","MATH","1060","Finite Mathematics","Fall 2024",2024-08-19,2024-08-01,230
"8070","MATH","1110","College Algebra","Fall 2024",2024-08-19,2024-08-01,71
"8071","MATH","1401","Calculus I","Fall 2024",2024-08-19,2024-08-01,248
"8072","MATH","2411","Calculus II","Fall 2024",2024-08-19,2024-08-01,117
"8073","MATH","2830","Introductory Statistics","Fall 2024",2024-08-19,2024-08-01,162
"8074","MATH","1010","Math for Liberal Arts","Fall 2024",2024-08-19,2024-08-02,177
"8075","MATH","1060","Finite Mathematics","Fall 2024",2024-08-19,2024-08-02,230
"8076","MATH","1110","College Algebra","Fall 2024",2024-08-19,2024-08-02,72
"8077","MATH","1401","Calculus I","Fall 2024",2024-08-19,2024-08-02,250
"8078","MATH","2411","Calculus II","Fall 2024",2024-08-19,2024-08-02,119
"8079","MATH","2830","Introductory Statistics","Fall 2024",2024-08-19,2024-08-02,162
"8080","MATH","1010","Math for Liberal Arts","Fall 2024",2024-08-19,2024-08-03,177
"8081","MATH","1060","Finite Mathematics","Fall 2024",2024-08-19,2024-08-03,235
"8082","MATH","1110","College Algebra","Fall 2024",2024-08-19,2024-08-03,73
"8083","MATH","1401","Calculus I","Fall 2024",2024-08-19,2024-08-03,255
"8084","MATH","2411","Calculus II","Fall 2024",2024-08-19,2024-08-03,119
"8085","MATH","2830","Introductory Statistics","Fall 2024",2024-08-19,2024-08-03,167
"8086","MATH","1010","Math for Liberal Arts","Fall 2024",2024-08-19,2024-08-04,178
"8087","MATH","1060","Finite Mathematics","Fall 2024",2024-08-19,2024-08-04,235
"8088","MATH","1110","College Algebra","Fall 2024",2024-08-19,2024-08-04,77
"8089","MATH","1401","Calculus I","Fall 2024",2024-08-19,2024-08-04,258
"8090","MATH","2411","Calculus II","Fall 2024",2024-08-19,2024-08-04,120
"8091","MATH","2830","Introductory Statistics","Fall 2024",2024-08-19,2024-08-04,167
"8092","MATH","1010","Math for Liberal Arts","Fall 2024",2024-08-19,2024-08-05,179
"8093","MATH","1060","Finite Mathematics","Fall 2024",2024-08-19,2024-08-05,235
"8094","MATH","1110","College Algebra","Fall 2024",2024-08-19,2024-08-05,80
"8095","MATH","1401","Calculus I","Fall 2024",2024-08-19,2024-08-05,259
"8096","MATH","2411","Calculus II","Fall 2024",2024-08-19,2024-08-05,122
"8097","MATH","2830","Introductory Statistics","Fall 2024",2024-08-19,2024-08-05,168
"8098","MATH","1010","Math for Liberal Arts","Fall 2024",2024-08-19,2024-08-06,178
"8099","MATH","1060","Finite Mathematics","Fall 2024",2024-08-19,2024-08-06,238
"8100","MATH","1110","College Algebra","Fall 2024",2024-08-19,2024-08-06,80
"8101","MATH","1401","Calculus I","Fall 2024",2024-08-19,2024-08-06,261
"8102","MATH","2411","Calculus II","Fall 2024",2024-08-19,2024-08-06,124
"8103","MATH","2830","Introductory Statistics","Fall 2024",2024-08-19,2024-08-06,170
"8104","MATH","1010","Math for Liberal Arts","Fall 2024",2024-08-19,2024-08-07,179
"8105","MATH","1060","Finite Mathematics","Fall 2024",2024-08-19,2024-08-07,241
"8106","MATH","1110","College Algebra","Fall 2024",2024-08-19,2024-08-07,83
"8107","MATH","1401","Calculus I","Fall 2024",2024-08-19,2024-08-07,262
"8108","MATH","2411","Calculus II","Fall 2024",2024-08-19,2024-08-07,129
"8109","MATH","2830","Introductory Statistics","Fall 2024",2024-08-19,2024-08-07,174
"8110","MATH","1010","Math for Liberal Arts","Fall 2024",2024-08-19,2024-08-08,181
"8111","MATH","1060","Finite Mathematics","Fall 2024",2024-08-19,2024-08-08,241
"8112","MATH","1110","College Algebra","Fall 2024",2024-08-19,2024-08-08,83
"8113","MATH","1401","Calculus I","Fall 2024",2024-08-19,2024-08-08,269
"8114","MATH","2411","Calculus II","Fall 2024",2024-08-19,2024-08-08,129
"8115","MATH","2830","Introductory Statistics","Fall 2024",2024-08-19,2024-08-08,173
"8116","MATH","1010","Math for Liberal Arts","Fall 2024",2024-08-19,2024-08-09,184
"8117","MATH","1060","Finite Mathematics","Fall 2024",2024-08-19,2024-08-09,244
"8118","MATH","1110","College Algebra","Fall 2024",2024-08-19,2024-08-09,86
"8119","MATH","1401","Calculus I","Fall 2024",2024-08-19,2024-08-09,272
"8120","MATH","2411","Calculus II","Fall 2024",2024-08-19,2024-08-09,128
"8121","MATH","2830","Introductory Statistics","Fall 2024",2024-08-19,2024-08-09,176
"8122","MATH","1010","Math for Liberal Arts","Fall 2024",2024-08-19,2024-08-10,185
"8123","MATH","1060","Finite Mathematics","Fall 2024",2024-08-19,2024-08-10,243
"8124","MATH","1110","College Algebra","Fall 2024",2024-08-19,2024-08-10,86
"8125","MATH","1401","Calculus I","Fall 2024",2024-08-19,2024-08-10,280
"8126","MATH","2411","Calculus II","Fall 2024",2024-08-19,2024-08-10,132
"8127","MATH","2830","Introductory Statistics","Fall 2024",2024-08-19,2024-08-10,178
"8128","MATH","1010","Math for Liberal Arts","Fall 2024",2024-08-19,2024-08-11,185
"8129","MATH","1060","Finite Mathematics","Fall 2024",2024-08-19,2024-08-11,245
"8130","MATH","1110","College Algebra","Fall 2024",2024-08-19,2024-08-11,88
"8131","MATH","1401","Calculus I","Fall 2024",2024-08-19,2024-08-11,280
"8132","MATH","2411","Calculus II","Fall 2024",2024-08-19,2024-08-11,133
"8133","MATH","2830","Introductory Statistics","Fall 2024",2024-08-19,2024-08-11,179
"8134","MATH","1010","Math for Liberal Arts","Fall 2024",2024-08-19,2024-08-12,186
"8135","MATH","1060","Finite Mathematics","Fall 2024",2024-08-19,2024-08-12,244
"8136","MATH","1110","College Algebra","Fall 2024",2024-08-19,2024-08-12,89
"8137","MATH","1401","Calculus I","Fall 2024",2024-08-19,2024-08-12,282
"8138","MATH","2411","Calculus II","Fall 2024",2024-08-19,2024-08-12,133
"8139","MATH","2830","Introductory Statistics","Fall 2024",2024-08-19,2024-08-12,178
"8140","MATH","1010","Math for Liberal Arts","Fall 2024",2024-08-19,2024-08-13,184
"8141","MATH","1060","Finite Mathematics","Fall 2024",2024-08-19,2024-08-13,246
"8142","MATH","1110","College Algebra","Fall 2024",2024-08-19,2024-08-13,92
"8143","MATH","1401","Calculus I","Fall 2024",2024-08-19,2024-08-13,286
"8144","MATH","2411","Calculus II","Fall 2024",2024-08-19,2024-08-13,133
"8145","MATH","2830","Introductory Statistics","Fall 2024",2024-08-19,2024-08-13,184
"8146","MATH","1010","Math for Liberal Arts","Fall 2024",2024-08-19,2024-08-14,183
"8147","MATH","1060","Finite Mathematics","Fall 2024",2024-08-19,2024-08-14,248
"8148","MATH","1110","College Algebra","Fall 2024",2024-08-19,2024-08-14,93
"8149","MATH","1401","Calculus I","Fall 2024",2024-08-19,2024-08-14,288
"8150","MATH","2411","Calculus II","Fall 2024",2024-08-19,2024-08-14,134
"8151","MATH","2830","Introductory Statistics","Fall 2024",2024-08-19,2024-08-14,185
"8152","MATH","1010","Math for Liberal Arts","Fall 2024",2024-08-19,2024-08-15,182
"8153","MATH","1060","Finite Mathematics","Fall 2024",2024-08-19,2024-08-15,248
"8154","MATH","1110","College Algebra","Fall 2024",2024-08-19,2024-08-15,95
"8155","MATH","1401","Calculus I","Fall 2024",2024-08-19,2024-08-15,294
"8156","MATH","2411","Calculus II","Fall 2024",2024-08-19,2024-08-15,138
"8157","MATH","2830","Introductory Statistics","Fall 2024",2024-08-19,2024-08-15,186
"8158","MATH","1010","Math for Liberal Arts","Fall 2024",2024-08-19,2024-08-16,191
"8159","MATH","1060","Finite Mathematics","Fall 2024",2024-08-19,2024-08-16,250
"8160","MATH","1110","College Algebra","Fall 2024",2024-08-19,2024-08-16,96
"8161","MATH","1401","Calculus I","Fall 2024",2024-08-19,2024-08-16,301
"8162","MATH","2411","Calculus II","Fall 2024",2024-08-19,2024-08-16,139
"8163","MATH","2830","Introductory Statistics","Fall 2024",2024-08-19,2024-08-16,189
"8164","MATH","1010","Math for Liberal Arts","Fall 2024",2024-08-19,2024-08-17,191
"8165","MATH","1060","Finite Mathematics","Fall 2024",2024-08-19,2024-08-17,250
"8166","MATH","1110","College Algebra","Fall 2024",2024-08-19,2024-08-17,98
"8167","MATH","1401","Calculus I","Fall 2024",2024-08-19,2024-08-17,303
"8168","MATH","2411","Calculus II","Fall 2024",2024-08-19,2024-08-17,140
"8169","MATH","2830","Introductory Statistics","Fall 2024",2024-08-19,2024-08-17,190
"8170","MATH","1010","Math for Liberal Arts","Fall 2024",2024-08-19,2024-08-18,192
"8171","MATH","1060","Finite Mathematics","Fall 2024",2024-08-19,2024-08-18,249
"8172","MATH","1110","College Algebra","Fall 2024",2024-08-19,2024-08-18,101
"8173","MATH","1401","Calculus I","Fall 2024",2024-08-19,2024-08-18,304
"8174","MATH","2411","Calculus II","Fall 2024",2024-08-19,2024-08-18,141
"8175","MATH","2830","Introductory Statistics","Fall 2024",2024-08-19,2024-08-18,190
"8176","MATH","1010","Math for Liberal Arts","Fall 2024",2024-08-19,2024-08-19,193
"8177","MATH","1060","Finite Mathematics","Fall 2024",2024-08-19,2024-08-19,250
"8178","MATH","1110","College Algebra","Fall 2024",2024-08-19,2024-08-19,104
"8179","MATH","1401","Calculus I","Fall 2024",2024-08-19,2024-08-19,306
"8180","MATH","2411","Calculus II","Fall 2024",2024-08-19,2024-08-19,141
"8181","MATH","2830","Introductory Statistics","Fall 2024",2024-08-19,2024-08-19,189
"8182","MATH","1010","Math for Liberal Arts","Fall 2024",2024-08-19,2024-08-20,197
"8183","MATH","1060","Finite Mathematics","Fall 2024",2024-08-19,2024-08-20,250
"8184","MATH","1110","College Algebra","Fall 2024",2024-08-19,2024-08-20,105
"8185","MATH","1401","Calculus I","Fall 2024",2024-08-19,2024-08-20,308
"8186","MATH","2411","Calculus II","Fall 2024",2024-08-19,2024-08-20,143
"8187","MATH","2830","Introductory Statistics","Fall 2024",2024-08-19,2024-08-20,190
"8188","MATH","1010","Math for Liberal Arts","Fall 2024",2024-08-19,2024-08-21,197
"8189","MATH","1060","Finite Mathematics","Fall 2024",2024-08-19,2024-08-21,252
"8190","MATH","1110","College Algebra","Fall 2024",2024-08-19,2024-08-21,104
"8191","MATH","1401","Calculus I","Fall 2024",2024-08-19,2024-08-21,307
"8192","MATH","2411","Calculus II","Fall 2024",2024-08-19,2024-08-21,142
"8193","MATH","2830","Introductory Statistics","Fall 2024",2024-08-19,2024-08-21,189
"8194","MATH","1010","Math for Liberal Arts","Fall 2024",2024-08-19,2024-08-22,196
"8195","MATH","1060","Finite Mathematics","Fall 2024",2024-08-19,2024-08-22,254
"8196","MATH","1110","College Algebra","Fall 2024",2024-08-19,2024-08-22,104
"8197","MATH","1401","Calculus I","Fall 2024",2024-08-19,2024-08-22,311
"8198","MATH","2411","Calculus II","Fall 2024",2024-08-19,2024-08-22,142
"8199","MATH","2830","Introductory Statistics","Fall 2024",2024-08-19,2024-08-22,189
"8200","MATH","1010","Math for Liberal Arts","Fall 2024",2024-08-19,2024-08-23,195
"8201","MATH","1060","Finite Mathematics","Fall 2024",2024-08-19,2024-08-23,251
"8202","MATH","1110","College Algebra","Fall 2024",2024-08-19,2024-08-23,103
"8203","MATH","1401","Calculus I","Fall 2024",2024-08-19,2024-08-23,311
"8204","MATH","2411","Calculus II","Fall 2024",2024-08-19,2024-08-23,142
"8205","MATH","2830","Introductory Statistics","Fall 2024",2024-08-19,2024-08-23,189
"8206","MATH","1010","Math for Liberal Arts","Fall 2024",2024-08-19,2024-08-24,195
"8207","MATH","1060","Finite Mathematics","Fall 2024",2024-08-19,2024-08-24,253
"8208","MATH","1110","College Algebra","Fall 2024",2024-08-19,2024-08-24,102
"8209","MATH","1401","Calculus I","Fall 2024",2024-08-19,2024-08-24,313
"8210","MATH","2411","Calculus II","Fall 2024",2024-08-19,2024-08-24,145
"8211","MATH","2830","Introductory Statistics","Fall 2024",2024-08-19,2024-08-24,192
"8212","MATH","1010","Math for Liberal Arts","Fall 2024",2024-08-19,2024-08-25,198
"8213","MATH","1060","Finite Mathematics","Fall 2024",2024-08-19,2024-08-25,252
"8214","MATH","1110","College Algebra","Fall 2024",2024-08-19,2024-08-25,101
"8215","MATH","1401","Calculus I","Fall 2024",2024-08-19,2024-08-25,314
"8216","MATH","2411","Calculus II","Fall 2024",2024-08-19,2024-08-25,146
"8217","MATH","2830","Introductory Statistics","Fall 2024",2024-08-19,2024-08-25,192
"8218","MATH","1010","Math for Liberal Arts","Fall 2024",2024-08-19,2024-08-26,198
"8219","MATH","1060","Finite Mathematics","Fall 2024",2024-08-19,2024-08-26,251
"8220","MATH","1110","College Algebra","Fall 2024",2024-08-19,2024-08-26,102
"8221","MATH","1401","Calculus I","Fall 2024",2024-08-19,2024-08-26,313
"8222","MATH","2411","Calculus II","Fall 2024",2024-08-19,2024-08-26,146
"8223","MATH","2830","Introductory Statistics","Fall 2024",2024-08-19,2024-08-26,192
"8224","MATH","1010","Math for Liberal Arts","Fall 2024",2024-08-19,2024-08-27,197
"8225","MATH","1060","Finite Mathematics","Fall 2024",2024-08-19,2024-08-27,249
"8226","MATH","1110","College Algebra","Fall 2024",2024-08-19,2024-08-27,100
"8227","MATH","1401","Calculus I","Fall 2024",2024-08-19,2024-08-27,311
"8228","MATH","2411","Calculus II","Fall 2024",2024-08-19,2024-08-27,143
"8229","MATH","2830","Introductory Statistics","Fall 2024",2024-08-19,2024-08-27,192
"8230","MATH","1010","Math for Liberal Arts","Fall 2024",2024-08-19,2024-08-28,196
"8231","MATH","1060","Finite Mathematics","Fall 2024",2024-08-19,2024-08-28,247
"8232","MATH","1110","College Algebra","Fall 2024",2024-08-19,2024-08-28,100
"8233","MATH","1401","Calculus I","Fall 2024",2024-08-19,2024-08-28,309
"8234","MATH","2411","Calculus II","Fall 2024",2024-08-19,2024-08-28,143
"8235","MATH","2830","Introductory Statistics","Fall 2024",2024-08-19,2024-08-28,192
"8236","MATH","1010","Math for Liberal Arts","Fall 2024",2024-08-19,2024-08-29,195
"8237","MATH","1060","Finite Mathematics","Fall 2024",2024-08-19,2024-08-29,246
"8238","MATH","1110","College Algebra","Fall 2024",2024-08-19,2024-08-29,101
"8239","MATH","1401","Calculus I","Fall 2024",2024-08-19,2024-08-29,309
"8240","MATH","2411","Calculus II","Fall 2024",2024-08-19,2024-08-29,143
"8241","MATH","2830","Introductory Statistics","Fall 2024",2024-08-19,2024-08-29,191
"8242","MATH","1010","Math for Liberal Arts","Fall 2024",2024-08-19,2024-08-30,194
"8243","MATH","1060","Finite Mathematics","Fall 2024",2024-08-19,2024-08-30,247
"8244","MATH","1110","College Algebra","Fall 2024",2024-08-19,2024-08-30,101
"8245","MATH","1401","Calculus I","Fall 2024",2024-08-19,2024-08-30,308
"8246","MATH","2411","Calculus II","Fall 2024",2024-08-19,2024-08-30,142
"8247","MATH","2830","Introductory Statistics","Fall 2024",2024-08-19,2024-08-30,190
"8248","MATH","1010","Math for Liberal Arts","Fall 2024",2024-08-19,2024-08-31,197
"8249","MATH","1060","Finite Mathematics","Fall 2024",2024-08-19,2024-08-31,246
"8250","MATH","1110","College Algebra","Fall 2024",2024-08-19,2024-08-31,99
"8251","MATH","1401","Calculus I","Fall 2024",2024-08-19,2024-08-31,310
"8252","MATH","2411","Calculus II","Fall 2024",2024-08-19,2024-08-31,142
"8253","MATH","2830","Introductory Statistics","Fall 2024",2024-08-19,2024-08-31,190
"8254","MATH","1010","Math for Liberal Arts","Fall 2024",2024-08-19,2024-09-01,198
"8255","MATH","1060","Finite Mathematics","Fall 2024",2024-08-19,2024-09-01,246
"8256","MATH","1110","College Algebra","Fall 2024",2024-08-19,2024-09-01,99
"8257","MATH","1401","Calculus I","Fall 2024",2024-08-19,2024-09-01,310
"8258","MATH","2411","Calculus II","Fall 2024",2024-08-19,2024-09-01,141
"8259","MATH","2830","Introductory Statistics","Fall 2024",2024-08-19,2024-09-01,190
"8260","MATH","1010","Math for Liberal Arts","Fall 2024",2024-08-19,2024-09-02,198
"8261","MATH","1060","Finite Mathematics","Fall 2024",2024-08-19,2024-09-02,245
"8262","MATH","1110","College Algebra","Fall 2024",2024-08-19,2024-09-02,99
"8263","MATH","1401","Calculus I","Fall 2024",2024-08-19,2024-09-02,310
"8264","MATH","2411","Calculus II","Fall 2024",2024-08-19,2024-09-02,140
"8265","MATH","2830","Introductory Statistics","Fall 2024",2024-08-19,2024-09-02,190
"8266","MATH","1010","Math for Liberal Arts","Fall 2024",2024-08-19,2024-09-03,198
"8267","MATH","1060","Finite Mathematics","Fall 2024",2024-08-19,2024-09-03,244
"8268","MATH","1110","College Algebra","Fall 2024",2024-08-19,2024-09-03,99
"8269","MATH","1401","Calculus I","Fall 2024",2024-08-19,2024-09-03,310
"8270","MATH","2411","Calculus II","Fall 2024",2024-08-19,2024-09-03,139
"8271","MATH","2830","Introductory Statistics","Fall 2024",2024-08-19,2024-09-03,190
"8272","MATH","1010","Math for Liberal Arts","Fall 2024",2024-08-19,2024-09-04,198
"8273","MATH","1060","Finite Mathematics","Fall 2024",2024-08-19,2024-09-04,244
"8274","MATH","1110","College Algebra","Fall 2024",2024-08-19,2024-09-04,99
"8275","MATH","1401","Calculus I","Fall 2024",2024-08-19,2024-09-04,310
"8276","MATH","2411","Calculus II","Fall 2024",2024-08-19,2024-09-04,140
"8277","MATH","2830","Introductory Statistics","Fall 2024",2024-08-19,2024-09-04,190
"8278","MATH","1010","Math for Liberal Arts","Fall 2024",2024-08-19,2024-09-05,198
"8279","MATH","1060","Finite Mathematics","Fall 2024",2024-08-19,2024-09-05,245
"8280","MATH","1110","College Algebra","Fall 2024",2024-08-19,2024-09-05,101
"8281","MATH","1401","Calculus I","Fall 2024",2024-08-19,2024-09-05,312
"8282","MATH","2411","Calculus II","Fall 2024",2024-08-19,2024-09-05,140
"8283","MATH","2830","Introductory Statistics","Fall 2024",2024-08-19,2024-09-05,190
"8284","MATH","1010","Math for Liberal Arts","Fall 2024",2024-08-19,2024-09-06,198
"8285","MATH","1060","Finite Mathematics","Fall 2024",2024-08-19,2024-09-06,246
"8286","MATH","1110","College Algebra","Fall 2024",2024-08-19,2024-09-06,102
"8287","MATH","1401","Calculus I","Fall 2024",2024-08-19,2024-09-06,313
"8288","MATH","2411","Calculus II","Fall 2024",2024-08-19,2024-09-06,140
"8289","MATH","2830","Introductory Statistics","Fall 2024",2024-08-19,2024-09-06,190
"8290","MATH","1010","Math for Liberal Arts","Fall 2024",2024-08-19,2024-09-07,198
"8291","MATH","1060","Finite Mathematics","Fall 2024",2024-08-19,2024-09-07,246
"8292","MATH","1110","College Algebra","Fall 2024",2024-08-19,2024-09-07,103
"8293","MATH","1401","Calculus I","Fall 2024",2024-08-19,2024-09-07,314
"8294","MATH","2411","Calculus II","Fall 2024",2024-08-19,2024-09-07,140
"8295","MATH","2830","Introductory Statistics","Fall 2024",2024-08-19,2024-09-07,190
"8296","MATH","1010","Math for Liberal Arts","Fall 2024",2024-08-19,2024-09-08,198
"8297","MATH","1060","Finite Mathematics","Fall 2024",2024-08-19,2024-09-08,246
"8298","MATH","1110","College Algebra","Fall 2024",2024-08-19,2024-09-08,103
"8299","MATH","1401","Calculus I","Fall 2024",2024-08-19,2024-09-08,314
"8300","MATH","2411","Calculus II","Fall 2024",2024-08-19,2024-09-08,140
"8301","MATH","2830","Introductory Statistics","Fall 2024",2024-08-19,2024-09-08,190
"8302","MATH","1401","Calculus I","Spring 2025",2025-01-21,2024-11-02,5
"8303","MATH","2411","Calculus II","Spring 2025",2025-01-21,2024-11-02,6
"8304","MATH","2830","Introductory Statistics","Spring 2025",2025-01-21,2024-11-02,5
"8305","MATH","1060","Finite Mathematics","Spring 2025",2025-01-21,2024-11-03,1
"8306","MATH","1401","Calculus I","Spring 2025",2025-01-21,2024-11-03,7
"8307","MATH","2411","Calculus II","Spring 2025",2025-01-21,2024-11-03,6
"8308","MATH","2830","Introductory Statistics","Spring 2025",2025-01-21,2024-11-03,6
"8309","MATH","1010","Math for Liberal Arts","Spring 2025",2025-01-21,2024-11-04,1
"8310","MATH","1060","Finite Mathematics","Spring 2025",2025-01-21,2024-11-04,1
"8311","MATH","1401","Calculus I","Spring 2025",2025-01-21,2024-11-04,7
"8312","MATH","2411","Calculus II","Spring 2025",2025-01-21,2024-11-04,7
"8313","MATH","2830","Introductory Statistics","Spring 2025",2025-01-21,2024-11-04,7
"8314","MATH","1010","Math for Liberal Arts","Spring 2025",2025-01-21,2024-11-05,1
"8315","MATH","1060","Finite Mathematics","Spring 2025",2025-01-21,2024-11-05,1
"8316","MATH","1401","Calculus I","Spring 2025",2025-01-21,2024-11-05,7
"8317","MATH","2411","Calculus II","Spring 2025",2025-01-21,2024-11-05,7
"8318","MATH","2830","Introductory Statistics","Spring 2025",2025-01-21,2024-11-05,8
"8319","MATH","1010","Math for Liberal Arts","Spring 2025",2025-01-21,2024-11-06,1
"8320","MATH","1060","Finite Mathematics","Spring 2025",2025-01-21,2024-11-06,1
"8321","MATH","1401","Calculus I","Spring 2025",2025-01-21,2024-11-06,8
"8322","MATH","2411","Calculus II","Spring 2025",2025-01-21,2024-11-06,8
"8323","MATH","2830","Introductory Statistics","Spring 2025",2025-01-21,2024-11-06,8
"8324","MATH","1010","Math for Liberal Arts","Spring 2025",2025-01-21,2024-11-07,1
"8325","MATH","1060","Finite Mathematics","Spring 2025",2025-01-21,2024-11-07,1
"8326","MATH","1401","Calculus I","Spring 2025",2025-01-21,2024-11-07,10
"8327","MATH","2411","Calculus II","Spring 2025",2025-01-21,2024-11-07,9
"8328","MATH","2830","Introductory Statistics","Spring 2025",2025-01-21,2024-11-07,9
"8329","MATH","1010","Math for Liberal Arts","Spring 2025",2025-01-21,2024-11-08,2
"8330","MATH","1060","Finite Mathematics","Spring 2025",2025-01-21,2024-11-08,1
"8331","MATH","1401","Calculus I","Spring 2025",2025-01-21,2024-11-08,13
"8332","MATH","2411","Calculus II","Spring 2025",2025-01-21,2024-11-08,9
"8333","MATH","2830","Introductory Statistics","Spring 2025",2025-01-21,2024-11-08,15
"8334","MATH","1010","Math for Liberal Arts","Spring 2025",2025-01-21,2024-11-09,2
"8335","MATH","1060","Finite Mathematics","Spring 2025",2025-01-21,2024-11-09,1
"8336","MATH","1401","Calculus I","Spring 2025",2025-01-21,2024-11-09,13
"8337","MATH","2411","Calculus II","Spring 2025",2025-01-21,2024-11-09,9
"8338","MATH","2830","Introductory Statistics","Spring 2025",2025-01-21,2024-11-09,17
"8339","MATH","1010","Math for Liberal Arts","Spring 2025",2025-01-21,2024-11-10,2
"8340","MATH","1060","Finite Mathematics","Spring 2025",2025-01-21,2024-11-10,1
"8341","MATH","1401","Calculus I","Spring 2025",2025-01-21,2024-11-10,13
"8342","MATH","2411","Calculus II","Spring 2025",2025-01-21,2024-11-10,9
"8343","MATH","2830","Introductory Statistics","Spring 2025",2025-01-21,2024-11-10,17
"8344","MATH","1010","Math for Liberal Arts","Spring 2025",2025-01-21,2024-11-11,2
"8345","MATH","1060","Finite Mathematics","Spring 2025",2025-01-21,2024-11-11,1
"8346","MATH","1401","Calculus I","Spring 2025",2025-01-21,2024-11-11,13
"8347","MATH","2411","Calculus II","Spring 2025",2025-01-21,2024-11-11,9
"8348","MATH","2830","Introductory Statistics","Spring 2025",2025-01-21,2024-11-11,18
"8349","MATH","1010","Math for Liberal Arts","Spring 2025",2025-01-21,2024-11-12,2
"8350","MATH","1060","Finite Mathematics","Spring 2025",2025-01-21,2024-11-12,1
"8351","MATH","1401","Calculus I","Spring 2025",2025-01-21,2024-11-12,16
"8352","MATH","2411","Calculus II","Spring 2025",2025-01-21,2024-11-12,12
"8353","MATH","2830","Introductory Statistics","Spring 2025",2025-01-21,2024-11-12,18
"8354","MATH","1010","Math for Liberal Arts","Spring 2025",2025-01-21,2024-11-13,3
"8355","MATH","1060","Finite Mathematics","Spring 2025",2025-01-21,2024-11-13,1
"8356","MATH","1401","Calculus I","Spring 2025",2025-01-21,2024-11-13,24
"8357","MATH","2411","Calculus II","Spring 2025",2025-01-21,2024-11-13,15
"8358","MATH","2830","Introductory Statistics","Spring 2025",2025-01-21,2024-11-13,20
"8359","MATH","1010","Math for Liberal Arts","Spring 2025",2025-01-21,2024-11-14,4
"8360","MATH","1060","Finite Mathematics","Spring 2025",2025-01-21,2024-11-14,2
"8361","MATH","1110","College Algebra","Spring 2025",2025-01-21,2024-11-14,1
"8362","MATH","1401","Calculus I","Spring 2025",2025-01-21,2024-11-14,29
"8363","MATH","2411","Calculus II","Spring 2025",2025-01-21,2024-11-14,15
"8364","MATH","2830","Introductory Statistics","Spring 2025",2025-01-21,2024-11-14,25
"8365","MATH","1010","Math for Liberal Arts","Spring 2025",2025-01-21,2024-11-15,9
"8366","MATH","1060","Finite Mathematics","Spring 2025",2025-01-21,2024-11-15,4
"8367","MATH","1110","College Algebra","Spring 2025",2025-01-21,2024-11-15,3
"8368","MATH","1401","Calculus I","Spring 2025",2025-01-21,2024-11-15,56
"8369","MATH","2411","Calculus II","Spring 2025",2025-01-21,2024-11-15,35
"8370","MATH","2830","Introductory Statistics","Spring 2025",2025-01-21,2024-11-15,46
"8371","MATH","1010","Math for Liberal Arts","Spring 2025",2025-01-21,2024-11-16,26
"8372","MATH","1060","Finite Mathematics","Spring 2025",2025-01-21,2024-11-16,10
"8373","MATH","1110","College Algebra","Spring 2025",2025-01-21,2024-11-16,9
"8374","MATH","1401","Calculus I","Spring 2025",2025-01-21,2024-11-16,97
"8375","MATH","2411","Calculus II","Spring 2025",2025-01-21,2024-11-16,59
"8376","MATH","2830","Introductory Statistics","Spring 2025",2025-01-21,2024-11-16,61
"8377","MATH","1010","Math for Liberal Arts","Spring 2025",2025-01-21,2024-11-17,29
"8378","MATH","1060","Finite Mathematics","Spring 2025",2025-01-21,2024-11-17,12
"8379","MATH","1110","College Algebra","Spring 2025",2025-01-21,2024-11-17,11
"8380","MATH","1401","Calculus I","Spring 2025",2025-01-21,2024-11-17,101
"8381","MATH","2411","Calculus II","Spring 2025",2025-01-21,2024-11-17,61
"8382","MATH","2830","Introductory Statistics","Spring 2025",2025-01-21,2024-11-17,65
"8383","MATH","1010","Math for Liberal Arts","Spring 2025",2025-01-21,2024-11-18,29
"8384","MATH","1060","Finite Mathematics","Spring 2025",2025-01-21,2024-11-18,13
"8385","MATH","1110","College Algebra","Spring 2025",2025-01-21,2024-11-18,12
"8386","MATH","1401","Calculus I","Spring 2025",2025-01-21,2024-11-18,105
"8387","MATH","2411","Calculus II","Spring 2025",2025-01-21,2024-11-18,65
"8388","MATH","2830","Introductory Statistics","Spring 2025",2025-01-21,2024-11-18,64
"8389","MATH","1010","Math for Liberal Arts","Spring 2025",2025-01-21,2024-11-19,32
"8390","MATH","1060","Finite Mathematics","Spring 2025",2025-01-21,2024-11-19,14
"8391","MATH","1110","College Algebra","Spring 2025",2025-01-21,2024-11-19,12
"8392","MATH","1401","Calculus I","Spring 2025",2025-01-21,2024-11-19,115
"8393","MATH","2411","Calculus II","Spring 2025",2025-01-21,2024-11-19,72
"8394","MATH","2830","Introductory Statistics","Spring 2025",2025-01-21,2024-11-19,72
"8395","MATH","1010","Math for Liberal Arts","Spring 2025",2025-01-21,2024-11-20,33
"8396","MATH","1060","Finite Mathematics","Spring 2025",2025-01-21,2024-11-20,16
"8397","MATH","1110","College Algebra","Spring 2025",2025-01-21,2024-11-20,12
"8398","MATH","1401","Calculus I","Spring 2025",2025-01-21,2024-11-20,120
"8399","MATH","2411","Calculus II","Spring 2025",2025-01-21,2024-11-20,75
"8400","MATH","2830","Introductory Statistics","Spring 2025",2025-01-21,2024-11-20,84
"8401","MATH","1010","Math for Liberal Arts","Spring 2025",2025-01-21,2024-11-21,36
"8402","MATH","1060","Finite Mathematics","Spring 2025",2025-01-21,2024-11-21,16
"8403","MATH","1110","College Algebra","Spring 2025",2025-01-21,2024-11-21,13
"8404","MATH","1401","Calculus I","Spring 2025",2025-01-21,2024-11-21,126
"8405","MATH","2411","Calculus II","Spring 2025",2025-01-21,2024-11-21,78
"8406","MATH","2830","Introductory Statistics","Spring 2025",2025-01-21,2024-11-21,89
"8407","MATH","1010","Math for Liberal Arts","Spring 2025",2025-01-21,2024-11-22,35
"8408","MATH","1060","Finite Mathematics","Spring 2025",2025-01-21,2024-11-22,17
"8409","MATH","1110","College Algebra","Spring 2025",2025-01-21,2024-11-22,13
"8410","MATH","1401","Calculus I","Spring 2025",2025-01-21,2024-11-22,132
"8411","MATH","2411","Calculus II","Spring 2025",2025-01-21,2024-11-22,83
"8412","MATH","2830","Introductory Statistics","Spring 2025",2025-01-21,2024-11-22,91
"8413","MATH","1010","Math for Liberal Arts","Spring 2025",2025-01-21,2024-11-23,35
"8414","MATH","1060","Finite Mathematics","Spring 2025",2025-01-21,2024-11-23,18
"8415","MATH","1110","College Algebra","Spring 2025",2025-01-21,2024-11-23,13
"8416","MATH","1401","Calculus I","Spring 2025",2025-01-21,2024-11-23,135
"8417","MATH","2411","Calculus II","Spring 2025",2025-01-21,2024-11-23,84
"8418","MATH","2830","Introductory Statistics","Spring 2025",2025-01-21,2024-11-23,94
"8419","MATH","1010","Math for Liberal Arts","Spring 2025",2025-01-21,2024-11-24,35
"8420","MATH","1060","Finite Mathematics","Spring 2025",2025-01-21,2024-11-24,18
"8421","MATH","1110","College Algebra","Spring 2025",2025-01-21,2024-11-24,13
"8422","MATH","1401","Calculus I","Spring 2025",2025-01-21,2024-11-24,136
"8423","MATH","2411","Calculus II","Spring 2025",2025-01-21,2024-11-24,85
"8424","MATH","2830","Introductory Statistics","Spring 2025",2025-01-21,2024-11-24,95
"8425","MATH","1010","Math for Liberal Arts","Spring 2025",2025-01-21,2024-11-25,35
"8426","MATH","1060","Finite Mathematics","Spring 2025",2025-01-21,2024-11-25,18
"8427","MATH","1110","College Algebra","Spring 2025",2025-01-21,2024-11-25,13
"8428","MATH","1401","Calculus I","Spring 2025",2025-01-21,2024-11-25,136
"8429","MATH","2411","Calculus II","Spring 2025",2025-01-21,2024-11-25,85
"8430","MATH","2830","Introductory Statistics","Spring 2025",2025-01-21,2024-11-25,95
"8431","MATH","1010","Math for Liberal Arts","Spring 2025",2025-01-21,2024-11-26,40
"8432","MATH","1060","Finite Mathematics","Spring 2025",2025-01-21,2024-11-26,18
"8433","MATH","1110","College Algebra","Spring 2025",2025-01-21,2024-11-26,13
"8434","MATH","1401","Calculus I","Spring 2025",2025-01-21,2024-11-26,138
"8435","MATH","2411","Calculus II","Spring 2025",2025-01-21,2024-11-26,89
"8436","MATH","2830","Introductory Statistics","Spring 2025",2025-01-21,2024-11-26,95
"8437","MATH","1010","Math for Liberal Arts","Spring 2025",2025-01-21,2024-11-27,39
"8438","MATH","1060","Finite Mathematics","Spring 2025",2025-01-21,2024-11-27,18
"8439","MATH","1110","College Algebra","Spring 2025",2025-01-21,2024-11-27,13
"8440","MATH","1401","Calculus I","Spring 2025",2025-01-21,2024-11-27,142
"8441","MATH","2411","Calculus II","Spring 2025",2025-01-21,2024-11-27,92
"8442","MATH","2830","Introductory Statistics","Spring 2025",2025-01-21,2024-11-27,95
"8443","MATH","1010","Math for Liberal Arts","Spring 2025",2025-01-21,2024-11-28,39
"8444","MATH","1060","Finite Mathematics","Spring 2025",2025-01-21,2024-11-28,18
"8445","MATH","1110","College Algebra","Spring 2025",2025-01-21,2024-11-28,13
"8446","MATH","1401","Calculus I","Spring 2025",2025-01-21,2024-11-28,144
"8447","MATH","2411","Calculus II","Spring 2025",2025-01-21,2024-11-28,94
"8448","MATH","2830","Introductory Statistics","Spring 2025",2025-01-21,2024-11-28,97
"8449","MATH","1010","Math for Liberal Arts","Spring 2025",2025-01-21,2024-11-29,39
"8450","MATH","1060","Finite Mathematics","Spring 2025",2025-01-21,2024-11-29,18
"8451","MATH","1110","College Algebra","Spring 2025",2025-01-21,2024-11-29,13
"8452","MATH","1401","Calculus I","Spring 2025",2025-01-21,2024-11-29,145
"8453","MATH","2411","Calculus II","Spring 2025",2025-01-21,2024-11-29,95
"8454","MATH","2830","Introductory Statistics","Spring 2025",2025-01-21,2024-11-29,97
"8455","MATH","1010","Math for Liberal Arts","Spring 2025",2025-01-21,2024-11-30,40
"8456","MATH","1060","Finite Mathematics","Spring 2025",2025-01-21,2024-11-30,19
"8457","MATH","1110","College Algebra","Spring 2025",2025-01-21,2024-11-30,13
"8458","MATH","1401","Calculus I","Spring 2025",2025-01-21,2024-11-30,146
"8459","MATH","2411","Calculus II","Spring 2025",2025-01-21,2024-11-30,96
"8460","MATH","2830","Introductory Statistics","Spring 2025",2025-01-21,2024-11-30,96
"8461","MATH","1010","Math for Liberal Arts","Spring 2025",2025-01-21,2024-12-01,41
"8462","MATH","1060","Finite Mathematics","Spring 2025",2025-01-21,2024-12-01,18
"8463","MATH","1110","College Algebra","Spring 2025",2025-01-21,2024-12-01,13
"8464","MATH","1401","Calculus I","Spring 2025",2025-01-21,2024-12-01,147
"8465","MATH","2411","Calculus II","Spring 2025",2025-01-21,2024-12-01,97
"8466","MATH","2830","Introductory Statistics","Spring 2025",2025-01-21,2024-12-01,96
"8467","MATH","1010","Math for Liberal Arts","Spring 2025",2025-01-21,2024-12-02,42
"8468","MATH","1060","Finite Mathematics","Spring 2025",2025-01-21,2024-12-02,18
"8469","MATH","1110","College Algebra","Spring 2025",2025-01-21,2024-12-02,13
"8470","MATH","1401","Calculus I","Spring 2025",2025-01-21,2024-12-02,148
"8471","MATH","2411","Calculus II","Spring 2025",2025-01-21,2024-12-02,97
"8472","MATH","2830","Introductory Statistics","Spring 2025",2025-01-21,2024-12-02,96
"8473","MATH","1010","Math for Liberal Arts","Spring 2025",2025-01-21,2024-12-03,41
"8474","MATH","1060","Finite Mathematics","Spring 2025",2025-01-21,2024-12-03,18
"8475","MATH","1110","College Algebra","Spring 2025",2025-01-21,2024-12-03,13
"8476","MATH","1401","Calculus I","Spring 2025",2025-01-21,2024-12-03,152
"8477","MATH","2411","Calculus II","Spring 2025",2025-01-21,2024-12-03,102
"8478","MATH","2830","Introductory Statistics","Spring 2025",2025-01-21,2024-12-03,97
"8479","MATH","1010","Math for Liberal Arts","Spring 2025",2025-01-21,2024-12-04,42
"8480","MATH","1060","Finite Mathematics","Spring 2025",2025-01-21,2024-12-04,20
"8481","MATH","1110","College Algebra","Spring 2025",2025-01-21,2024-12-04,14
"8482","MATH","1401","Calculus I","Spring 2025",2025-01-21,2024-12-04,159
"8483","MATH","2411","Calculus II","Spring 2025",2025-01-21,2024-12-04,104
"8484","MATH","2830","Introductory Statistics","Spring 2025",2025-01-21,2024-12-04,101
"8485","MATH","1010","Math for Liberal Arts","Spring 2025",2025-01-21,2024-12-05,42
"8486","MATH","1060","Finite Mathematics","Spring 2025",2025-01-21,2024-12-05,20
"8487","MATH","1110","College Algebra","Spring 2025",2025-01-21,2024-12-05,14
"8488","MATH","1401","Calculus I","Spring 2025",2025-01-21,2024-12-05,159
"8489","MATH","2411","Calculus II","Spring 2025",2025-01-21,2024-12-05,105
"8490","MATH","2830","Introductory Statistics","Spring 2025",2025-01-21,2024-12-05,102
"8491","MATH","1010","Math for Liberal Arts","Spring 2025",2025-01-21,2024-12-06,44
"8492","MATH","1060","Finite Mathematics","Spring 2025",2025-01-21,2024-12-06,19
"8493","MATH","1110","College Algebra","Spring 2025",2025-01-21,2024-12-06,15
"8494","MATH","1401","Calculus I","Spring 2025",2025-01-21,2024-12-06,160
"8495","MATH","2411","Calculus II","Spring 2025",2025-01-21,2024-12-06,106
"8496","MATH","2830","Introductory Statistics","Spring 2025",2025-01-21,2024-12-06,106
"8497","MATH","1010","Math for Liberal Arts","Spring 2025",2025-01-21,2024-12-07,44
"8498","MATH","1060","Finite Mathematics","Spring 2025",2025-01-21,2024-12-07,21
"8499","MATH","1110","College Algebra","Spring 2025",2025-01-21,2024-12-07,16
"8500","MATH","1401","Calculus I","Spring 2025",2025-01-21,2024-12-07,164
"8501","MATH","2411","Calculus II","Spring 2025",2025-01-21,2024-12-07,107
"8502","MATH","2830","Introductory Statistics","Spring 2025",2025-01-21,2024-12-07,106
"8503","MATH","1010","Math for Liberal Arts","Spring 2025",2025-01-21,2024-12-08,47
"8504","MATH","1060","Finite Mathematics","Spring 2025",2025-01-21,2024-12-08,21
"8505","MATH","1110","College Algebra","Spring 2025",2025-01-21,2024-12-08,16
"8506","MATH","1401","Calculus I","Spring 2025",2025-01-21,2024-12-08,165
"8507","MATH","2411","Calculus II","Spring 2025",2025-01-21,2024-12-08,108
"8508","MATH","2830","Introductory Statistics","Spring 2025",2025-01-21,2024-12-08,105
"8509","MATH","1010","Math for Liberal Arts","Spring 2025",2025-01-21,2024-12-09,49
"8510","MATH","1060","Finite Mathematics","Spring 2025",2025-01-21,2024-12-09,23
"8511","MATH","1110","College Algebra","Spring 2025",2025-01-21,2024-12-09,17
"8512","MATH","1401","Calculus I","Spring 2025",2025-01-21,2024-12-09,166
"8513","MATH","2411","Calculus II","Spring 2025",2025-01-21,2024-12-09,110
"8514","MATH","2830","Introductory Statistics","Spring 2025",2025-01-21,2024-12-09,104
"8515","MATH","1010","Math for Liberal Arts","Spring 2025",2025-01-21,2024-12-10,50
"8516","MATH","1060","Finite Mathematics","Spring 2025",2025-01-21,2024-12-10,25
"8517","MATH","1110","College Algebra","Spring 2025",2025-01-21,2024-12-10,17
"8518","MATH","1401","Calculus I","Spring 2025",2025-01-21,2024-12-10,167
"8519","MATH","2411","Calculus II","Spring 2025",2025-01-21,2024-12-10,112
"8520","MATH","2830","Introductory Statistics","Spring 2025",2025-01-21,2024-12-10,103
"8521","MATH","1010","Math for Liberal Arts","Spring 2025",2025-01-21,2024-12-11,51
"8522","MATH","1060","Finite Mathematics","Spring 2025",2025-01-21,2024-12-11,28
"8523","MATH","1110","College Algebra","Spring 2025",2025-01-21,2024-12-11,17
"8524","MATH","1401","Calculus I","Spring 2025",2025-01-21,2024-12-11,168
"8525","MATH","2411","Calculus II","Spring 2025",2025-01-21,2024-12-11,112
"8526","MATH","2830","Introductory Statistics","Spring 2025",2025-01-21,2024-12-11,109
"8527","MATH","1010","Math for Liberal Arts","Spring 2025",2025-01-21,2024-12-12,52
"8528","MATH","1060","Finite Mathematics","Spring 2025",2025-01-21,2024-12-12,27
"8529","MATH","1110","College Algebra","Spring 2025",2025-01-21,2024-12-12,18
"8530","MATH","1401","Calculus I","Spring 2025",2025-01-21,2024-12-12,166
"8531","MATH","2411","Calculus II","Spring 2025",2025-01-21,2024-12-12,114
"8532","MATH","2830","Introductory Statistics","Spring 2025",2025-01-21,2024-12-12,110
"8533","MATH","1010","Math for Liberal Arts","Spring 2025",2025-01-21,2024-12-13,53
"8534","MATH","1060","Finite Mathematics","Spring 2025",2025-01-21,2024-12-13,27
"8535","MATH","1110","College Algebra","Spring 2025",2025-01-21,2024-12-13,18
"8536","MATH","1401","Calculus I","Spring 2025",2025-01-21,2024-12-13,165
"8537","MATH","2411","Calculus II","Spring 2025",2025-01-21,2024-12-13,117
"8538","MATH","2830","Introductory Statistics","Spring 2025",2025-01-21,2024-12-13,113
"8539","MATH","1010","Math for Liberal Arts","Spring 2025",2025-01-21,2024-12-14,53
"8540","MATH","1060","Finite Mathematics","Spring 2025",2025-01-21,2024-12-14,27
"8541","MATH","1110","College Algebra","Spring 2025",2025-01-21,2024-12-14,18
"8542","MATH","1401","Calculus I","Spring 2025",2025-01-21,2024-12-14,172
"8543","MATH","2411","Calculus II","Spring 2025",2025-01-21,2024-12-14,117
"8544","MATH","2830","Introductory Statistics","Spring 2025",2025-01-21,2024-12-14,112
"8545","MATH","1010","Math for Liberal Arts","Spring 2025",2025-01-21,2024-12-15,53
"8546","MATH","1060","Finite Mathematics","Spring 2025",2025-01-21,2024-12-15,29
"8547","MATH","1110","College Algebra","Spring 2025",2025-01-21,2024-12-15,18
"8548","MATH","1401","Calculus I","Spring 2025",2025-01-21,2024-12-15,173
"8549","MATH","2411","Calculus II","Spring 2025",2025-01-21,2024-12-15,117
"8550","MATH","2830","Introductory Statistics","Spring 2025",2025-01-21,2024-12-15,112
"8551","MATH","1010","Math for Liberal Arts","Spring 2025",2025-01-21,2024-12-16,54
"8552","MATH","1060","Finite Mathematics","Spring 2025",2025-01-21,2024-12-16,30
"8553","MATH","1110","College Algebra","Spring 2025",2025-01-21,2024-12-16,18
"8554","MATH","1401","Calculus I","Spring 2025",2025-01-21,2024-12-16,174
"8555","MATH","2411","Calculus II","Spring 2025",2025-01-21,2024-12-16,119
"8556","MATH","2830","Introductory Statistics","Spring 2025",2025-01-21,2024-12-16,114
"8557","MATH","1010","Math for Liberal Arts","Spring 2025",2025-01-21,2024-12-17,54
"8558","MATH","1060","Finite Mathematics","Spring 2025",2025-01-21,2024-12-17,31
"8559","MATH","1110","College Algebra","Spring 2025",2025-01-21,2024-12-17,21
"8560","MATH","1401","Calculus I","Spring 2025",2025-01-21,2024-12-17,180
"8561","MATH","2411","Calculus II","Spring 2025",2025-01-21,2024-12-17,120
"8562","MATH","2830","Introductory Statistics","Spring 2025",2025-01-21,2024-12-17,115
"8563","MATH","1010","Math for Liberal Arts","Spring 2025",2025-01-21,2024-12-18,57
"8564","MATH","1060","Finite Mathematics","Spring 2025",2025-01-21,2024-12-18,32
"8565","MATH","1110","College Algebra","Spring 2025",2025-01-21,2024-12-18,22
"8566","MATH","1401","Calculus I","Spring 2025",2025-01-21,2024-12-18,180
"8567","MATH","2411","Calculus II","Spring 2025",2025-01-21,2024-12-18,122
"8568","MATH","2830","Introductory Statistics","Spring 2025",2025-01-21,2024-12-18,116
"8569","MATH","1010","Math for Liberal Arts","Spring 2025",2025-01-21,2024-12-19,59
"8570","MATH","1060","Finite Mathematics","Spring 2025",2025-01-21,2024-12-19,32
"8571","MATH","1110","College Algebra","Spring 2025",2025-01-21,2024-12-19,23
"8572","MATH","1401","Calculus I","Spring 2025",2025-01-21,2024-12-19,180
"8573","MATH","2411","Calculus II","Spring 2025",2025-01-21,2024-12-19,123
"8574","MATH","2830","Introductory Statistics","Spring 2025",2025-01-21,2024-12-19,117
"8575","MATH","1010","Math for Liberal Arts","Spring 2025",2025-01-21,2024-12-20,63
"8576","MATH","1060","Finite Mathematics","Spring 2025",2025-01-21,2024-12-20,32
"8577","MATH","1110","College Algebra","Spring 2025",2025-01-21,2024-12-20,25
"8578","MATH","1401","Calculus I","Spring 2025",2025-01-21,2024-12-20,186
"8579","MATH","2411","Calculus II","Spring 2025",2025-01-21,2024-12-20,127
"8580","MATH","2830","Introductory Statistics","Spring 2025",2025-01-21,2024-12-20,117
"8581","MATH","1010","Math for Liberal Arts","Spring 2025",2025-01-21,2024-12-21,64
"8582","MATH","1060","Finite Mathematics","Spring 2025",2025-01-21,2024-12-21,33
"8583","MATH","1110","College Algebra","Spring 2025",2025-01-21,2024-12-21,25
"8584","MATH","1401","Calculus I","Spring 2025",2025-01-21,2024-12-21,187
"8585","MATH","2411","Calculus II","Spring 2025",2025-01-21,2024-12-21,127
"8586","MATH","2830","Introductory Statistics","Spring 2025",2025-01-21,2024-12-21,118
"8587","MATH","1010","Math for Liberal Arts","Spring 2025",2025-01-21,2024-12-22,65
"8588","MATH","1060","Finite Mathematics","Spring 2025",2025-01-21,2024-12-22,33
"8589","MATH","1110","College Algebra","Spring 2025",2025-01-21,2024-12-22,26
"8590","MATH","1401","Calculus I","Spring 2025",2025-01-21,2024-12-22,189
"8591","MATH","2411","Calculus II","Spring 2025",2025-01-21,2024-12-22,128
"8592","MATH","2830","Introductory Statistics","Spring 2025",2025-01-21,2024-12-22,118
"8593","MATH","1010","Math for Liberal Arts","Spring 2025",2025-01-21,2024-12-23,65
"8594","MATH","1060","Finite Mathematics","Spring 2025",2025-01-21,2024-12-23,33
"8595","MATH","1110","College Algebra","Spring 2025",2025-01-21,2024-12-23,26
"8596","MATH","1401","Calculus I","Spring 2025",2025-01-21,2024-12-23,188
"8597","MATH","2411","Calculus II","Spring 2025",2025-01-21,2024-12-23,128
"8598","MATH","2830","Introductory Statistics","Spring 2025",2025-01-21,2024-12-23,118
"8599","MATH","1010","Math for Liberal Arts","Spring 2025",2025-01-21,2024-12-24,66
"8600","MATH","1060","Finite Mathematics","Spring 2025",2025-01-21,2024-12-24,33
"8601","MATH","1110","College Algebra","Spring 2025",2025-01-21,2024-12-24,26
"8602","MATH","1401","Calculus I","Spring 2025",2025-01-21,2024-12-24,188
"8603","MATH","2411","Calculus II","Spring 2025",2025-01-21,2024-12-24,127
"8604","MATH","2830","Introductory Statistics","Spring 2025",2025-01-21,2024-12-24,118
"8605","MATH","1010","Math for Liberal Arts","Spring 2025",2025-01-21,2024-12-25,67
"8606","MATH","1060","Finite Mathematics","Spring 2025",2025-01-21,2024-12-25,33
"8607","MATH","1110","College Algebra","Spring 2025",2025-01-21,2024-12-25,27
"8608","MATH","1401","Calculus I","Spring 2025",2025-01-21,2024-12-25,188
"8609","MATH","2411","Calculus II","Spring 2025",2025-01-21,2024-12-25,129
"8610","MATH","2830","Introductory Statistics","Spring 2025",2025-01-21,2024-12-25,118
"8611","MATH","1010","Math for Liberal Arts","Spring 2025",2025-01-21,2024-12-26,66
"8612","MATH","1060","Finite Mathematics","Spring 2025",2025-01-21,2024-12-26,34
"8613","MATH","1110","College Algebra","Spring 2025",2025-01-21,2024-12-26,27
"8614","MATH","1401","Calculus I","Spring 2025",2025-01-21,2024-12-26,188
"8615","MATH","2411","Calculus II","Spring 2025",2025-01-21,2024-12-26,130
"8616","MATH","2830","Introductory Statistics","Spring 2025",2025-01-21,2024-12-26,119
"8617","MATH","1010","Math for Liberal Arts","Spring 2025",2025-01-21,2024-12-27,66
"8618","MATH","1060","Finite Mathematics","Spring 2025",2025-01-21,2024-12-27,35
"8619","MATH","1110","College Algebra","Spring 2025",2025-01-21,2024-12-27,27
"8620","MATH","1401","Calculus I","Spring 2025",2025-01-21,2024-12-27,188
"8621","MATH","2411","Calculus II","Spring 2025",2025-01-21,2024-12-27,130
"8622","MATH","2830","Introductory Statistics","Spring 2025",2025-01-21,2024-12-27,120
"8623","MATH","1010","Math for Liberal Arts","Spring 2025",2025-01-21,2024-12-28,66
"8624","MATH","1060","Finite Mathematics","Spring 2025",2025-01-21,2024-12-28,36
"8625","MATH","1110","College Algebra","Spring 2025",2025-01-21,2024-12-28,27
"8626","MATH","1401","Calculus I","Spring 2025",2025-01-21,2024-12-28,187
"8627","MATH","2411","Calculus II","Spring 2025",2025-01-21,2024-12-28,130
"8628","MATH","2830","Introductory Statistics","Spring 2025",2025-01-21,2024-12-28,120
"8629","MATH","1010","Math for Liberal Arts","Spring 2025",2025-01-21,2024-12-29,67
"8630","MATH","1060","Finite Mathematics","Spring 2025",2025-01-21,2024-12-29,38
"8631","MATH","1110","College Algebra","Spring 2025",2025-01-21,2024-12-29,27
"8632","MATH","1401","Calculus I","Spring 2025",2025-01-21,2024-12-29,187
"8633","MATH","2411","Calculus II","Spring 2025",2025-01-21,2024-12-29,130
"8634","MATH","2830","Introductory Statistics","Spring 2025",2025-01-21,2024-12-29,120
"8635","MATH","1010","Math for Liberal Arts","Spring 2025",2025-01-21,2024-12-30,67
"8636","MATH","1060","Finite Mathematics","Spring 2025",2025-01-21,2024-12-30,38
"8637","MATH","1110","College Algebra","Spring 2025",2025-01-21,2024-12-30,27
"8638","MATH","1401","Calculus I","Spring 2025",2025-01-21,2024-12-30,187
"8639","MATH","2411","Calculus II","Spring 2025",2025-01-21,2024-12-30,130
"8640","MATH","2830","Introductory Statistics","Spring 2025",2025-01-21,2024-12-30,120
"8641","MATH","1010","Math for Liberal Arts","Spring 2025",2025-01-21,2024-12-31,67
"8642","MATH","1060","Finite Mathematics","Spring 2025",2025-01-21,2024-12-31,39
"8643","MATH","1110","College Algebra","Spring 2025",2025-01-21,2024-12-31,28
"8644","MATH","1401","Calculus I","Spring 2025",2025-01-21,2024-12-31,192
"8645","MATH","2411","Calculus II","Spring 2025",2025-01-21,2024-12-31,130
"8646","MATH","2830","Introductory Statistics","Spring 2025",2025-01-21,2024-12-31,120
"8647","MATH","1010","Math for Liberal Arts","Spring 2025",2025-01-21,2025-01-01,67
"8648","MATH","1060","Finite Mathematics","Spring 2025",2025-01-21,2025-01-01,40
"8649","MATH","1110","College Algebra","Spring 2025",2025-01-21,2025-01-01,28
"8650","MATH","1401","Calculus I","Spring 2025",2025-01-21,2025-01-01,192
"8651","MATH","2411","Calculus II","Spring 2025",2025-01-21,2025-01-01,132
"8652","MATH","2830","Introductory Statistics","Spring 2025",2025-01-21,2025-01-01,120
"8653","MATH","1010","Math for Liberal Arts","Spring 2025",2025-01-21,2025-01-02,67
"8654","MATH","1060","Finite Mathematics","Spring 2025",2025-01-21,2025-01-02,39
"8655","MATH","1110","College Algebra","Spring 2025",2025-01-21,2025-01-02,28
"8656","MATH","1401","Calculus I","Spring 2025",2025-01-21,2025-01-02,193
"8657","MATH","2411","Calculus II","Spring 2025",2025-01-21,2025-01-02,133
"8658","MATH","2830","Introductory Statistics","Spring 2025",2025-01-21,2025-01-02,120
"8659","MATH","1010","Math for Liberal Arts","Spring 2025",2025-01-21,2025-01-03,67
"8660","MATH","1060","Finite Mathematics","Spring 2025",2025-01-21,2025-01-03,39
"8661","MATH","1110","College Algebra","Spring 2025",2025-01-21,2025-01-03,28
"8662","MATH","1401","Calculus I","Spring 2025",2025-01-21,2025-01-03,195
"8663","MATH","2411","Calculus II","Spring 2025",2025-01-21,2025-01-03,133
"8664","MATH","2830","Introductory Statistics","Spring 2025",2025-01-21,2025-01-03,120
"8665","MATH","1010","Math for Liberal Arts","Spring 2025",2025-01-21,2025-01-04,68
"8666","MATH","1060","Finite Mathematics","Spring 2025",2025-01-21,2025-01-04,39
"8667","MATH","1110","College Algebra","Spring 2025",2025-01-21,2025-01-04,29
"8668","MATH","1401","Calculus I","Spring 2025",2025-01-21,2025-01-04,200
"8669","MATH","2411","Calculus II","Spring 2025",2025-01-21,2025-01-04,132
"8670","MATH","2830","Introductory Statistics","Spring 2025",2025-01-21,2025-01-04,119
"8671","MATH","1010","Math for Liberal Arts","Spring 2025",2025-01-21,2025-01-05,69
"8672","MATH","1060","Finite Mathematics","Spring 2025",2025-01-21,2025-01-05,39
"8673","MATH","1110","College Algebra","Spring 2025",2025-01-21,2025-01-05,30
"8674","MATH","1401","Calculus I","Spring 2025",2025-01-21,2025-01-05,202
"8675","MATH","2411","Calculus II","Spring 2025",2025-01-21,2025-01-05,132
"8676","MATH","2830","Introductory Statistics","Spring 2025",2025-01-21,2025-01-05,119
"8677","MATH","1010","Math for Liberal Arts","Spring 2025",2025-01-21,2025-01-06,70
"8678","MATH","1060","Finite Mathematics","Spring 2025",2025-01-21,2025-01-06,40
"8679","MATH","1110","College Algebra","Spring 2025",2025-01-21,2025-01-06,30
"8680","MATH","1401","Calculus I","Spring 2025",2025-01-21,2025-01-06,202
"8681","MATH","2411","Calculus II","Spring 2025",2025-01-21,2025-01-06,132
"8682","MATH","2830","Introductory Statistics","Spring 2025",2025-01-21,2025-01-06,119
"8683","MATH","1010","Math for Liberal Arts","Spring 2025",2025-01-21,2025-01-07,71
"8684","MATH","1060","Finite Mathematics","Spring 2025",2025-01-21,2025-01-07,40
"8685","MATH","1110","College Algebra","Spring 2025",2025-01-21,2025-01-07,30
"8686","MATH","1401","Calculus I","Spring 2025",2025-01-21,2025-01-07,203
"8687","MATH","2411","Calculus II","Spring 2025",2025-01-21,2025-01-07,131
"8688","MATH","2830","Introductory Statistics","Spring 2025",2025-01-21,2025-01-07,125
"8689","MATH","1010","Math for Liberal Arts","Spring 2025",2025-01-21,2025-01-08,73
"8690","MATH","1060","Finite Mathematics","Spring 2025",2025-01-21,2025-01-08,42
"8691","MATH","1110","College Algebra","Spring 2025",2025-01-21,2025-01-08,31
"8692","MATH","1401","Calculus I","Spring 2025",2025-01-21,2025-01-08,205
"8693","MATH","2411","Calculus II","Spring 2025",2025-01-21,2025-01-08,134
"8694","MATH","2830","Introductory Statistics","Spring 2025",2025-01-21,2025-01-08,127
"8695","MATH","1010","Math for Liberal Arts","Spring 2025",2025-01-21,2025-01-09,77
"8696","MATH","1060","Finite Mathematics","Spring 2025",2025-01-21,2025-01-09,43
"8697","MATH","1110","College Algebra","Spring 2025",2025-01-21,2025-01-09,31
"8698","MATH","1401","Calculus I","Spring 2025",2025-01-21,2025-01-09,209
"8699","MATH","2411","Calculus II","Spring 2025",2025-01-21,2025-01-09,134
"8700","MATH","2830","Introductory Statistics","Spring 2025",2025-01-21,2025-01-09,126
"8701","MATH","1010","Math for Liberal Arts","Spring 2025",2025-01-21,2025-01-10,77
"8702","MATH","1060","Finite Mathematics","Spring 2025",2025-01-21,2025-01-10,44
"8703","MATH","1110","College Algebra","Spring 2025",2025-01-21,2025-01-10,30
"8704","MATH","1401","Calculus I","Spring 2025",2025-01-21,2025-01-10,212
"8705","MATH","2411","Calculus II","Spring 2025",2025-01-21,2025-01-10,135
"8706","MATH","2830","Introductory Statistics","Spring 2025",2025-01-21,2025-01-10,126
"8707","MATH","1010","Math for Liberal Arts","Spring 2025",2025-01-21,2025-01-11,78
"8708","MATH","1060","Finite Mathematics","Spring 2025",2025-01-21,2025-01-11,47
"8709","MATH","1110","College Algebra","Spring 2025",2025-01-21,2025-01-11,33
"8710","MATH","1401","Calculus I","Spring 2025",2025-01-21,2025-01-11,216
"8711","MATH","2411","Calculus II","Spring 2025",2025-01-21,2025-01-11,133
"8712","MATH","2830","Introductory Statistics","Spring 2025",2025-01-21,2025-01-11,127
"8713","MATH","1010","Math for Liberal Arts","Spring 2025",2025-01-21,2025-01-12,79
"8714","MATH","1060","Finite Mathematics","Spring 2025",2025-01-21,2025-01-12,48
"8715","MATH","1110","College Algebra","Spring 2025",2025-01-21,2025-01-12,33
"8716","MATH","1401","Calculus I","Spring 2025",2025-01-21,2025-01-12,218
"8717","MATH","2411","Calculus II","Spring 2025",2025-01-21,2025-01-12,133
"8718","MATH","2830","Introductory Statistics","Spring 2025",2025-01-21,2025-01-12,127
"8719","MATH","1010","Math for Liberal Arts","Spring 2025",2025-01-21,2025-01-13,80
"8720","MATH","1060","Finite Mathematics","Spring 2025",2025-01-21,2025-01-13,51
"8721","MATH","1110","College Algebra","Spring 2025",2025-01-21,2025-01-13,33
"8722","MATH","1401","Calculus I","Spring 2025",2025-01-21,2025-01-13,220
"8723","MATH","2411","Calculus II","Spring 2025",2025-01-21,2025-01-13,133
"8724","MATH","2830","Introductory Statistics","Spring 2025",2025-01-21,2025-01-13,126
"8725","MATH","1010","Math for Liberal Arts","Spring 2025",2025-01-21,2025-01-14,81
"8726","MATH","1060","Finite Mathematics","Spring 2025",2025-01-21,2025-01-14,53
"8727","MATH","1110","College Algebra","Spring 2025",2025-01-21,2025-01-14,33
"8728","MATH","1401","Calculus I","Spring 2025",2025-01-21,2025-01-14,224
"8729","MATH","2411","Calculus II","Spring 2025",2025-01-21,2025-01-14,135
"8730","MATH","2830","Introductory Statistics","Spring 2025",2025-01-21,2025-01-14,127
"8731","MATH","1010","Math for Liberal Arts","Spring 2025",2025-01-21,2025-01-15,84
"8732","MATH","1060","Finite Mathematics","Spring 2025",2025-01-21,2025-01-15,59
"8733","MATH","1110","College Algebra","Spring 2025",2025-01-21,2025-01-15,34
"8734","MATH","1401","Calculus I","Spring 2025",2025-01-21,2025-01-15,229
"8735","MATH","2411","Calculus II","Spring 2025",2025-01-21,2025-01-15,137
"8736","MATH","2830","Introductory Statistics","Spring 2025",2025-01-21,2025-01-15,129
"8737","MATH","1010","Math for Liberal Arts","Spring 2025",2025-01-21,2025-01-16,86
"8738","MATH","1060","Finite Mathematics","Spring 2025",2025-01-21,2025-01-16,59
"8739","MATH","1110","College Algebra","Spring 2025",2025-01-21,2025-01-16,35
"8740","MATH","1401","Calculus I","Spring 2025",2025-01-21,2025-01-16,232
"8741","MATH","2411","Calculus II","Spring 2025",2025-01-21,2025-01-16,139
"8742","MATH","2830","Introductory Statistics","Spring 2025",2025-01-21,2025-01-16,128
"8743","MATH","1010","Math for Liberal Arts","Spring 2025",2025-01-21,2025-01-17,87
"8744","MATH","1060","Finite Mathematics","Spring 2025",2025-01-21,2025-01-17,62
"8745","MATH","1110","College Algebra","Spring 2025",2025-01-21,2025-01-17,36
"8746","MATH","1401","Calculus I","Spring 2025",2025-01-21,2025-01-17,236
"8747","MATH","2411","Calculus II","Spring 2025",2025-01-21,2025-01-17,144
"8748","MATH","2830","Introductory Statistics","Spring 2025",2025-01-21,2025-01-17,128
"8749","MATH","1010","Math for Liberal Arts","Spring 2025",2025-01-21,2025-01-18,89
"8750","MATH","1060","Finite Mathematics","Spring 2025",2025-01-21,2025-01-18,63
"8751","MATH","1110","College Algebra","Spring 2025",2025-01-21,2025-01-18,36
"8752","MATH","1401","Calculus I","Spring 2025",2025-01-21,2025-01-18,236
"8753","MATH","2411","Calculus II","Spring 2025",2025-01-21,2025-01-18,144
"8754","MATH","2830","Introductory Statistics","Spring 2025",2025-01-21,2025-01-18,128
"8755","MATH","1010","Math for Liberal Arts","Spring 2025",2025-01-21,2025-01-19,89
"8756","MATH","1060","Finite Mathematics","Spring 2025",2025-01-21,2025-01-19,68
"8757","MATH","1110","College Algebra","Spring 2025",2025-01-21,2025-01-19,36
"8758","MATH","1401","Calculus I","Spring 2025",2025-01-21,2025-01-19,237
"8759","MATH","2411","Calculus II","Spring 2025",2025-01-21,2025-01-19,146
"8760","MATH","2830","Introductory Statistics","Spring 2025",2025-01-21,2025-01-19,129
"8761","MATH","1010","Math for Liberal Arts","Spring 2025",2025-01-21,2025-01-20,89
"8762","MATH","1060","Finite Mathematics","Spring 2025",2025-01-21,2025-01-20,69
"8763","MATH","1110","College Algebra","Spring 2025",2025-01-21,2025-01-20,37
"8764","MATH","1401","Calculus I","Spring 2025",2025-01-21,2025-01-20,239
"8765","MATH","2411","Calculus II","Spring 2025",2025-01-21,2025-01-20,146
"8766","MATH","2830","Introductory Statistics","Spring 2025",2025-01-21,2025-01-20,129
"8767","MATH","1010","Math for Liberal Arts","Spring 2025",2025-01-21,2025-01-21,94
"8768","MATH","1060","Finite Mathematics","Spring 2025",2025-01-21,2025-01-21,70
"8769","MATH","1110","College Algebra","Spring 2025",2025-01-21,2025-01-21,40
"8770","MATH","1401","Calculus I","Spring 2025",2025-01-21,2025-01-21,242
"8771","MATH","2411","Calculus II","Spring 2025",2025-01-21,2025-01-21,146
"8772","MATH","2830","Introductory Statistics","Spring 2025",2025-01-21,2025-01-21,128
"8773","MATH","1010","Math for Liberal Arts","Spring 2025",2025-01-21,2025-01-22,94
"8774","MATH","1060","Finite Mathematics","Spring 2025",2025-01-21,2025-01-22,73
"8775","MATH","1110","College Algebra","Spring 2025",2025-01-21,2025-01-22,41
"8776","MATH","1401","Calculus I","Spring 2025",2025-01-21,2025-01-22,250
"8777","MATH","2411","Calculus II","Spring 2025",2025-01-21,2025-01-22,144
"8778","MATH","2830","Introductory Statistics","Spring 2025",2025-01-21,2025-01-22,128
"8779","MATH","1010","Math for Liberal Arts","Spring 2025",2025-01-21,2025-01-23,92
"8780","MATH","1060","Finite Mathematics","Spring 2025",2025-01-21,2025-01-23,74
"8781","MATH","1110","College Algebra","Spring 2025",2025-01-21,2025-01-23,42
"8782","MATH","1401","Calculus I","Spring 2025",2025-01-21,2025-01-23,252
"8783","MATH","2411","Calculus II","Spring 2025",2025-01-21,2025-01-23,147
"8784","MATH","2830","Introductory Statistics","Spring 2025",2025-01-21,2025-01-23,127
"8785","MATH","1010","Math for Liberal Arts","Spring 2025",2025-01-21,2025-01-24,93
"8786","MATH","1060","Finite Mathematics","Spring 2025",2025-01-21,2025-01-24,75
"8787","MATH","1110","College Algebra","Spring 2025",2025-01-21,2025-01-24,42
"8788","MATH","1401","Calculus I","Spring 2025",2025-01-21,2025-01-24,254
"8789","MATH","2411","Calculus II","Spring 2025",2025-01-21,2025-01-24,150
"8790","MATH","2830","Introductory Statistics","Spring 2025",2025-01-21,2025-01-24,128
"8791","MATH","1010","Math for Liberal Arts","Spring 2025",2025-01-21,2025-01-25,94
"8792","MATH","1060","Finite Mathematics","Spring 2025",2025-01-21,2025-01-25,75
"8793","MATH","1110","College Algebra","Spring 2025",2025-01-21,2025-01-25,43
"8794","MATH","1401","Calculus I","Spring 2025",2025-01-21,2025-01-25,255
"8795","MATH","2411","Calculus II","Spring 2025",2025-01-21,2025-01-25,150
"8796","MATH","2830","Introductory Statistics","Spring 2025",2025-01-21,2025-01-25,128
"8797","MATH","1010","Math for Liberal Arts","Spring 2025",2025-01-21,2025-01-26,95
"8798","MATH","1060","Finite Mathematics","Spring 2025",2025-01-21,2025-01-26,76
"8799","MATH","1110","College Algebra","Spring 2025",2025-01-21,2025-01-26,42
"8800","MATH","1401","Calculus I","Spring 2025",2025-01-21,2025-01-26,254
"8801","MATH","2411","Calculus II","Spring 2025",2025-01-21,2025-01-26,149
"8802","MATH","2830","Introductory Statistics","Spring 2025",2025-01-21,2025-01-26,128
"8803","MATH","1010","Math for Liberal Arts","Spring 2025",2025-01-21,2025-01-27,95
"8804","MATH","1060","Finite Mathematics","Spring 2025",2025-01-21,2025-01-27,76
"8805","MATH","1110","College Algebra","Spring 2025",2025-01-21,2025-01-27,42
"8806","MATH","1401","Calculus I","Spring 2025",2025-01-21,2025-01-27,256
"8807","MATH","2411","Calculus II","Spring 2025",2025-01-21,2025-01-27,148
"8808","MATH","2830","Introductory Statistics","Spring 2025",2025-01-21,2025-01-27,128
"8809","MATH","1010","Math for Liberal Arts","Spring 2025",2025-01-21,2025-01-28,94
"8810","MATH","1060","Finite Mathematics","Spring 2025",2025-01-21,2025-01-28,76
"8811","MATH","1110","College Algebra","Spring 2025",2025-01-21,2025-01-28,42
"8812","MATH","1401","Calculus I","Spring 2025",2025-01-21,2025-01-28,251
"8813","MATH","2411","Calculus II","Spring 2025",2025-01-21,2025-01-28,148
"8814","MATH","2830","Introductory Statistics","Spring 2025",2025-01-21,2025-01-28,126
"8815","MATH","1010","Math for Liberal Arts","Spring 2025",2025-01-21,2025-01-29,91
"8816","MATH","1060","Finite Mathematics","Spring 2025",2025-01-21,2025-01-29,75
"8817","MATH","1110","College Algebra","Spring 2025",2025-01-21,2025-01-29,42
"8818","MATH","1401","Calculus I","Spring 2025",2025-01-21,2025-01-29,256
"8819","MATH","2411","Calculus II","Spring 2025",2025-01-21,2025-01-29,147
"8820","MATH","2830","Introductory Statistics","Spring 2025",2025-01-21,2025-01-29,127
"8821","MATH","1010","Math for Liberal Arts","Spring 2025",2025-01-21,2025-01-30,88
"8822","MATH","1060","Finite Mathematics","Spring 2025",2025-01-21,2025-01-30,75
"8823","MATH","1110","College Algebra","Spring 2025",2025-01-21,2025-01-30,42
"8824","MATH","1401","Calculus I","Spring 2025",2025-01-21,2025-01-30,256
"8825","MATH","2411","Calculus II","Spring 2025",2025-01-21,2025-01-30,145
"8826","MATH","2830","Introductory Statistics","Spring 2025",2025-01-21,2025-01-30,127
"8827","MATH","1010","Math for Liberal Arts","Spring 2025",2025-01-21,2025-01-31,89
"8828","MATH","1060","Finite Mathematics","Spring 2025",2025-01-21,2025-01-31,74
"8829","MATH","1110","College Algebra","Spring 2025",2025-01-21,2025-01-31,42
"8830","MATH","1401","Calculus I","Spring 2025",2025-01-21,2025-01-31,260
"8831","MATH","2411","Calculus II","Spring 2025",2025-01-21,2025-01-31,146
"8832","MATH","2830","Introductory Statistics","Spring 2025",2025-01-21,2025-01-31,129
"8833","MATH","1010","Math for Liberal Arts","Spring 2025",2025-01-21,2025-02-01,89
"8834","MATH","1060","Finite Mathematics","Spring 2025",2025-01-21,2025-02-01,74
"8835","MATH","1110","College Algebra","Spring 2025",2025-01-21,2025-02-01,43
"8836","MATH","1401","Calculus I","Spring 2025",2025-01-21,2025-02-01,259
"8837","MATH","2411","Calculus II","Spring 2025",2025-01-21,2025-02-01,146
"8838","MATH","2830","Introductory Statistics","Spring 2025",2025-01-21,2025-02-01,129
"8839","MATH","1010","Math for Liberal Arts","Spring 2025",2025-01-21,2025-02-02,89
"8840","MATH","1060","Finite Mathematics","Spring 2025",2025-01-21,2025-02-02,74
"8841","MATH","1110","College Algebra","Spring 2025",2025-01-21,2025-02-02,43
"8842","MATH","1401","Calculus I","Spring 2025",2025-01-21,2025-02-02,259
"8843","MATH","2411","Calculus II","Spring 2025",2025-01-21,2025-02-02,146
"8844","MATH","2830","Introductory Statistics","Spring 2025",2025-01-21,2025-02-02,129
"8845","MATH","1010","Math for Liberal Arts","Spring 2025",2025-01-21,2025-02-03,88
"8846","MATH","1060","Finite Mathematics","Spring 2025",2025-01-21,2025-02-03,74
"8847","MATH","1110","College Algebra","Spring 2025",2025-01-21,2025-02-03,43
"8848","MATH","1401","Calculus I","Spring 2025",2025-01-21,2025-02-03,259
"8849","MATH","2411","Calculus II","Spring 2025",2025-01-21,2025-02-03,145
"8850","MATH","2830","Introductory Statistics","Spring 2025",2025-01-21,2025-02-03,129
"8851","MATH","1010","Math for Liberal Arts","Spring 2025",2025-01-21,2025-02-04,87
"8852","MATH","1060","Finite Mathematics","Spring 2025",2025-01-21,2025-02-04,74
"8853","MATH","1110","College Algebra","Spring 2025",2025-01-21,2025-02-04,43
"8854","MATH","1401","Calculus I","Spring 2025",2025-01-21,2025-02-04,259
"8855","MATH","2411","Calculus II","Spring 2025",2025-01-21,2025-02-04,144
"8856","MATH","2830","Introductory Statistics","Spring 2025",2025-01-21,2025-02-04,129
"8857","MATH","1010","Math for Liberal Arts","Spring 2025",2025-01-21,2025-02-05,87
"8858","MATH","1060","Finite Mathematics","Spring 2025",2025-01-21,2025-02-05,72
"8859","MATH","1110","College Algebra","Spring 2025",2025-01-21,2025-02-05,43
"8860","MATH","1401","Calculus I","Spring 2025",2025-01-21,2025-02-05,260
"8861","MATH","2411","Calculus II","Spring 2025",2025-01-21,2025-02-05,144
"8862","MATH","2830","Introductory Statistics","Spring 2025",2025-01-21,2025-02-05,129
"8863","MATH","1010","Math for Liberal Arts","Spring 2025",2025-01-21,2025-02-06,88
"8864","MATH","1060","Finite Mathematics","Spring 2025",2025-01-21,2025-02-06,72
"8865","MATH","1110","College Algebra","Spring 2025",2025-01-21,2025-02-06,43
"8866","MATH","1401","Calculus I","Spring 2025",2025-01-21,2025-02-06,260
"8867","MATH","2411","Calculus II","Spring 2025",2025-01-21,2025-02-06,143
"8868","MATH","2830","Introductory Statistics","Spring 2025",2025-01-21,2025-02-06,128
"8869","MATH","1010","Math for Liberal Arts","Spring 2025",2025-01-21,2025-02-07,88
"8870","MATH","1060","Finite Mathematics","Spring 2025",2025-01-21,2025-02-07,72
"8871","MATH","1110","College Algebra","Spring 2025",2025-01-21,2025-02-07,43
"8872","MATH","1401","Calculus I","Spring 2025",2025-01-21,2025-02-07,261
"8873","MATH","2411","Calculus II","Spring 2025",2025-01-21,2025-02-07,144
"8874","MATH","2830","Introductory Statistics","Spring 2025",2025-01-21,2025-02-07,128
"8875","MATH","1010","Math for Liberal Arts","Spring 2025",2025-01-21,2025-02-08,88
"8876","MATH","1060","Finite Mathematics","Spring 2025",2025-01-21,2025-02-08,72
"8877","MATH","1110","College Algebra","Spring 2025",2025-01-21,2025-02-08,43
"8878","MATH","1401","Calculus I","Spring 2025",2025-01-21,2025-02-08,261
"8879","MATH","2411","Calculus II","Spring 2025",2025-01-21,2025-02-08,144
"8880","MATH","2830","Introductory Statistics","Spring 2025",2025-01-21,2025-02-08,128
"8881","MATH","1010","Math for Liberal Arts","Spring 2025",2025-01-21,2025-02-09,88
"8882","MATH","1060","Finite Mathematics","Spring 2025",2025-01-21,2025-02-09,72
"8883","MATH","1110","College Algebra","Spring 2025",2025-01-21,2025-02-09,43
"8884","MATH","1401","Calculus I","Spring 2025",2025-01-21,2025-02-09,261
"8885","MATH","2411","Calculus II","Spring 2025",2025-01-21,2025-02-09,144
"8886","MATH","2830","Introductory Statistics","Spring 2025",2025-01-21,2025-02-09,128
"8887","MATH","1010","Math for Liberal Arts","Spring 2025",2025-01-21,2025-02-10,88
"8888","MATH","1060","Finite Mathematics","Spring 2025",2025-01-21,2025-02-10,72
"8889","MATH","1110","College Algebra","Spring 2025",2025-01-21,2025-02-10,43
"8890","MATH","1401","Calculus I","Spring 2025",2025-01-21,2025-02-10,261
"8891","MATH","2411","Calculus II","Spring 2025",2025-01-21,2025-02-10,144
"8892","MATH","2830","Introductory Statistics","Spring 2025",2025-01-21,2025-02-10,128
"8893","MATH","1010","Math for Liberal Arts","Spring 2025",2025-01-21,2025-02-11,88
"8894","MATH","1060","Finite Mathematics","Spring 2025",2025-01-21,2025-02-11,72
"8895","MATH","1110","College Algebra","Spring 2025",2025-01-21,2025-02-11,43
"8896","MATH","1401","Calculus I","Spring 2025",2025-01-21,2025-02-11,261
"8897","MATH","2411","Calculus II","Spring 2025",2025-01-21,2025-02-11,144
"8898","MATH","2830","Introductory Statistics","Spring 2025",2025-01-21,2025-02-11,128
